{
  "metadata": {
    "timestamp_utc": "2026-06-15T20:40:08Z",
    "device_tag": "jetson-gpu",
    "power_mode_declared": "MAXN",
    "nvpmodel": "NV Power Mode: 15W 0",
    "platform": {
      "node": "orlando-desktop",
      "machine": "aarch64",
      "system": "Linux",
      "release": "5.15.148-tegra",
      "python": "3.10.12"
    },
    "backend": {
      "name": "onnxruntime",
      "version": "1.24.0"
    },
    "model": {
      "path": "models/cnn_baseline.onnx",
      "sha256": "609015cbb6ed30c7c456a2911a79bd2d303953e269a2d901da138dfcd56eb0dd"
    },
    "thermal_c_start": {
      "cpu-thermal": 51.78,
      "soc2-thermal": 51.5,
      "soc0-thermal": 51.09,
      "gpu-thermal": 51.84,
      "tj-thermal": 51.84,
      "soc1-thermal": 51.69
    },
    "active_providers": [
      "TensorrtExecutionProvider",
      "CUDAExecutionProvider",
      "CPUExecutionProvider"
    ],
    "thermal_c_end": {
      "cpu-thermal": 51.69,
      "soc2-thermal": 51.62,
      "soc0-thermal": 51.16,
      "gpu-thermal": 52.19,
      "tj-thermal": 52.19,
      "soc1-thermal": 51.66
    },
    "input_shape": [
      1,
      3,
      224,
      224
    ],
    "dtype": "float32",
    "warmup": 50,
    "iters": 1000,
    "window": {
      "start_epoch_s": 1781556005.7553632,
      "end_epoch_s": 1781556008.3826203
    }
  },
  "latency_summary": {
    "n": 1000,
    "mean_ms": 2.493009069,
    "std_ms": 0.021561680830502875,
    "min_ms": 2.465333,
    "p50_ms": 2.486869,
    "p90_ms": 2.5164284,
    "p95_ms": 2.5318581499999997,
    "p99_ms": 2.57833087,
    "max_ms": 2.667481,
    "throughput_ips": 401.1216856106832
  },
  "latency_raw_ms": [
    2.478294,
    2.485717,
    2.486486,
    2.483509,
    2.474837,
    2.526838,
    2.485717,
    2.486262,
    2.488149,
    2.489685,
    2.501718,
    2.490134,
    2.478293,
    2.511798,
    2.476693,
    2.504502,
    2.474325,
    2.486357,
    2.480277,
    2.47295,
    2.470581,
    2.472437,
    2.475669,
    2.478934,
    2.473141,
    2.625273,
    2.667481,
    2.561431,
    2.565623,
    2.527415,
    2.51935,
    2.525654,
    2.512182,
    2.520278,
    2.527862,
    2.517302,
    2.572568,
    2.607192,
    2.544119,
    2.609336,
    2.615512,
    2.575192,
    2.53951,
    2.521239,
    2.496757,
    2.492662,
    2.487062,
    2.504085,
    2.522454,
    2.508598,
    2.493781,
    2.545431,
    2.536118,
    2.495286,
    2.501238,
    2.496757,
    2.493942,
    2.494133,
    2.494006,
    2.52959,
    2.489398,
    2.497141,
    2.492086,
    2.495606,
    2.496533,
    2.498422,
    2.500502,
    2.539382,
    2.49391,
    2.498677,
    2.489462,
    2.492757,
    2.518902,
    2.484181,
    2.523702,
    2.489366,
    2.486165,
    2.493846,
    2.584951,
    2.548791,
    2.527542,
    2.493366,
    2.493205,
    2.498742,
    2.490453,
    2.488566,
    2.492405,
    2.507926,
    2.516118,
    2.486774,
    2.489109,
    2.49343,
    2.489685,
    2.502998,
    2.487189,
    2.49935,
    2.506486,
    2.489525,
    2.500534,
    2.505174,
    2.483765,
    2.493686,
    2.489845,
    2.516982,
    2.503094,
    2.496502,
    2.493077,
    2.489878,
    2.492597,
    2.488502,
    2.481333,
    2.495638,
    2.491701,
    2.482901,
    2.488533,
    2.488853,
    2.488246,
    2.493269,
    2.491126,
    2.501782,
    2.519862,
    2.559671,
    2.523638,
    2.507126,
    2.493813,
    2.484374,
    2.482197,
    2.494966,
    2.489013,
    2.49439,
    2.501141,
    2.491606,
    2.496886,
    2.512565,
    2.505301,
    2.509878,
    2.498998,
    2.501366,
    2.539894,
    2.507158,
    2.480821,
    2.492726,
    2.517526,
    2.485365,
    2.497142,
    2.482421,
    2.486646,
    2.491125,
    2.475701,
    2.489942,
    2.484181,
    2.489686,
    2.492533,
    2.49535,
    2.497909,
    2.498709,
    2.483573,
    2.488821,
    2.482421,
    2.485462,
    2.492213,
    2.489974,
    2.500405,
    2.553239,
    2.527414,
    2.51999,
    2.51839,
    2.484341,
    2.49295,
    2.490069,
    2.493494,
    2.513014,
    2.499765,
    2.48639,
    2.516374,
    2.501877,
    2.493589,
    2.489814,
    2.482933,
    2.492757,
    2.48895,
    2.501174,
    2.522614,
    2.495573,
    2.484374,
    2.481077,
    2.488501,
    2.486293,
    2.497494,
    2.493429,
    2.483509,
    2.494518,
    2.515606,
    2.487477,
    2.495445,
    2.488438,
    2.487157,
    2.502134,
    2.485653,
    2.498326,
    2.491637,
    2.488726,
    2.491029,
    2.486774,
    2.537526,
    2.559383,
    2.578264,
    2.507797,
    2.490645,
    2.484213,
    2.49135,
    2.51839,
    2.485909,
    2.48559,
    2.520374,
    2.487637,
    2.492758,
    2.490773,
    2.49903,
    2.573015,
    2.655993,
    2.566231,
    2.515702,
    2.507733,
    2.491414,
    2.502742,
    2.504245,
    2.492822,
    2.506838,
    2.495925,
    2.499126,
    2.495798,
    2.497589,
    2.492502,
    2.488725,
    2.49135,
    2.499222,
    2.518646,
    2.498261,
    2.492214,
    2.499926,
    2.495285,
    2.489398,
    2.494677,
    2.483734,
    2.486965,
    2.486837,
    2.55535,
    2.531703,
    2.542838,
    2.494966,
    2.481717,
    2.484022,
    2.493717,
    2.483861,
    2.487381,
    2.493365,
    2.527894,
    2.51503,
    2.504758,
    2.482037,
    2.483349,
    2.492822,
    2.486037,
    2.479509,
    2.536502,
    2.499894,
    2.492949,
    2.480693,
    2.488021,
    2.479733,
    2.49247,
    2.514358,
    2.523158,
    2.494198,
    2.488629,
    2.492566,
    2.489493,
    2.490389,
    2.489013,
    2.485397,
    2.535319,
    2.500725,
    2.490069,
    2.508118,
    2.484789,
    2.491126,
    2.495157,
    2.510518,
    2.589624,
    2.571767,
    2.515478,
    2.488598,
    2.494805,
    2.482453,
    2.484437,
    2.480533,
    2.530198,
    2.605207,
    2.494869,
    2.48991,
    2.482741,
    2.487541,
    2.485686,
    2.534518,
    2.504758,
    2.494069,
    2.486997,
    2.483157,
    2.488022,
    2.474101,
    2.486325,
    2.529847,
    2.496213,
    2.484406,
    2.490549,
    2.489429,
    2.488117,
    2.486933,
    2.480246,
    2.513974,
    2.499733,
    2.488598,
    2.488821,
    2.483638,
    2.490613,
    2.483061,
    2.486646,
    2.490037,
    2.531639,
    2.519382,
    2.544182,
    2.544118,
    2.500182,
    2.502838,
    2.512118,
    2.495541,
    2.491254,
    2.482965,
    2.48895,
    2.511638,
    2.502325,
    2.498742,
    2.495574,
    2.492085,
    2.493206,
    2.480341,
    2.490997,
    2.484214,
    2.498197,
    2.488054,
    2.489589,
    2.531799,
    2.480181,
    2.477717,
    2.49103,
    2.483413,
    2.514038,
    2.49535,
    2.487317,
    2.522198,
    2.486582,
    2.485109,
    2.487989,
    2.488213,
    2.491925,
    2.492565,
    2.476629,
    2.510678,
    2.492854,
    2.481717,
    2.490357,
    2.495958,
    2.553655,
    2.543735,
    2.497909,
    2.494262,
    2.520982,
    2.491925,
    2.49743,
    2.498262,
    2.496085,
    2.490646,
    2.501846,
    2.494389,
    2.496982,
    2.482453,
    2.489046,
    2.487509,
    2.482581,
    2.494582,
    2.489077,
    2.50351,
    2.492214,
    2.485813,
    2.491317,
    2.491381,
    2.497878,
    2.523126,
    2.493781,
    2.50047,
    2.484629,
    2.485301,
    2.489909,
    2.486134,
    2.487893,
    2.474261,
    2.49023,
    2.550807,
    2.503285,
    2.494006,
    2.488373,
    2.48751,
    2.482901,
    2.551799,
    2.562551,
    2.53967,
    2.511061,
    2.483606,
    2.485813,
    2.482677,
    2.494005,
    2.496758,
    2.488149,
    2.49247,
    2.487157,
    2.489173,
    2.494133,
    2.491798,
    2.489589,
    2.504726,
    2.489205,
    2.507606,
    2.548983,
    2.522806,
    2.52143,
    2.540343,
    2.511094,
    2.502806,
    2.508821,
    2.498645,
    2.499702,
    2.496661,
    2.502869,
    2.531127,
    2.513078,
    2.486517,
    2.482517,
    2.482485,
    2.505589,
    2.491286,
    2.489717,
    2.536886,
    2.487478,
    2.488725,
