{
  "metadata": {
    "timestamp_utc": "2026-06-15T20:18:26Z",
    "device_tag": "jetson-cpu",
    "power_mode_declared": "MAXN",
    "nvpmodel": "NV Power Mode: 15W 0",
    "platform": {
      "node": "orlando-desktop",
      "machine": "aarch64",
      "system": "Linux",
      "release": "5.15.148-tegra",
      "python": "3.10.12"
    },
    "backend": {
      "name": "onnxruntime",
      "version": "1.24.0"
    },
    "model": {
      "path": "models/smoke_cnn.onnx",
      "sha256": "2bf58c6f02856f75a6e09ddf83d6eea9b969e0ad0650fedff3ee061b1dcb41fa"
    },
    "thermal_c_start": {
      "cpu-thermal": 60.03,
      "soc2-thermal": 58.22,
      "soc0-thermal": 57.97,
      "gpu-thermal": 58.5,
      "tj-thermal": 60.03,
      "soc1-thermal": 58.28
    },
    "active_providers": [
      "CPUExecutionProvider"
    ],
    "thermal_c_end": {
      "cpu-thermal": 59.78,
      "soc2-thermal": 58.19,
      "soc0-thermal": 57.88,
      "gpu-thermal": 58.5,
      "tj-thermal": 59.78,
      "soc1-thermal": 58.41
    },
    "input_shape": [
      1,
      3,
      224,
      224
    ],
    "dtype": "float32",
    "warmup": 50,
    "iters": 1000,
    "window": {
      "start_epoch_s": 1781554705.4931352,
      "end_epoch_s": 1781554706.1654558
    }
  },
  "latency_summary": {
    "n": 1000,
    "mean_ms": 0.623264688,
    "std_ms": 0.13015856489184785,
    "min_ms": 0.59525,
    "p50_ms": 0.6012500000000001,
    "p90_ms": 0.6302207,
    "p95_ms": 0.7241608999999994,
    "p99_ms": 0.9482847299999998,
    "max_ms": 3.964014,
    "throughput_ips": 1604.4547673780614
  },
  "latency_raw_ms": [
    0.600018,
    0.601105,
    0.598546,
    0.598865,
    0.633231,
    0.604689,
    0.599794,
    0.597617,
    0.596242,
    0.600082,
    0.623151,
    0.602034,
    0.598065,
    0.598226,
    0.600978,
    0.618129,
    0.598641,
    0.635695,
    0.609553,
    0.599889,
    0.599666,
    0.598321,
    0.597042,
    0.609969,
    0.604657,
    0.600945,
    0.598386,
    0.59909,
    0.599154,
    0.602129,
    0.611249,
    0.603569,
    0.736167,
    0.598418,
    0.602737,
    0.601074,
    0.614481,
    0.605041,
    0.599986,
    0.59877,
    0.596242,
    0.600497,
    0.602482,
    0.609233,
    0.604562,
    0.665708,
    0.630159,
    0.611569,
    0.601169,
    0.633295,
    0.607537,
    0.601202,
    0.617169,
    0.599665,
    0.610225,
    0.605681,
    0.614224,
    0.604498,
    0.603922,
    0.599441,
    0.598674,
    0.601713,
    0.639183,
    0.599569,
    0.601682,
    0.598834,
    0.597298,
    0.600049,
    0.59701,
    0.638127,
    0.603569,
    0.599441,
    0.598258,
    0.60053,
    0.60085,
    0.602033,
    0.615921,
    0.60277,
    0.606577,
    0.599537,
    0.598418,
    0.603633,
    0.619088,
    0.606545,
    0.599186,
    0.598897,
    0.597618,
    0.600113,
    0.610673,
    0.614032,
    0.603922,
    0.599762,
    0.60085,
    0.603698,
    0.597809,
    0.615697,
    0.607057,
    0.603346,
    0.600177,
    0.600402,
    0.598481,
    0.601906,
    0.612496,
    0.606385,
    0.599218,
    0.598898,
    0.598834,
    0.600018,
    0.600754,
    0.61384,
    0.60085,
    0.598705,
    0.600178,
    0.598962,
    0.600882,
    0.664172,
    0.603954,
    0.598801,
    0.598194,
    0.59701,
    0.602929,
    0.600049,
    0.626352,
    0.604881,
    0.600817,
    0.599666,
    0.600497,
    0.602034,
    0.6156,
    0.603185,
    0.598834,
    0.59797,
    0.598514,
    0.60133,
    0.599857,
    0.609681,
    0.604657,
    0.599378,
    0.598354,
    0.599378,
    0.595634,
    0.599986,
    1.054095,
    0.799331,
    0.76183,
    0.876381,
    0.838783,
    0.977364,
    1.0803,
    0.612401,
    0.601137,
    0.626512,
    0.603377,
    0.604433,
    0.599762,
    0.598193,
    0.597426,
    0.602129,
    0.616081,
    0.603793,
    0.694666,
    0.604209,
    0.59525,
    0.600018,
    0.614545,
    0.697418,
    0.603665,
    0.599762,
    0.602449,
    0.599282,
    0.602898,
    0.642894,
    0.602385,
    0.603857,
    0.600242,
    0.59845,
    0.630192,
    0.622064,
    0.607441,
    0.616881,
    0.612465,
    0.599186,
    0.602225,
    0.598098,
    0.633839,
    0.609905,
    0.604337,
    0.598066,
    0.602513,
    0.60181,
    0.601233,
    0.619856,
    0.603409,
    0.603985,
    0.60197,
    0.598065,
    0.602418,
    0.611696,
    0.696682,
    0.60197,
    0.603057,
    0.599889,
    0.598194,
    0.603825,
    0.616272,
    0.60389,
    0.60661,
    0.59957,
    0.597522,
    0.600497,
    0.618672,
    0.603442,
    0.598834,
    0.601105,
    0.60117,
    0.600177,
    0.601906,
    0.616912,
    0.602513,
    0.602194,
    0.601042,
    0.599857,
    0.60133,
    0.616656,
    0.603857,
    0.599922,
    0.599537,
    0.603026,
    0.597394,
    0.603825,
    0.632527,
    0.603058,
    0.597873,
    0.600146,
    0.603473,
    0.599794,
    0.59701,
    0.61784,
    0.60341,
    0.597778,
    0.599922,
    0.601329,
    0.599282,
    0.607409,
    0.60936,
    0.606641,
    0.600434,
    0.601169,
    0.59813,
    0.598801,
    0.612561,
    0.602321,
    0.597554,
    0.600625,
    0.600146,
    0.602097,
    0.620432,
    0.603282,
    0.60037,
    0.598546,
    0.598162,
    0.599954,
    0.600625,
    0.613457,
    0.605266,
    0.602193,
    0.598386,
    0.601649,
    0.602929,
    0.597554,
    0.61384,
    0.60229,
    0.598449,
    0.598642,
    0.600401,
    0.600338,
    0.614416,
    0.60261,
    0.597234,
    0.599122,
    0.599857,
    0.601906,
    0.599825,
    0.646862,
    0.605297,
    0.603697,
    0.597586,
    0.601649,
    0.600562,
    0.615984,
    0.601266,
    0.599186,
    0.598258,
    0.598321,
    0.599186,
    0.601681,
    0.608529,
    0.605009,
    0.600242,
    0.602545,
    0.598098,
    0.602481,
    0.602449,
    0.616593,
    0.621072,
    0.598994,
    0.600625,
    0.60309,
    0.602065,
    0.614192,
    0.603282,
    0.600241,
    0.811329,
    0.936632,
    0.810017,
    0.805698,
    0.872732,
    0.797954,
    1.163526,
    0.650158,
    0.607825,
    0.599345,
    0.598738,
    0.600977,
    0.599026,
    0.599537,
    0.634319,
    0.606769,
    0.600402,
    0.601202,
    0.598322,
    0.600465,
    0.627088,
    0.599922,
    0.59813,
    0.601969,
    0.59845,
    0.598577,
    0.599378,
    0.616272,
    0.604433,
    0.59749,
    0.602097,
    0.598386,
    0.597842,
    0.597234,
    0.62024,
    0.604113,
    0.603921,
    0.598482,
    0.602865,
    0.597874,
    0.629615,
    0.604593,
    0.597938,
    0.598898,
    0.59957,
    0.598258,
    0.599633,
    0.622736,
    0.604081,
    0.606449,
    0.59861,
    0.601585,
    0.598418,
    0.61336,
    0.682315,
    0.601202,
    0.599089,
    0.599922,
    0.598449,
    0.597714,
    0.612689,
    0.605042,
    0.600209,
    0.600242,
    0.598545,
    0.597074,
    0.927288,
    0.758021,
    0.600786,
    0.740135,
    0.603922,
    0.600785,
    0.630479,
    0.603986,
    0.59957,
    0.598322,
    0.601137,
    0.600114,
    0.597489,
    0.621264,
    0.600978,
    0.599858,
    0.599602,
    0.598769,
    0.596306,
    0.612561,
    0.60549,
    0.603409,
    0.598226,
    0.600434,
    0.598929,
    0.599474,
    0.613712,
    0.606577,
    0.603122,
    0.598801,
    0.599186,
    0.599473,
    0.601426,
    0.63979,
    0.606289,
    0.59973,
    0.599185,
    0.600626,
    0.604561,
    0.610161,
    0.605746,
    0.599378,
    0.59573,
    0.59765,
    0.600273,
    0.602833,
    0.613809,
    0.604785,
    0.597746,
    0.599313,
    0.596402,
    0.600017,
    0.624752,
    0.607505,
    0.601489,
    0.599826,
    0.602481,
    0.598642,
    0.601649,
    0.624976,
    0.601681,
    0.600818,
    0.599602,
    0.63979,
    0.627504,
    0.686155,
    0.603857,
    0.601329,
    0.599762,
    0.600881,
    0.599858,
    0.599473,
    0.614673,
    0.602993,
    0.599697,
    0.599346,
    0.600817,
    0.60213,
    0.597393,
    0.639535,
    0.602865,
    0.628655,
