{
  "metadata": {
    "device_tag": "jetson-gpu",
    "model": {
      "sha256": "609015cbb6ed30c7c456a2911a79bd2d303953e269a2d901da138dfcd56eb0dd"
    },
    "source_result": "jetson-gpu_ort_tensorrt_20260620-161125.json",
    "idle_watts": 7.8,
    "iters": 2000,
    "timestamp_utc": "2026-06-20T16:45:17Z"
  },
  "energy": {
    "window_s": 6.266615390777588,
    "total_j": 73.17352194013193,
    "avg_power_w": 11.676721384213154,
    "per_inf_total_mj": 36.58676097006597,
    "net_j": 24.29392189206675,
    "per_inf_net_mj": 12.146960946033374
  }
}