{
  "metadata": {
    "timestamp_utc": "2026-06-15T20:40:22Z",
    "device_tag": "jetson-cpu",
    "power_mode_declared": "MAXN",
    "nvpmodel": "NV Power Mode: 15W 0",
    "platform": {
      "node": "orlando-desktop",
      "machine": "aarch64",
      "system": "Linux",
      "release": "5.15.148-tegra",
      "python": "3.10.12"
    },
    "backend": {
      "name": "onnxruntime",
      "version": "1.24.0"
    },
    "model": {
      "path": "models/cnn_baseline.onnx",
      "sha256": "609015cbb6ed30c7c456a2911a79bd2d303953e269a2d901da138dfcd56eb0dd"
    },
    "thermal_c_start": {
      "cpu-thermal": 53.75,
      "soc2-thermal": 52.41,
      "soc0-thermal": 51.94,
      "gpu-thermal": 52.94,
      "tj-thermal": 53.75,
      "soc1-thermal": 52.31
    },
    "active_providers": [
      "CPUExecutionProvider"
    ],
    "thermal_c_end": {
      "cpu-thermal": 54.0,
      "soc2-thermal": 52.44,
      "soc0-thermal": 51.81,
      "gpu-thermal": 52.56,
      "tj-thermal": 53.94,
      "soc1-thermal": 52.34
    },
    "input_shape": [
      1,
      3,
      224,
      224
    ],
    "dtype": "float32",
    "warmup": 50,
    "iters": 1000,
    "window": {
      "start_epoch_s": 1781556009.4352934,
      "end_epoch_s": 1781556022.6465049
    }
  },
  "latency_summary": {
    "n": 1000,
    "mean_ms": 12.562117527999998,
    "std_ms": 0.7503893168792954,
    "min_ms": 12.075966,
    "p50_ms": 12.2634385,
    "p90_ms": 13.8063882,
    "p95_ms": 14.249543849999998,
    "p99_ms": 15.52347057,
    "max_ms": 21.052352,
    "throughput_ips": 79.60441364850126
  },
  "latency_raw_ms": [
    12.425224,
    12.131714,
    15.853521,
    21.052352,
    14.168813,
    12.546251,
    12.422057,
    12.294245,
    12.161443,
    12.2049,
    14.547509,
    12.327494,
    12.298245,
    12.428936,
    12.152738,
    12.228964,
    12.213188,
    12.159523,
    14.011562,
    12.2281,
    12.336038,
    12.150306,
    13.011989,
    12.202819,
    12.200067,
    12.450889,
    13.036661,
    13.758565,
    12.384295,
    12.250532,
    12.134914,
    12.154147,
    12.190787,
    12.180739,
    12.215395,
    15.635148,
    12.247844,
    12.373767,
    12.274917,
    12.188291,
    12.180227,
    12.192643,
    12.200675,
    12.375911,
    13.923624,
    12.468905,
    12.416744,
    12.246404,
    12.165667,
    12.177667,
    12.196611,
    12.499017,
    14.220238,
    12.280101,
    12.67275,
    12.446185,
    12.183939,
    12.148002,
    12.169155,
    12.304198,
    12.145538,
    14.497556,
    12.20954,
    13.052853,
    12.347943,
    12.392296,
    12.173667,
    12.336134,
    12.245029,
    14.056651,
    12.181155,
    12.342022,
    12.201411,
    12.168226,
    12.235075,
    12.175267,
    12.672013,
    12.918482,
    13.731171,
    12.276548,
    12.335014,
    12.42724,
    12.187746,
    12.453256,
    12.329797,
    12.651468,
    14.453779,
    12.264676,
    12.460297,
    12.172994,
    12.355558,
    12.419848,
    12.217027,
    12.185122,
    13.54608,
    13.105302,
    12.317445,
    12.170531,
    12.200483,
    12.178658,
    12.13389,
    12.219075,
    12.15005,
    13.627201,
    12.21818,
    12.443592,
    12.211619,
    12.16573,
    12.232932,
    12.207715,
    12.246115,
    13.262521,
    13.120726,
    12.328101,
    12.227108,
    12.365318,
    12.196291,
    15.586955,
    12.415431,
    12.453672,
    14.177357,
    12.311845,
    12.234436,
    12.397511,
    12.372935,
    12.266148,
    12.181762,
    12.26458,
    14.368305,
    12.281637,
    12.28426,
    12.145057,
    12.375527,
    12.528394,
    12.398279,
    12.193667,
    13.366972,
    13.272025,
    12.466696,
    12.185379,
    12.111265,
    12.177218,
    12.300292,
    13.013972,
    12.461032,
    14.234734,
    12.435175,
    12.293316,
    12.346694,
    12.628331,
    12.173954,
    12.184035,
    12.226275,
    13.23756,
    13.318233,
    12.217602,
    12.209475,
    12.289476,
    12.220323,
    12.16333,
    12.370854,
    12.218498,
    14.46421,
    12.373958,
    12.27402,
    12.195298,
    12.171842,
    12.329125,
    12.230819,
    12.412647,
    14.415281,
    12.37223,
    12.257188,
    12.217187,
    12.169441,
    12.20173,
    12.255331,
    12.150497,
    12.135777,
    13.828421,
    12.308996,
    13.289689,
    12.324965,
    12.315045,
    12.327845,
    12.26762,
    12.18109,
    14.394321,
    12.627499,
    12.362982,
    12.241955,
    12.167521,
    12.132449,
    12.189634,
    12.211523,
    12.130561,
    14.005928,
    12.381158,
    15.618186,
    12.47092,
    12.281956,
    12.419143,
    12.195842,
    12.217251,
    14.373968,
    12.379302,
    13.033972,
    12.243555,
    12.161249,
    12.183266,
    12.171745,
    12.141984,
    13.586207,
    13.131958,
    12.631147,
    12.190658,
    12.335589,
    12.249315,
    12.200194,
    12.179138,
    12.244259,
    14.020296,
    12.507464,
    12.829872,
    12.206915,
    12.242819,
    12.183106,
    12.159585,
    12.249187,
    14.232877,
    12.378438,
    12.257923,
    12.123264,
    12.137216,
    12.182721,
    12.161665,
    12.533224,
    12.40823,
    14.187307,
    12.196418,
    12.50068,
    12.313188,
    12.259651,
    12.313732,
    12.386981,
    12.191969,
    14.016584,
    12.3081,
    12.272419,
    12.353317,
    12.181537,
    12.220994,
    12.248226,
    12.159072,
    12.653259,
    14.124778,
    12.267011,
    12.15456,
    12.218146,
    12.31306,
    12.206882,
    12.254243,
    12.217666,
    14.142667,
    12.265443,
    12.269059,
    12.252451,
    12.202978,
    12.234658,
    12.375077,
    12.22077,
    12.375462,
    14.084105,
    12.18605,
    12.276867,
    12.140193,
    12.144384,
    12.123712,
    12.123968,
    12.571081,
    14.876378,
    12.324996,
    12.253123,
    12.285796,
    12.163169,
    12.180001,
    12.164769,
    12.353701,
    14.715191,
    12.751597,
    12.236738,
    12.165889,
    12.238307,
    12.326724,
    12.19357,
    12.237602,
    12.163105,
    14.124362,
    12.260675,
    12.372198,
    12.176961,
    12.187233,
    12.250466,
    13.198455,
    12.261763,
    13.77437,
    13.062867,
    12.371525,
    12.187169,
    12.152512,
    12.385445,
    12.144609,
    12.474471,
    12.140096,
    14.531858,
    12.414886,
    12.273667,
    12.125055,
    12.304675,
    12.419302,
    12.292643,
    12.211009,
    13.537661,
    12.521768,
    12.389861,
    12.473575,
    12.178305,
    12.277283,
    12.697387,
    12.425573,
    12.25917,
    13.594751,
    12.343076,
    12.313667,
    12.189664,
    12.18464,
    12.350628,
    12.264066,
    12.416453,
    14.167243,
    12.902704,
    12.241058,
    12.286627,
    12.214242,
    12.346148,
    12.171744,
    12.203201,
    12.159744,
    14.60626,
    12.295299,
    12.20477,
    12.143904,
    12.25421,
    12.169057,
    12.181825,
    12.198209,
    14.160874,
    12.553768,
    12.298051,
    12.252002,
    12.191553,
    15.782157,
    12.298275,
    12.273923,
    13.582238,
    12.976114,
    12.241122,
    12.153632,
    12.296035,
    13.180789,
    12.229314,
    12.139936,
    12.265059,
    14.300813,
    12.238626,
    12.184993,
    12.135776,
    12.623114,
    12.172833,
    12.175585,
    12.194113,
    14.433232,
    13.026867,
    12.269218,
    12.249154,
    12.203969,
    12.175905,
    12.14416,
    12.143616,
    12.199489,
    14.209132,
    12.189728,
    12.233441,
    12.338339,
    12.197056,
    12.190368,
    12.392676,
    12.395877,
    14.260588,
    12.245537,
    12.30813,
    12.340323,
    12.345764,
    12.216289,
    12.220961,
    12.244321,
    12.120734,
    14.449807,
    12.390532,
    12.254274,
    12.148895,
    12.137279,
    12.151967,
    12.195712,
    12.177152,
    14.247596,
    12.396933,
    12.370116,
    12.209537,
    12.221249,
    12.075966,
    12.156448,
    12.240545,
    12.179424,
    14.254348,
    12.266722,
    12.223809,
    12.155295,
    12.146176,
