{
  "metadata": {
    "timestamp_utc": "2026-06-15T20:18:24Z",
    "device_tag": "jetson-gpu",
    "power_mode_declared": "MAXN",
    "nvpmodel": "NV Power Mode: 15W 0",
    "platform": {
      "node": "orlando-desktop",
      "machine": "aarch64",
      "system": "Linux",
      "release": "5.15.148-tegra",
      "python": "3.10.12"
    },
    "backend": {
      "name": "onnxruntime",
      "version": "1.24.0"
    },
    "model": {
      "path": "models/smoke_cnn.onnx",
      "sha256": "2bf58c6f02856f75a6e09ddf83d6eea9b969e0ad0650fedff3ee061b1dcb41fa"
    },
    "thermal_c_start": {
      "cpu-thermal": 58.59,
      "soc2-thermal": 57.78,
      "soc0-thermal": 57.84,
      "gpu-thermal": 58.47,
      "tj-thermal": 58.59,
      "soc1-thermal": 58.09
    },
    "active_providers": [
      "TensorrtExecutionProvider",
      "CUDAExecutionProvider",
      "CPUExecutionProvider"
    ],
    "thermal_c_end": {
      "cpu-thermal": 58.5,
      "soc2-thermal": 57.88,
      "soc0-thermal": 57.75,
      "gpu-thermal": 58.69,
      "tj-thermal": 58.69,
      "soc1-thermal": 58.19
    },
    "input_shape": [
      1,
      3,
      224,
      224
    ],
    "dtype": "float32",
    "warmup": 50,
    "iters": 1000,
    "window": {
      "start_epoch_s": 1781554704.0557296,
      "end_epoch_s": 1781554704.5611556
    }
  },
  "latency_summary": {
    "n": 1000,
    "mean_ms": 0.47317704600000005,
    "std_ms": 0.011572958358477364,
    "min_ms": 0.452189,
    "p50_ms": 0.470108,
    "p90_ms": 0.4865293,
    "p95_ms": 0.49865479999999995,
    "p99_ms": 0.52031936,
    "max_ms": 0.539926,
    "throughput_ips": 2113.3738596440703
  },
  "latency_raw_ms": [
    0.48377,
    0.482458,
    0.484154,
    0.479931,
    0.538711,
    0.475739,
    0.482043,
    0.479258,
    0.474907,
    0.476091,
    0.469883,
    0.479483,
    0.508856,
    0.484603,
    0.479643,
    0.507448,
    0.476027,
    0.49305,
    0.474171,
    0.476315,
    0.498906,
    0.480795,
    0.478779,
    0.474332,
    0.480251,
    0.481979,
    0.480155,
    0.482394,
    0.457085,
    0.475515,
    0.478747,
    0.476827,
    0.475355,
    0.480442,
    0.473307,
    0.456189,
    0.478139,
    0.539926,
    0.486586,
    0.477595,
    0.469211,
    0.470939,
    0.505369,
    0.475675,
    0.468699,
    0.5166,
    0.477083,
    0.477563,
    0.479515,
    0.478363,
    0.476156,
    0.474204,
    0.499514,
    0.521688,
    0.480346,
    0.477371,
    0.475803,
    0.478682,
    0.469468,
    0.478874,
    0.481051,
    0.482362,
    0.476987,
    0.479451,
    0.480763,
    0.475739,
    0.474907,
    0.479546,
    0.474491,
    0.496186,
    0.469436,
    0.477467,
    0.473851,
    0.486234,
    0.475867,
    0.471708,
    0.467867,
    0.469403,
    0.521048,
    0.477851,
    0.472476,
    0.47174,
    0.470683,
    0.46534,
    0.464796,
    0.464508,
    0.494202,
    0.4719,
    0.493657,
    0.47094,
    0.461373,
    0.469468,
    0.470491,
    0.492602,
    0.503801,
    0.476635,
    0.472155,
    0.472667,
    0.472635,
    0.463964,
    0.469147,
    0.470108,
    0.475516,
    0.498746,
    0.480699,
    0.467548,
    0.4679,
    0.469052,
    0.475099,
    0.493433,
    0.474363,
    0.474779,
    0.469308,
    0.472091,
    0.474555,
    0.466331,
    0.467868,
    0.470459,
    0.476251,
    0.46774,
    0.505017,
    0.469915,
    0.467132,
    0.464636,
    0.471515,
    0.471707,
    0.471355,
    0.466876,
    0.509336,
    0.481211,
    0.471739,
    0.475643,
    0.474203,
    0.471707,
    0.467996,
    0.485018,
    0.469787,
    0.465404,
    0.471867,
    0.463772,
    0.467835,
    0.4727,
    0.467548,
    0.472699,
    0.471515,
    0.509977,
    0.469724,
    0.470523,
    0.465788,
    0.477915,
    0.475323,
    0.472987,
    0.471771,
    0.457884,
    0.49865,
    0.473468,
    0.467388,
    0.46806,
    0.468764,
    0.468347,
    0.466524,
    0.485658,
    0.475387,
    0.470459,
    0.465852,
    0.464348,
    0.477051,
    0.4663,
    0.470299,
    0.470748,
    0.486459,
    0.472956,
    0.468859,
    0.47606,
    0.467228,
    0.471323,
    0.464764,
    0.467516,
    0.468252,
    0.468795,
    0.470684,
    0.489498,
    0.4727,
    0.474715,
    0.473052,
    0.46726,
    0.466044,
    0.503577,
    0.477531,
    0.470875,
    0.468796,
    0.465564,
    0.467388,
    0.466811,
    0.475323,
    0.45878,
    0.477531,
    0.474043,
    0.486938,
    0.474171,
    0.475995,
    0.482459,
    0.47446,
    0.487931,
    0.474428,
    0.500121,
    0.479067,
    0.471739,
    0.471195,
    0.478747,
    0.475451,
    0.473403,
    0.497689,
    0.468507,
    0.466972,
    0.469403,
    0.470236,
    0.470364,
    0.470587,
    0.472027,
    0.472635,
    0.469596,
    0.49017,
    0.46982,
    0.469916,
    0.472475,
    0.46598,
    0.4735,
    0.485019,
    0.491193,
    0.471964,
    0.473564,
    0.469724,
    0.479483,
    0.470812,
    0.469499,
    0.46838,
    0.496858,
    0.466747,
    0.469596,
    0.467772,
    0.471323,
    0.472507,
    0.4687,
    0.472635,
    0.468731,
    0.468508,
    0.47126,
    0.470875,
    0.470619,
    0.4671,
    0.470939,
    0.470523,
    0.469244,
    0.531255,
    0.474459,
    0.476955,
    0.468571,
    0.475579,
    0.466844,
    0.485946,
    0.472539,
    0.500697,
    0.469179,
    0.472283,
    0.467996,
    0.466747,
    0.470972,
    0.473724,
    0.48361,
    0.473275,
    0.478491,
    0.480763,
    0.476699,
    0.469468,
    0.470235,
    0.472859,
    0.475995,
    0.471867,
    0.504217,
    0.478778,
    0.473052,
    0.474012,
    0.468188,
    0.465788,
    0.4671,
    0.468892,
    0.452189,
    0.471963,
    0.4703,
    0.484539,
    0.483674,
    0.474107,
    0.470523,
    0.473051,
    0.498298,
    0.474236,
    0.47126,
    0.46662,
    0.469404,
    0.46902,
    0.470235,
    0.46358,
    0.48425,
    0.502873,
    0.473787,
    0.476539,
    0.471355,
    0.477531,
    0.479547,
    0.476283,
    0.464124,
    0.472891,
    0.470844,
    0.470428,
    0.477307,
    0.471964,
    0.471259,
    0.473307,
    0.469947,
    0.468316,
    0.496825,
    0.477819,
    0.477306,
    0.473724,
    0.477019,
    0.475259,
    0.470555,
    0.474587,
    0.520152,
    0.476763,
    0.463708,
    0.468508,
    0.481786,
    0.475963,
    0.471835,
    0.471867,
    0.463644,
    0.466076,
    0.468955,
    0.474491,
    0.478331,
    0.469467,
    0.467836,
    0.471068,
    0.475931,
    0.514777,
    0.469852,
    0.466683,
    0.47158,
    0.471356,
    0.473403,
    0.475291,
    0.492634,
    0.511416,
    0.466491,
    0.474843,
    0.471164,
    0.471836,
    0.490682,
    0.46646,
    0.46566,
    0.464348,
    0.469628,
    0.471868,
    0.470459,
    0.471995,
    0.46918,
    0.472092,
    0.475131,
    0.469948,
    0.501817,
    0.472251,
    0.472731,
    0.469851,
    0.469532,
    0.469052,
    0.4615,
    0.466012,
    0.458493,
    0.475387,
    0.469851,
    0.465628,
    0.46326,
    0.480827,
    0.471003,
    0.470716,
    0.488506,
    0.485147,
    0.473244,
    0.466492,
    0.464156,
    0.466364,
    0.4703,
    0.469755,
    0.469404,
    0.506329,
    0.468379,
    0.478875,
    0.474043,
    0.465948,
    0.482427,
    0.475099,
    0.464924,
    0.466076,
    0.472476,
    0.468635,
    0.467292,
    0.468251,
    0.467836,
    0.4671,
    0.469852,
    0.4695,
    0.49065,
    0.469724,
    0.482778,
    0.478011,
    0.465916,
    0.470172,
    0.465531,
    0.47014,
    0.469531,
    0.470491,
    0.472763,
    0.477499,
    0.460956,
    0.465916,
    0.48681,
    0.466235,
    0.501529,
    0.482043,
    0.477435,
    0.468956,
    0.469532,
    0.462748,
    0.468347,
    0.470683,
    0.47126,
    0.501817,
    0.472444,
    0.474939,
    0.471676,
    0.471772,
    0.471036,
    0.469851,
    0.467676,
    0.485659,
    0.47961,
    0.46566,
    0.465436,
    0.467388,
    0.465948,
    0.470619,
    0.469563,
    0.468412,
    0.496697,
    0.469051,
