epoch_s,bus_V,current_A,power_W
1790731284.2845,19.4775,0.37155,7.2369
1790731284.3395,19.4775,0.37155,7.2369
1790731284.3945,19.4775,0.37155,7.2369
1790731284.4484,19.4788,0.36978,7.2028
1790731284.4996,19.4788,0.36978,7.2028
1790731284.5547,19.4788,0.36978,7.2028
1790731284.6097,19.4800,0.36890,7.1862
1790731284.6613,19.4800,0.36890,7.1862
1790731284.7159,19.4788,0.36822,7.1726
1790731284.7709,19.4788,0.36822,7.1726
1790731284.8260,19.4788,0.36822,7.1726
1790731284.8810,19.4800,0.36802,7.1691
1790731284.9356,19.4800,0.36802,7.1691
1790731284.9868,19.4800,0.36802,7.1691
1790731285.0369,19.4788,0.36953,7.1979
1790731285.0906,19.4788,0.36953,7.1979
1790731285.1418,19.4800,0.36828,7.1740
1790731285.1968,19.4800,0.36828,7.1740
1790731285.2518,19.4800,0.36828,7.1740
1790731285.3052,19.4800,0.36805,7.1696
1790731285.3558,19.4800,0.36805,7.1696
1790731285.4108,19.4800,0.36805,7.1696
1790731285.4637,19.4800,0.36560,7.1219
1790731285.5170,19.4800,0.36560,7.1219
1790731285.5687,19.4800,0.36680,7.1453
1790731285.6237,19.4800,0.36680,7.1453
1790731285.6787,19.4800,0.36680,7.1453
1790731285.7329,19.4812,0.36563,7.1228
1790731285.7879,19.4812,0.36563,7.1228
1790731285.8389,19.4812,0.36563,7.1228
1790731285.8894,19.4800,0.36572,7.1243
1790731285.9430,19.4800,0.36572,7.1243
1790731285.9981,19.4800,0.36660,7.1414
1790731286.0513,19.4800,0.36660,7.1414
1790731286.1036,19.4800,0.36660,7.1414
1790731286.1566,19.4812,0.36462,7.1034
1790731286.2106,19.4812,0.36462,7.1034
1790731286.2639,19.4812,0.36462,7.1034
1790731286.3170,19.4800,0.36565,7.1229
1790731286.3712,19.4800,0.36565,7.1229
1790731286.4219,19.4875,0.36565,7.1256
1790731286.4735,19.4875,0.34840,6.7894
1790731286.5249,19.4875,0.34840,6.7894
1790731286.5764,19.4887,0.34395,6.7032
1790731286.6314,19.4887,0.34395,6.7032
1790731286.6853,19.4887,0.34395,6.7032
1790731286.7372,19.4875,0.34585,6.7398
1790731286.7923,19.4875,0.34585,6.7398
1790731286.8473,19.4875,0.34585,6.7398
1790731286.8983,19.4887,0.34258,6.6764
1790731286.9533,19.4887,0.34258,6.6764
1790731287.0036,19.4887,0.34538,6.7309
1790731287.0587,19.4887,0.34538,6.7309
1790731287.1137,19.4887,0.34538,6.7309
1790731287.1668,19.4887,0.34363,6.6968
1790731287.2185,19.4887,0.34363,6.6968
1790731287.2704,19.4887,0.34363,6.6968
1790731287.3254,19.4900,0.34238,6.6729
1790731287.3780,19.4900,0.34238,6.6729
1790731287.4295,19.4900,0.34155,6.6568
1790731287.4845,19.4900,0.34155,6.6568
1790731287.5389,19.4900,0.34155,6.6568
1790731287.5939,19.4887,0.34615,6.7460
1790731287.6489,19.4887,0.34615,6.7460
1790731287.7039,19.4887,0.34615,6.7460
1790731287.7547,19.4900,0.34203,6.6661
1790731287.8098,19.4900,0.34203,6.6661
1790731287.8628,19.4887,0.34230,6.6710
1790731287.9147,19.4887,0.34230,6.6710
1790731287.9691,19.4887,0.34230,6.6710
1790731288.0241,19.4887,0.34425,6.7090
1790731288.0792,19.4887,0.34425,6.7090
1790731288.1342,19.4887,0.34425,6.7090
1790731288.1869,19.4887,0.34293,6.6832
1790731288.2419,19.4887,0.34293,6.6832
1790731288.2926,19.4887,0.34427,6.7095
1790731288.3473,19.4887,0.34427,6.7095
1790731288.3991,19.4887,0.34427,6.7095
1790731288.4526,19.4850,0.35195,6.8577
1790731288.5056,19.4850,0.35195,6.8577
1790731288.5558,19.4850,0.35195,6.8577
1790731288.6108,19.4838,0.35795,6.9742
1790731288.6658,19.4838,0.35795,6.9742
1790731288.7201,19.4875,0.34675,6.7573
1790731288.7714,19.4875,0.34675,6.7573
1790731288.8267,19.4875,0.34675,6.7573
1790731288.8789,19.4887,0.34532,6.7300
1790731288.9339,19.4887,0.34532,6.7300
1790731288.9845,19.4887,0.34532,6.7300
1790731289.0395,19.4875,0.34602,6.7432
1790731289.0923,19.4875,0.34602,6.7432
1790731289.1442,19.4875,0.34795,6.7807
1790731289.1992,19.4875,0.34795,6.7807
1790731289.2542,19.4875,0.34795,6.7807
1790731289.3092,19.4875,0.34618,6.7461
1790731289.3643,19.4875,0.34618,6.7461
1790731289.4148,19.4875,0.34618,6.7461
1790731289.4665,19.4863,0.34970,6.8143
1790731289.5215,19.4863,0.34970,6.8143
1790731289.5719,19.4863,0.35017,6.8236
1790731289.6226,19.4863,0.35017,6.8236
1790731289.6776,19.4863,0.35017,6.8236
1790731289.7309,19.4875,0.34775,6.7768
1790731289.7859,19.4875,0.34775,6.7768
1790731289.8410,19.4875,0.34775,6.7768
1790731289.8956,19.4887,0.34495,6.7226
1790731289.9490,19.4887,0.34495,6.7226
1790731290.0040,19.4875,0.34550,6.7329
1790731290.0581,19.4875,0.34550,6.7329
1790731290.1131,19.4875,0.34550,6.7329
1790731290.1656,19.4863,0.35065,6.8329
1790731290.2206,19.4863,0.35065,6.8329
1790731290.2734,19.4863,0.35065,6.8329
1790731290.3274,19.4875,0.34555,6.7339
1790731290.3789,19.4875,0.34555,6.7339
1790731290.4340,19.4850,0.35355,6.8889
1790731290.4878,19.4850,0.35355,6.8889
1790731290.5391,19.4850,0.35355,6.8889
1790731290.5942,19.4863,0.35102,6.8402
1790731290.6457,19.4863,0.35102,6.8402
1790731290.7007,19.4863,0.35102,6.8402
1790731290.7514,19.4887,0.34335,6.6915
1790731290.8060,19.4887,0.34335,6.6915
1790731290.8611,19.4887,0.34390,6.7022
1790731290.9140,19.4887,0.34390,6.7022
1790731290.9645,19.4887,0.34390,6.7022
1790731291.0162,19.4850,0.35398,6.8972
1790731291.0680,19.4850,0.35398,6.8972
1790731291.1217,19.4850,0.35398,6.8972
1790731291.1729,19.4838,0.35595,6.9352
1790731291.2256,19.4838,0.35595,6.9352
1790731291.2802,19.4875,0.34575,6.7378
1790731291.3349,19.4875,0.34575,6.7378
1790731291.3860,19.4875,0.34575,6.7378
1790731291.4398,19.4875,0.34615,6.7456
1790731291.4911,19.4875,0.34615,6.7456
1790731291.5459,19.4875,0.34615,6.7456
1790731291.5984,19.4875,0.34677,6.7578
1790731291.6499,19.4875,0.34677,6.7578
1790731291.7004,19.4875,0.34677,6.7578
1790731291.7554,19.4887,0.34545,6.7324
1790731291.8084,19.4887,0.34545,6.7324
1790731291.8634,19.4875,0.34740,6.7700
1790731291.9173,19.4875,0.34740,6.7700
1790731291.9720,19.4875,0.34740,6.7700
1790731292.0230,19.4875,0.34675,6.7573
1790731292.0768,19.4875,0.34675,6.7573
1790731292.1292,19.4875,0.34675,6.7573
1790731292.1842,19.4863,0.35160,6.8514
1790731292.2385,19.4863,0.35160,6.8514
1790731292.2927,19.4863,0.34805,6.7822
1790731292.3477,19.4863,0.34805,6.7822
1790731292.4005,19.4863,0.34805,6.7822
1790731292.4555,19.4838,0.35787,6.9727
1790731292.5072,19.4838,0.35787,6.9727
1790731292.5600,19.4838,0.35787,6.9727
1790731292.6107,19.4875,0.34690,6.7602
1790731292.6621,19.4875,0.34690,6.7602
1790731292.7159,19.4875,0.34657,6.7539
1790731292.7704,19.4875,0.34657,6.7539
1790731292.8238,19.4875,0.34657,6.7539
1790731292.8770,19.4887,0.34435,6.7110
1790731292.9306,19.4887,0.34435,6.7110
1790731292.9840,19.4887,0.34435,6.7110
1790731293.0371,19.4875,0.34655,6.7534
1790731293.0914,19.4875,0.34655,6.7534
1790731293.1438,19.4875,0.34663,6.7549
1790731293.1969,19.4875,0.34663,6.7549
1790731293.2514,19.4875,0.34663,6.7549
1790731293.3038,19.4887,0.34183,6.6617
1790731293.3576,19.4887,0.34183,6.6617
1790731293.4104,19.4887,0.34183,6.6617
1790731293.4627,19.4863,0.34898,6.8002
1790731293.5160,19.4863,0.34898,6.8002
1790731293.5704,19.4887,0.34308,6.6861
1790731293.6254,19.4887,0.34308,6.6861
1790731293.6767,19.4887,0.34308,6.6861
1790731293.7300,19.4850,0.35157,6.8504
1790731293.7833,19.4850,0.35157,6.8504
1790731293.8373,19.4850,0.35157,6.8504
1790731293.8923,19.4887,0.34297,6.6842
1790731293.9427,19.4887,0.34297,6.6842
1790731293.9972,19.4887,0.34263,6.6773
1790731294.0506,19.4887,0.34263,6.6773
1790731294.1041,19.4887,0.34263,6.6773
1790731294.1577,19.4875,0.34660,6.7544
1790731294.2112,19.4875,0.34660,6.7544
1790731294.2653,19.4875,0.34660,6.7544
1790731294.3203,19.4887,0.34270,6.6788
1790731294.3739,19.4887,0.34270,6.6788
1790731294.4246,19.4825,0.35940,7.0020
1790731294.4782,19.4825,0.35940,7.0020
1790731294.5284,19.4825,0.35940,7.0020
1790731294.5828,19.4887,0.34382,6.7007
1790731294.6372,19.4887,0.34382,6.7007
1790731294.6906,19.4887,0.34382,6.7007
1790731294.7444,19.4887,0.34233,6.6715
1790731294.7983,19.4887,0.34233,6.6715
1790731294.8516,19.4887,0.34327,6.6900
1790731294.9056,19.4887,0.34327,6.6900
1790731294.9573,19.4887,0.34327,6.6900
1790731295.0121,19.4887,0.34220,6.6691
1790731295.0650,19.4887,0.34220,6.6691
1790731295.1173,19.4887,0.34220,6.6691
1790731295.1707,19.4887,0.34258,6.6764
1790731295.2229,19.4887,0.34258,6.6764
1790731295.2764,19.4887,0.34258,6.6764
1790731295.3306,19.4887,0.34395,6.7032
1790731295.3826,19.4887,0.34395,6.7032
1790731295.4362,19.4887,0.34102,6.6462
1790731295.4907,19.4887,0.34102,6.6462
1790731295.5424,19.4887,0.34102,6.6462
1790731295.5974,19.4887,0.34242,6.6734
1790731295.6516,19.4887,0.34242,6.6734
1790731295.7029,19.4887,0.34242,6.6734
1790731295.7574,19.4887,0.34220,6.6691
1790731295.8093,19.4887,0.34220,6.6691
1790731295.8640,19.4887,0.34320,6.6885
1790731295.9157,19.4887,0.34320,6.6885
1790731295.9707,19.4887,0.34320,6.6885
1790731296.0210,19.4887,0.34253,6.6754
1790731296.0725,19.4887,0.34253,6.6754
1790731296.1254,19.4887,0.34253,6.6754
1790731296.1762,19.4887,0.34293,6.6832
1790731296.2285,19.4887,0.34293,6.6832
1790731296.2817,19.4875,0.34630,6.7485
1790731296.3367,19.4875,0.34630,6.7485
1790731296.3918,19.4875,0.34630,6.7485
1790731296.4430,19.4612,0.41635,8.1027
1790731296.4976,19.4612,0.41635,8.1027
1790731296.5505,19.4612,0.41635,8.1027
1790731296.6055,19.4825,0.35815,6.9777
1790731296.6572,19.4825,0.35815,6.9777
1790731296.7106,19.4875,0.34552,6.7334
1790731296.7656,19.4875,0.34552,6.7334
1790731296.8176,19.4875,0.34552,6.7334
1790731296.8690,19.4875,0.34552,6.7334
1790731296.9231,19.4875,0.34552,6.7334
1790731296.9767,19.4875,0.34552,6.7334
1790731297.0318,19.4875,0.34598,6.7422
1790731297.0828,19.4875,0.34598,6.7422
1790731297.1364,19.4850,0.35258,6.8699
1790731297.1898,19.4850,0.35258,6.8699
1790731297.2421,19.4850,0.35258,6.8699
1790731297.2948,19.4875,0.34770,6.7758
1790731297.3467,19.4875,0.34770,6.7758
1790731297.3982,19.4875,0.34770,6.7758
1790731297.4498,19.4875,0.34770,6.7758
1790731297.5027,19.4875,0.34770,6.7758
1790731297.5560,19.4875,0.34770,6.7758
1790731297.6109,19.4875,0.34615,6.7456
1790731297.6628,19.4875,0.34615,6.7456
1790731297.7176,19.4875,0.34547,6.7324
1790731297.7709,19.4875,0.34547,6.7324
1790731297.8232,19.4875,0.34547,6.7324
1790731297.8779,19.4875,0.34582,6.7393
1790731297.9303,19.4875,0.34582,6.7393
1790731297.9848,19.4875,0.34582,6.7393
1790731298.0376,19.4875,0.34585,6.7398
1790731298.0907,19.4875,0.34585,6.7398
1790731298.1453,19.4875,0.34598,6.7422
1790731298.1989,19.4875,0.34598,6.7422
1790731298.2505,19.4875,0.34598,6.7422
1790731298.3016,19.4863,0.35005,6.8212
1790731298.3567,19.4863,0.35005,6.8212
1790731298.4110,19.4863,0.35005,6.8212
1790731298.4659,19.4825,0.36050,7.0234
1790731298.5169,19.4825,0.36050,7.0234
1790731298.5710,19.4750,0.37788,7.3591
1790731298.6243,19.4750,0.37788,7.3591
1790731298.6777,19.4750,0.37788,7.3591
1790731298.7294,19.4625,0.41270,8.0322
1790731298.7844,19.4625,0.41270,8.0322
1790731298.8377,19.4625,0.41270,8.0322
1790731298.8916,19.4625,0.41445,8.0662
1790731298.9467,19.4625,0.41445,8.0662
1790731299.0017,19.4675,0.39870,7.7617
1790731299.0566,19.4675,0.39870,7.7617
1790731299.1114,19.4675,0.39870,7.7617
1790731299.1661,19.4825,0.35907,6.9957
1790731299.2211,19.4825,0.35907,6.9957
1790731299.2736,19.4875,0.35907,6.9975
1790731299.3267,19.4875,0.34558,6.7344
1790731299.3783,19.4875,0.34558,6.7344
1790731299.4293,19.4850,0.35535,6.9240
1790731299.4844,19.4850,0.35535,6.9240
1790731299.5367,19.4850,0.35535,6.9240
1790731299.5917,19.4875,0.34632,6.7490
1790731299.6451,19.4875,0.34632,6.7490
1790731299.6987,19.4875,0.34632,6.7490
1790731299.7538,19.4887,0.34423,6.7085
1790731299.8052,19.4887,0.34423,6.7085
1790731299.8602,19.4887,0.34513,6.7261
1790731299.9119,19.4887,0.34513,6.7261
1790731299.9669,19.4887,0.34513,6.7261
1790731300.0182,19.4887,0.34203,6.6656
1790731300.0683,19.4887,0.34203,6.6656
1790731300.1189,19.4887,0.34203,6.6656
1790731300.1712,19.4887,0.34250,6.6749
1790731300.2220,19.4887,0.34250,6.6749
1790731300.2735,19.4875,0.34250,6.6745
1790731300.3249,19.4875,0.34590,6.7407
1790731300.3777,19.4875,0.34590,6.7407
1790731300.4282,19.4850,0.35308,6.8797
1790731300.4789,19.4850,0.35308,6.8797
1790731300.5313,19.4850,0.35308,6.8797
1790731300.5846,19.4800,0.36627,7.1350
1790731300.6379,19.4800,0.36627,7.1350
1790731300.6912,19.4800,0.36627,7.1350
1790731300.7421,19.4900,0.34205,6.6666
1790731300.7972,19.4900,0.34205,6.6666
1790731300.8522,19.4887,0.34225,6.6700
1790731300.9043,19.4887,0.34225,6.6700
1790731300.9578,19.4887,0.34225,6.6700
1790731301.0122,19.4887,0.34435,6.7110
1790731301.0653,19.4887,0.34435,6.7110
1790731301.1180,19.4887,0.34435,6.7110
1790731301.1688,19.4887,0.34265,6.6778
1790731301.2216,19.4887,0.34265,6.6778
1790731301.2718,19.4875,0.34265,6.6774
1790731301.3241,19.4875,0.34565,6.7359
1790731301.3792,19.4875,0.34565,6.7359
1790731301.4340,19.4875,0.34445,6.7125
1790731301.4890,19.4875,0.34445,6.7125
1790731301.5440,19.4875,0.34445,6.7125
1790731301.5954,19.4537,0.43330,8.4293
1790731301.6476,19.4537,0.43330,8.4293
1790731301.6987,19.4537,0.43330,8.4293
1790731301.7509,19.4662,0.40230,7.8313
1790731301.8021,19.4662,0.40230,7.8313
1790731301.8531,19.4688,0.39398,7.6702
1790731301.9067,19.4688,0.39398,7.6702
1790731301.9581,19.4688,0.39398,7.6702
1790731302.0114,19.4675,0.39663,7.7213
1790731302.0660,19.4675,0.39663,7.7213
1790731302.1181,19.4675,0.39663,7.7213
1790731302.1715,19.4863,0.35040,6.8280
1790731302.2248,19.4863,0.35040,6.8280
1790731302.2781,19.4875,0.34645,6.7514
1790731302.3331,19.4875,0.34645,6.7514
1790731302.3881,19.4875,0.34645,6.7514
1790731302.4430,19.4825,0.35802,6.9752
1790731302.4936,19.4825,0.35802,6.9752
1790731302.5469,19.4825,0.35802,6.9752
1790731302.6020,19.4788,0.36938,7.1950
1790731302.6570,19.4788,0.36938,7.1950
1790731302.7120,19.4863,0.34830,6.7871
1790731302.7633,19.4863,0.34830,6.7871
1790731302.8138,19.4863,0.34830,6.7871
1790731302.8658,19.4875,0.34668,6.7558
1790731302.9208,19.4875,0.34668,6.7558
1790731302.9759,19.4875,0.34668,6.7558
1790731303.0296,19.4875,0.34632,6.7490
1790731303.0843,19.4875,0.34632,6.7490
1790731303.1378,19.4863,0.34753,6.7720
1790731303.1910,19.4863,0.34753,6.7720
1790731303.2460,19.4863,0.34753,6.7720
1790731303.2993,19.4875,0.34602,6.7432
1790731303.3513,19.4875,0.34602,6.7432
1790731303.4047,19.4875,0.34602,6.7432
1790731303.4580,19.4863,0.34813,6.7837
1790731303.5094,19.4863,0.34813,6.7837
1790731303.5598,19.4863,0.34705,6.7627
1790731303.6143,19.4863,0.34705,6.7627
1790731303.6677,19.4863,0.34705,6.7627
1790731303.7209,19.4875,0.34632,6.7490
1790731303.7724,19.4875,0.34632,6.7490
1790731303.8274,19.4875,0.34632,6.7490
1790731303.8790,19.4887,0.34350,6.6944
1790731303.9335,19.4887,0.34350,6.6944
1790731303.9849,19.4887,0.34350,6.6944
1790731304.0400,19.4887,0.34340,6.6924
1790731304.0933,19.4887,0.34340,6.6924
1790731304.1478,19.4887,0.34235,6.6720
1790731304.1990,19.4887,0.34235,6.6720
1790731304.2521,19.4887,0.34235,6.6720
1790731304.3058,19.4875,0.34495,6.7222
1790731304.3579,19.4875,0.34495,6.7222
1790731304.4117,19.4875,0.34495,6.7222
1790731304.4648,19.4863,0.34907,6.8022
1790731304.5176,19.4863,0.34907,6.8022
1790731304.5710,19.4863,0.34928,6.8061
1790731304.6250,19.4863,0.34928,6.8061
1790731304.6779,19.4863,0.34928,6.8061
1790731304.7315,19.4887,0.34398,6.7036
1790731304.7830,19.4887,0.34398,6.7036
1790731304.8345,19.4887,0.34398,6.7036
1790731304.8859,19.4887,0.34223,6.6695
1790731304.9409,19.4887,0.34223,6.6695
1790731304.9927,19.4875,0.34420,6.7076
1790731305.0477,19.4875,0.34420,6.7076
1790731305.1027,19.4875,0.34420,6.7076
1790731305.1548,19.4887,0.34390,6.7022
1790731305.2098,19.4887,0.34390,6.7022
1790731305.2628,19.4887,0.34390,6.7022
1790731305.3129,19.4875,0.34550,6.7329
1790731305.3679,19.4875,0.34550,6.7329
1790731305.4195,19.4863,0.35005,6.8212
1790731305.4745,19.4863,0.35005,6.8212
1790731305.5296,19.4863,0.35005,6.8212
1790731305.5822,19.4887,0.34337,6.6919
1790731305.6348,19.4887,0.34337,6.6919
1790731305.6898,19.4887,0.34337,6.6919
1790731305.7430,19.4875,0.34580,6.7388
1790731305.7947,19.4875,0.34580,6.7388
1790731305.8481,19.4887,0.34242,6.6734
1790731305.9018,19.4887,0.34242,6.6734
1790731305.9552,19.4887,0.34242,6.6734
1790731306.0102,19.4887,0.34403,6.7046
1790731306.0652,19.4887,0.34403,6.7046
1790731306.1173,19.4887,0.34403,6.7046
1790731306.1718,19.4887,0.34405,6.7051
1790731306.2252,19.4887,0.34405,6.7051
1790731306.2787,19.4887,0.34373,6.6988
1790731306.3328,19.4887,0.34373,6.6988
1790731306.3843,19.4887,0.34373,6.6988
1790731306.4374,19.4863,0.34775,6.7763
1790731306.4904,19.4863,0.34775,6.7763
1790731306.5454,19.4863,0.34775,6.7763
1790731306.5971,19.4838,0.35630,6.9421
1790731306.6473,19.4838,0.35630,6.9421
1790731306.6993,19.4887,0.35630,6.9438
1790731306.7511,19.4887,0.34348,6.6939
1790731306.8028,19.4887,0.34348,6.6939
1790731306.8534,19.4887,0.34247,6.6744
1790731306.9053,19.4887,0.34247,6.6744
1790731306.9603,19.4887,0.34247,6.6744
1790731307.0131,19.4887,0.34350,6.6944
1790731307.0676,19.4887,0.34350,6.6944
1790731307.1214,19.4887,0.34350,6.6944
1790731307.1736,19.4875,0.34435,6.7105
1790731307.2286,19.4875,0.34435,6.7105
1790731307.2836,19.4875,0.34735,6.7690
1790731307.3353,19.4875,0.34735,6.7690
1790731307.3877,19.4875,0.34735,6.7690
1790731307.4409,19.4812,0.36313,7.0741
1790731307.4959,19.4812,0.36313,7.0741
1790731307.5507,19.4812,0.36313,7.0741
1790731307.6058,19.4850,0.35295,6.8772
1790731307.6608,19.4850,0.35295,6.8772
1790731307.7138,19.4875,0.34725,6.7670
1790731307.7688,19.4875,0.34725,6.7670
1790731307.8238,19.4875,0.34725,6.7670
1790731307.8788,19.4875,0.34665,6.7553
1790731307.9339,19.4875,0.34665,6.7553
1790731307.9889,19.4875,0.34602,6.7432
1790731308.0425,19.4875,0.34602,6.7432
1790731308.0975,19.4875,0.34602,6.7432
1790731308.1506,19.4875,0.34575,6.7378
1790731308.2056,19.4875,0.34575,6.7378
1790731308.2598,19.4875,0.34575,6.7378
1790731308.3127,19.4875,0.34598,6.7422
1790731308.3634,19.4875,0.34598,6.7422
1790731308.4177,19.4825,0.35660,6.9475
1790731308.4689,19.4825,0.35660,6.9475
1790731308.5198,19.4825,0.35660,6.9475
1790731308.5707,19.4838,0.35533,6.9231
1790731308.6248,19.4838,0.35533,6.9231
1790731308.6788,19.4838,0.35533,6.9231
1790731308.7292,19.4875,0.34490,6.7212
1790731308.7840,19.4875,0.34490,6.7212
1790731308.8388,19.4875,0.34490,6.7212
1790731308.8908,19.4875,0.34525,6.7281
1790731308.9461,19.4875,0.34525,6.7281
1790731309.0006,19.4875,0.34630,6.7485
1790731309.0547,19.4875,0.34630,6.7485
1790731309.1097,19.4875,0.34630,6.7485
1790731309.1647,19.4875,0.34630,6.7485
1790731309.2197,19.4875,0.34630,6.7485
1790731309.2737,19.4863,0.34890,6.7988
1790731309.3245,19.4863,0.34890,6.7988
1790731309.3784,19.4863,0.34890,6.7988
1790731309.4299,19.4875,0.34683,6.7588
1790731309.4840,19.4875,0.34683,6.7588
1790731309.5359,19.4875,0.34683,6.7588
1790731309.5872,19.4863,0.34873,6.7953
1790731309.6389,19.4863,0.34873,6.7953
1790731309.6922,19.4863,0.34873,6.7953
1790731309.7473,19.4875,0.34625,6.7475
1790731309.8023,19.4875,0.34625,6.7475
1790731309.8573,19.4875,0.34473,6.7178
1790731309.9112,19.4875,0.34473,6.7178
1790731309.9651,19.4875,0.34473,6.7178
1790731310.0195,19.4875,0.34620,6.7466
1790731310.0734,19.4875,0.34620,6.7466
1790731310.1285,19.4875,0.34598,6.7422
1790731310.1818,19.4875,0.34598,6.7422
1790731310.2360,19.4875,0.34598,6.7422
1790731310.2897,19.4875,0.34610,6.7446
1790731310.3403,19.4875,0.34610,6.7446
1790731310.3953,19.4875,0.34610,6.7446
1790731310.4460,19.4863,0.34800,6.7812
1790731310.4984,19.4863,0.34800,6.7812
1790731310.5521,19.4838,0.34800,6.7803
1790731310.6054,19.4838,0.35558,6.9279
1790731310.6575,19.4838,0.35558,6.9279
1790731310.7125,19.4875,0.34558,6.7344
1790731310.7669,19.4875,0.34558,6.7344
1790731310.8216,19.4875,0.34558,6.7344
1790731310.8755,19.4887,0.34323,6.6890
1790731310.9305,19.4887,0.34323,6.6890
1790731310.9855,19.4887,0.34398,6.7036
1790731311.0406,19.4887,0.34398,6.7036
1790731311.0919,19.4887,0.34398,6.7036
1790731311.1457,19.4875,0.34535,6.7300
1790731311.1991,19.4875,0.34535,6.7300
1790731311.2541,19.4875,0.34535,6.7300
1790731311.3059,19.4887,0.34382,6.7007
1790731311.3606,19.4887,0.34382,6.7007
1790731311.4145,19.4875,0.34610,6.7446
1790731311.4695,19.4875,0.34610,6.7446
1790731311.5245,19.4875,0.34610,6.7446
1790731311.5773,19.4875,0.34720,6.7661
1790731311.6290,19.4875,0.34720,6.7661
1790731311.6840,19.4875,0.34720,6.7661
1790731311.7386,19.4887,0.34375,6.6993
1790731311.7888,19.4887,0.34375,6.6993
1790731311.8403,19.4875,0.34532,6.7295
1790731311.8953,19.4875,0.34532,6.7295
1790731311.9466,19.4875,0.34532,6.7295
1790731312.0001,19.4887,0.34327,6.6900
1790731312.0551,19.4887,0.34327,6.6900
1790731312.1062,19.4887,0.34327,6.6900
1790731312.1581,19.4875,0.34425,6.7086
1790731312.2118,19.4875,0.34425,6.7086
1790731312.2659,19.4875,0.34425,6.7086
1790731312.3207,19.4875,0.34642,6.7510
1790731312.3744,19.4875,0.34642,6.7510
1790731312.4277,19.4887,0.34260,6.6768
1790731312.4811,19.4887,0.34260,6.6768
1790731312.5358,19.4887,0.34260,6.6768
1790731312.5859,19.4812,0.36080,7.0288
1790731312.6392,19.4812,0.36080,7.0288
1790731312.6897,19.4812,0.36080,7.0288
1790731312.7429,19.4887,0.34238,6.6725
1790731312.7929,19.4887,0.34238,6.6725
1790731312.8430,19.4887,0.34285,6.6817
1790731312.8968,19.4887,0.34285,6.6817
1790731312.9518,19.4887,0.34285,6.6817
1790731313.0033,19.4887,0.34288,6.6822
1790731313.0575,19.4887,0.34288,6.6822
1790731313.1094,19.4887,0.34288,6.6822
1790731313.1644,19.4887,0.34263,6.6773
1790731313.2194,19.4887,0.34263,6.6773
1790731313.2708,19.4863,0.34708,6.7632
1790731313.3258,19.4863,0.34708,6.7632
1790731313.3808,19.4863,0.34708,6.7632
1790731313.4346,19.4887,0.34275,6.6798
1790731313.4849,19.4887,0.34275,6.6798
1790731313.5399,19.4887,0.34275,6.6798
1790731313.5950,19.4887,0.34315,6.6876
1790731313.6493,19.4887,0.34315,6.6876
1790731313.7032,19.4875,0.34710,6.7641
1790731313.7568,19.4875,0.34710,6.7641
1790731313.8086,19.4875,0.34710,6.7641
1790731313.8628,19.4887,0.34305,6.6856
1790731313.9156,19.4887,0.34305,6.6856
1790731313.9706,19.4887,0.34305,6.6856
1790731314.0206,19.4875,0.34418,6.7071
1790731314.0715,19.4875,0.34418,6.7071
1790731314.1266,19.4887,0.34365,6.6973
1790731314.1791,19.4887,0.34365,6.6973
1790731314.2341,19.4887,0.34365,6.6973
1790731314.2862,19.4887,0.34323,6.6890
1790731314.3410,19.4887,0.34323,6.6890
1790731314.3920,19.4887,0.34323,6.6890
1790731314.4431,19.4875,0.34488,6.7208
1790731314.4944,19.4875,0.34488,6.7208
1790731314.5461,19.4875,0.34488,6.7208
1790731314.5990,19.4838,0.35602,6.9367
1790731314.6540,19.4838,0.35602,6.9367
1790731314.7090,19.4838,0.35547,6.9260
1790731314.7640,19.4838,0.35547,6.9260
1790731314.8146,19.4838,0.35547,6.9260
1790731314.8659,19.4887,0.34335,6.6915
1790731314.9195,19.4887,0.34335,6.6915
1790731314.9711,19.4887,0.34335,6.6915
1790731315.0216,19.4887,0.34227,6.6705
1790731315.0746,19.4887,0.34227,6.6705
1790731315.1296,19.4875,0.34420,6.7076
1790731315.1818,19.4875,0.34420,6.7076
1790731315.2368,19.4875,0.34420,6.7076
1790731315.2891,19.4875,0.34475,6.7183
1790731315.3437,19.4875,0.34475,6.7183
1790731315.3984,19.4875,0.34475,6.7183
1790731315.4534,19.4863,0.34625,6.7471
1790731315.5084,19.4863,0.34625,6.7471
1790731315.5588,19.4875,0.34427,6.7091
1790731315.6119,19.4875,0.34427,6.7091
1790731315.6661,19.4875,0.34427,6.7091
1790731315.7183,19.4875,0.34552,6.7334
1790731315.7703,19.4875,0.34552,6.7334
1790731315.8229,19.4875,0.34552,6.7334
1790731315.8730,19.4887,0.34337,6.6919
1790731315.9238,19.4887,0.34337,6.6919
1790731315.9789,19.4887,0.34337,6.6919
1790731316.0291,19.4887,0.34288,6.6822
1790731316.0840,19.4887,0.34288,6.6822
1790731316.1385,19.4875,0.34415,6.7066
1790731316.1891,19.4875,0.34415,6.7066
1790731316.2405,19.4875,0.34415,6.7066
1790731316.2956,19.4887,0.34348,6.6939
1790731316.3474,19.4887,0.34348,6.6939
1790731316.4016,19.4887,0.34348,6.6939
1790731316.4558,19.4875,0.34400,6.7037
1790731316.5091,19.4875,0.34400,6.7037
1790731316.5621,19.4838,0.35560,6.9284
1790731316.6171,19.4838,0.35560,6.9284
1790731316.6718,19.4838,0.35560,6.9284
1790731316.7227,19.4838,0.35705,6.9567
1790731316.7756,19.4838,0.35705,6.9567
1790731316.8306,19.4838,0.35705,6.9567
1790731316.8833,19.4887,0.34382,6.7007
1790731316.9353,19.4887,0.34382,6.7007
1790731316.9891,19.4887,0.34280,6.6807
1790731317.0442,19.4887,0.34280,6.6807
1790731317.0974,19.4887,0.34280,6.6807
1790731317.1524,19.4662,0.39858,7.7588
1790731317.2066,19.4662,0.39858,7.7588
1790731317.2616,19.4662,0.39858,7.7588
1790731317.3148,19.4763,0.37750,7.3523
1790731317.3698,19.4763,0.37750,7.3523
1790731317.4232,19.4850,0.35025,6.8246
1790731317.4763,19.4850,0.35025,6.8246
1790731317.5275,19.4850,0.35025,6.8246
1790731317.5825,19.4863,0.34918,6.8041
1790731317.6375,19.4863,0.34918,6.8041
1790731317.6900,19.4863,0.34918,6.8041
1790731317.7450,19.4863,0.34778,6.7768
1790731317.7954,19.4863,0.34778,6.7768
1790731317.8504,19.4863,0.34698,6.7612
1790731317.9041,19.4863,0.34698,6.7612
1790731317.9569,19.4863,0.34698,6.7612
1790731318.0087,19.4875,0.34628,6.7480
1790731318.0637,19.4875,0.34628,6.7480
1790731318.1141,19.4875,0.34628,6.7480
1790731318.1691,19.4875,0.34485,6.7203
1790731318.2235,19.4875,0.34485,6.7203
1790731318.2752,19.4863,0.34765,6.7744
1790731318.3260,19.4863,0.34765,6.7744
1790731318.3766,19.4863,0.34765,6.7744
1790731318.4283,19.4863,0.34903,6.8012
1790731318.4792,19.4863,0.34903,6.8012
1790731318.5342,19.4863,0.34903,6.8012
1790731318.5885,19.4838,0.35687,6.9533
1790731318.6390,19.4838,0.35687,6.9533
1790731318.6940,19.4850,0.35235,6.8655
1790731318.7490,19.4850,0.35235,6.8655
1790731318.8004,19.4850,0.35235,6.8655
1790731318.8514,19.4875,0.34695,6.7612
1790731318.9031,19.4875,0.34695,6.7612
1790731318.9575,19.4875,0.34695,6.7612
1790731319.0125,19.4875,0.34668,6.7558
1790731319.0675,19.4875,0.34668,6.7558
1790731319.1209,19.4863,0.34668,6.7554
1790731319.1738,19.4863,0.34860,6.7929
1790731319.2243,19.4863,0.34860,6.7929
1790731319.2794,19.4875,0.34738,6.7695
1790731319.3344,19.4875,0.34738,6.7695
1790731319.3867,19.4875,0.34738,6.7695
1790731319.4367,19.4875,0.34623,6.7471
1790731319.4884,19.4875,0.34623,6.7471
1790731319.5388,19.4875,0.34623,6.7471
1790731319.5912,19.4887,0.34420,6.7080
1790731319.6422,19.4887,0.34420,6.7080
1790731319.6941,19.4887,0.34348,6.6939
1790731319.7444,19.4887,0.34348,6.6939
1790731319.7994,19.4887,0.34348,6.6939
1790731319.8545,19.4875,0.34580,6.7388
1790731319.9078,19.4875,0.34580,6.7388
1790731319.9628,19.4875,0.34580,6.7388
1790731320.0133,19.4887,0.34285,6.6817
1790731320.0681,19.4887,0.34285,6.6817
1790731320.1213,19.4875,0.34285,6.6813
1790731320.1758,19.4875,0.34570,6.7368
1790731320.2261,19.4875,0.34570,6.7368
1790731320.2780,19.4887,0.34378,6.6997
1790731320.3302,19.4887,0.34378,6.6997
1790731320.3824,19.4887,0.34378,6.6997
1790731320.4375,19.4875,0.34460,6.7154
1790731320.4907,19.4875,0.34460,6.7154
1790731320.5450,19.4875,0.34460,6.7154
1790731320.6000,19.4875,0.34653,6.7529
1790731320.6504,19.4875,0.34653,6.7529
1790731320.7008,19.4887,0.34250,6.6749
1790731320.7546,19.4887,0.34250,6.6749
1790731320.8066,19.4887,0.34250,6.6749
1790731320.8587,19.4875,0.34657,6.7539
1790731320.9138,19.4875,0.34657,6.7539
1790731320.9639,19.4875,0.34657,6.7539
1790731321.0177,19.4887,0.34230,6.6710
1790731321.0679,19.4887,0.34230,6.6710
1790731321.1206,19.4887,0.34230,6.6710
1790731321.1748,19.4887,0.34230,6.6710
1790731321.2256,19.4887,0.34230,6.6710
1790731321.2776,19.4875,0.34598,6.7422
1790731321.3310,19.4875,0.34598,6.7422
1790731321.3859,19.4875,0.34598,6.7422
1790731321.4403,19.4875,0.34423,6.7081
1790731321.4952,19.4875,0.34423,6.7081
1790731321.5482,19.4875,0.34423,6.7081
1790731321.6002,19.4875,0.34547,6.7324
1790731321.6553,19.4875,0.34547,6.7324
1790731321.7069,19.4887,0.34270,6.6788
1790731321.7574,19.4887,0.34270,6.6788
1790731321.8105,19.4887,0.34270,6.6788
1790731321.8631,19.4875,0.34418,6.7071
1790731321.9181,19.4875,0.34418,6.7071
1790731321.9731,19.4875,0.34418,6.7071
1790731322.0262,19.4887,0.34455,6.7148
1790731322.0812,19.4887,0.34455,6.7148
1790731322.1362,19.4887,0.34313,6.6871
1790731322.1887,19.4887,0.34313,6.6871
1790731322.2401,19.4887,0.34313,6.6871
1790731322.2930,19.4887,0.34398,6.7036
1790731322.3452,19.4887,0.34398,6.7036
1790731322.3958,19.4887,0.34398,6.7036
1790731322.4461,19.4887,0.34327,6.6900
1790731322.5011,19.4887,0.34327,6.6900
1790731322.5562,19.4800,0.36533,7.1165
1790731322.6090,19.4800,0.36533,7.1165
1790731322.6641,19.4800,0.36533,7.1165
1790731322.7146,19.4850,0.35278,6.8738
1790731322.7696,19.4850,0.35278,6.8738
1790731322.8231,19.4850,0.35278,6.8738
1790731322.8762,19.4863,0.34925,6.8056
1790731322.9280,19.4863,0.34925,6.8056
1790731322.9830,19.4875,0.34632,6.7490
1790731323.0347,19.4875,0.34632,6.7490
1790731323.0898,19.4875,0.34632,6.7490
1790731323.1434,19.4875,0.34753,6.7724
1790731323.1966,19.4875,0.34753,6.7724
1790731323.2516,19.4875,0.34753,6.7724
1790731323.3061,19.4863,0.34885,6.7978
1790731323.3604,19.4863,0.34885,6.7978
1790731323.4119,19.4863,0.34885,6.7978
1790731323.4634,19.4863,0.34885,6.7978
1790731323.5158,19.4863,0.34885,6.7978
1790731323.5708,19.4875,0.34712,6.7646
1790731323.6258,19.4875,0.34712,6.7646
1790731323.6767,19.4875,0.34712,6.7646
1790731323.7317,19.4875,0.34513,6.7256
1790731323.7856,19.4875,0.34513,6.7256
1790731323.8405,19.4875,0.34788,6.7792
1790731323.8940,19.4875,0.34788,6.7792
1790731323.9472,19.4875,0.34788,6.7792
1790731324.0022,19.4875,0.34570,6.7368
1790731324.0561,19.4875,0.34570,6.7368
1790731324.1100,19.4875,0.34570,6.7368
1790731324.1610,19.4875,0.34728,6.7675
1790731324.2139,19.4875,0.34728,6.7675
1790731324.2672,19.4875,0.34642,6.7510
1790731324.3215,19.4875,0.34642,6.7510
1790731324.3729,19.4875,0.34642,6.7510
1790731324.4272,19.4875,0.34605,6.7436
1790731324.4806,19.4875,0.34605,6.7436
1790731324.5329,19.4875,0.34605,6.7436
1790731324.5872,19.4863,0.34968,6.8139
1790731324.6406,19.4863,0.34968,6.8139
1790731324.6939,19.4838,0.35630,6.9421
1790731324.7489,19.4838,0.35630,6.9421
1790731324.8040,19.4838,0.35630,6.9421
1790731324.8590,19.4875,0.34490,6.7212
1790731324.9105,19.4875,0.34490,6.7212
1790731324.9637,19.4875,0.34490,6.7212
1790731325.0154,19.4887,0.34508,6.7251
1790731325.0700,19.4887,0.34508,6.7251
1790731325.1206,19.4887,0.34323,6.6890
1790731325.1740,19.4887,0.34323,6.6890
1790731325.2282,19.4887,0.34323,6.6890
1790731325.2832,19.4875,0.34568,6.7363
1790731325.3382,19.4875,0.34568,6.7363
1790731325.3902,19.4875,0.34568,6.7363
1790731325.4452,19.4875,0.34508,6.7246
1790731325.5002,19.4875,0.34508,6.7246
1790731325.5544,19.4875,0.34400,6.7037
1790731325.6094,19.4875,0.34400,6.7037
1790731325.6645,19.4875,0.34400,6.7037
1790731325.7150,19.4887,0.34340,6.6924
1790731325.7685,19.4887,0.34340,6.6924
1790731325.8235,19.4887,0.34340,6.6924
1790731325.8778,19.4887,0.34313,6.6871
1790731325.9328,19.4887,0.34313,6.6871
1790731325.9879,19.4875,0.34593,6.7412
1790731326.0393,19.4875,0.34593,6.7412
1790731326.0943,19.4875,0.34593,6.7412
1790731326.1476,19.4887,0.34355,6.6954
1790731326.2013,19.4887,0.34355,6.6954
1790731326.2551,19.4887,0.34355,6.6954
1790731326.3091,19.4875,0.34708,6.7636
1790731326.3628,19.4875,0.34708,6.7636
1790731326.4141,19.4875,0.34635,6.7495
1790731326.4681,19.4875,0.34635,6.7495
1790731326.5209,19.4875,0.34635,6.7495
1790731326.5741,19.4863,0.34923,6.8051
1790731326.6265,19.4863,0.34923,6.8051
1790731326.6808,19.4863,0.34923,6.8051
1790731326.7359,19.4812,0.36043,7.0215
1790731326.7875,19.4812,0.36043,7.0215
1790731326.8410,19.4887,0.34332,6.6910
1790731326.8942,19.4887,0.34332,6.6910
1790731326.9492,19.4887,0.34332,6.6910
1790731327.0013,19.4875,0.34590,6.7407
1790731327.0542,19.4875,0.34590,6.7407
1790731327.1092,19.4875,0.34590,6.7407
1790731327.1634,19.4887,0.34410,6.7061
1790731327.2143,19.4887,0.34410,6.7061
1790731327.2665,19.4887,0.34327,6.6900
1790731327.3215,19.4887,0.34327,6.6900
1790731327.3748,19.4887,0.34327,6.6900
1790731327.4296,19.4875,0.34513,6.7256
1790731327.4809,19.4875,0.34513,6.7256
1790731327.5359,19.4875,0.34513,6.7256
1790731327.5876,19.4863,0.34810,6.7832
1790731327.6409,19.4863,0.34810,6.7832
1790731327.6932,19.4887,0.34437,6.7114
1790731327.7476,19.4887,0.34437,6.7114
1790731327.8012,19.4887,0.34437,6.7114
1790731327.8543,19.4887,0.34327,6.6900
1790731327.9057,19.4887,0.34327,6.6900
1790731327.9589,19.4887,0.34327,6.6900
1790731328.0102,19.4875,0.34492,6.7217
1790731328.0652,19.4875,0.34492,6.7217
1790731328.1176,19.4875,0.34483,6.7198
1790731328.1685,19.4875,0.34483,6.7198
1790731328.2235,19.4875,0.34483,6.7198
1790731328.2768,19.4887,0.34318,6.6881
1790731328.3302,19.4887,0.34318,6.6881
1790731328.3842,19.4887,0.34318,6.6881
1790731328.4392,19.4875,0.34532,6.7295
1790731328.4906,19.4875,0.34532,6.7295
1790731328.5418,19.4875,0.34532,6.7295
1790731328.5918,19.4875,0.34430,6.7095
1790731328.6447,19.4875,0.34430,6.7095
1790731328.6994,19.4863,0.34828,6.7866
1790731328.7544,19.4863,0.34828,6.7866
1790731328.8047,19.4863,0.34828,6.7866
1790731328.8609,19.4875,0.34543,6.7315
1790731328.9128,19.4875,0.34543,6.7315
1790731328.9678,19.4875,0.34543,6.7315
1790731329.0201,19.4875,0.34477,6.7188
1790731329.0739,19.4875,0.34477,6.7188
1790731329.1248,19.4887,0.34392,6.7027
1790731329.1798,19.4887,0.34392,6.7027
1790731329.2311,19.4887,0.34392,6.7027
1790731329.2815,19.4775,0.37200,7.2456
1790731329.3365,19.4775,0.37200,7.2456
1790731329.3893,19.4775,0.37200,7.2456
1790731329.4421,19.4775,0.37185,7.2427
1790731329.4961,19.4775,0.37185,7.2427
1790731329.5468,19.4775,0.37248,7.2549
1790731329.6005,19.4775,0.37248,7.2549
1790731329.6545,19.4775,0.37248,7.2549
1790731329.7095,19.4812,0.36252,7.0624
1790731329.7636,19.4812,0.36252,7.0624
1790731329.8176,19.4812,0.36252,7.0624
1790731329.8726,19.4775,0.37120,7.2300
1790731329.9242,19.4775,0.37120,7.2300
1790731329.9745,19.4775,0.37233,7.2520
1790731330.0292,19.4775,0.37233,7.2520
1790731330.0812,19.4775,0.37233,7.2520
1790731330.1337,19.4788,0.36868,7.1813
1790731330.1878,19.4788,0.36868,7.1813
1790731330.2428,19.4788,0.36868,7.1813
1790731330.2933,19.4775,0.37267,7.2588
1790731330.3477,19.4775,0.37267,7.2588
1790731330.3982,19.4775,0.37267,7.2588
1790731330.4533,19.4800,0.36633,7.1360
1790731330.5079,19.4800,0.36633,7.1360
1790731330.5612,19.4788,0.36685,7.1458
1790731330.6146,19.4788,0.36685,7.1458
1790731330.6679,19.4788,0.36685,7.1458
1790731330.7213,19.4800,0.36615,7.1326
1790731330.7746,19.4800,0.36615,7.1326
1790731330.8296,19.4800,0.36615,7.1326
1790731330.8813,19.4800,0.36525,7.1151
1790731330.9357,19.4800,0.36525,7.1151
1790731330.9890,19.4800,0.36575,7.1248
1790731331.0421,19.4800,0.36575,7.1248
1790731331.0938,19.4800,0.36575,7.1248
1790731331.1470,19.4800,0.36645,7.1384
1790731331.1987,19.4800,0.36645,7.1384
1790731331.2538,19.4800,0.36645,7.1384
1790731331.3059,19.4800,0.36485,7.1073
1790731331.3610,19.4800,0.36485,7.1073
1790731331.4148,19.4800,0.36420,7.0946
1790731331.4698,19.4800,0.36420,7.0946
1790731331.5199,19.4800,0.36420,7.0946
1790731331.5749,19.4800,0.36682,7.1458
1790731331.6252,19.4800,0.36682,7.1458
1790731331.6802,19.4800,0.36682,7.1458
1790731331.7352,19.4800,0.36560,7.1219
1790731331.7881,19.4800,0.36560,7.1219
1790731331.8431,19.4800,0.36538,7.1175
1790731331.8976,19.4800,0.36538,7.1175
1790731331.9497,19.4800,0.36538,7.1175
1790731332.0024,19.4800,0.36547,7.1195
1790731332.0547,19.4800,0.36547,7.1195
1790731332.1091,19.4800,0.36547,7.1195
1790731332.1641,19.4788,0.36793,7.1667
1790731332.2153,19.4788,0.36793,7.1667
1790731332.2686,19.4800,0.36485,7.1073
1790731332.3210,19.4800,0.36485,7.1073
1790731332.3712,19.4800,0.36485,7.1073
1790731332.4230,19.4800,0.36538,7.1175
1790731332.4778,19.4800,0.36538,7.1175
1790731332.5309,19.4800,0.36538,7.1175
1790731332.5819,19.4725,0.38538,7.5042
1790731332.6337,19.4725,0.38538,7.5042
1790731332.6887,19.4775,0.37215,7.2486
1790731332.7437,19.4775,0.37215,7.2486
1790731332.7987,19.4775,0.37215,7.2486
1790731332.8537,19.4850,0.35170,6.8529
1790731332.9082,19.4850,0.35170,6.8529
1790731332.9615,19.4850,0.35170,6.8529
1790731333.0127,19.4875,0.34607,6.7441
1790731333.0677,19.4875,0.34607,6.7441
1790731333.1205,19.4863,0.34885,6.7978
1790731333.1749,19.4863,0.34885,6.7978
1790731333.2282,19.4863,0.34885,6.7978
1790731333.2828,19.4863,0.34835,6.7880
1790731333.3368,19.4863,0.34835,6.7880
1790731333.3918,19.4863,0.34835,6.7880
1790731333.4426,19.4875,0.34738,6.7695
1790731333.4976,19.4875,0.34738,6.7695
1790731333.5524,19.4863,0.34835,6.7880
1790731333.6071,19.4863,0.34835,6.7880
1790731333.6590,19.4863,0.34835,6.7880
1790731333.7126,19.4875,0.34728,6.7675
1790731333.7676,19.4875,0.34728,6.7675
1790731333.8211,19.4875,0.34728,6.7675
1790731333.8761,19.4875,0.34628,6.7480
1790731333.9311,19.4875,0.34628,6.7480
1790731333.9822,19.4875,0.34745,6.7709
1790731334.0339,19.4875,0.34745,6.7709
1790731334.0870,19.4875,0.34745,6.7709
1790731334.1398,19.4863,0.34823,6.7856
1790731334.1948,19.4863,0.34823,6.7856
1790731334.2452,19.4863,0.34823,6.7856
1790731334.2965,19.4850,0.35212,6.8612
1790731334.3500,19.4850,0.35212,6.8612
1790731334.4050,19.4875,0.34680,6.7583
1790731334.4601,19.4875,0.34680,6.7583
1790731334.5151,19.4875,0.34680,6.7583
1790731334.5695,19.4875,0.34625,6.7475
1790731334.6246,19.4875,0.34625,6.7475
1790731334.6793,19.4875,0.34625,6.7475
1790731334.7316,19.4863,0.34887,6.7983
1790731334.7866,19.4863,0.34887,6.7983
1790731334.8403,19.4887,0.34403,6.7046
1790731334.8951,19.4887,0.34403,6.7046
1790731334.9484,19.4887,0.34403,6.7046
1790731335.0017,19.4887,0.34382,6.7007
1790731335.0568,19.4887,0.34382,6.7007
1790731335.1107,19.4887,0.34382,6.7007
1790731335.1632,19.4850,0.35325,6.8831
1790731335.2151,19.4850,0.35325,6.8831
1790731335.2679,19.4887,0.34382,6.7007
1790731335.3228,19.4887,0.34382,6.7007
1790731335.3778,19.4887,0.34382,6.7007
1790731335.4282,19.4875,0.34455,6.7144
1790731335.4832,19.4875,0.34455,6.7144
1790731335.5383,19.4875,0.34455,6.7144
1790731335.5900,19.4887,0.34335,6.6915
1790731335.6434,19.4887,0.34335,6.6915
1790731335.6949,19.4887,0.34310,6.6866
1790731335.7483,19.4887,0.34310,6.6866
1790731335.8018,19.4887,0.34310,6.6866
1790731335.8527,19.4887,0.34242,6.6734
1790731335.9040,19.4887,0.34242,6.6734
1790731335.9578,19.4887,0.34242,6.6734
1790731336.0087,19.4887,0.34253,6.6754
1790731336.0620,19.4887,0.34253,6.6754
1790731336.1170,19.4875,0.34505,6.7242
1790731336.1689,19.4875,0.34505,6.7242
1790731336.2206,19.4875,0.34505,6.7242
1790731336.2756,19.4887,0.34462,6.7163
1790731336.3269,19.4887,0.34462,6.7163
1790731336.3769,19.4887,0.34462,6.7163
1790731336.4316,19.4875,0.34565,6.7359
1790731336.4866,19.4875,0.34565,6.7359
1790731336.5416,19.4875,0.34565,6.7359
1790731336.5967,19.4875,0.34427,6.7091
1790731336.6512,19.4875,0.34427,6.7091
1790731336.7037,19.4850,0.35290,6.8763
1790731336.7577,19.4850,0.35290,6.8763
1790731336.8094,19.4850,0.35290,6.8763
1790731336.8616,19.4775,0.37248,7.2549
1790731336.9166,19.4775,0.37248,7.2549
1790731336.9679,19.4788,0.37248,7.2553
1790731337.0186,19.4788,0.36670,7.1429
1790731337.0697,19.4788,0.36670,7.1429
1790731337.1232,19.4800,0.36575,7.1248
1790731337.1782,19.4800,0.36575,7.1248
1790731337.2323,19.4800,0.36575,7.1248
1790731337.2848,19.4788,0.36778,7.1638
1790731337.3382,19.4788,0.36778,7.1638
1790731337.3933,19.4788,0.36778,7.1638
1790731337.4483,19.4800,0.36547,7.1195
1790731337.5032,19.4800,0.36547,7.1195
1790731337.5541,19.4800,0.36552,7.1204
1790731337.6091,19.4800,0.36552,7.1204
1790731337.6623,19.4800,0.36552,7.1204
1790731337.7149,19.4800,0.36458,7.1019
1790731337.7697,19.4800,0.36458,7.1019
1790731337.8247,19.4800,0.36458,7.1019
1790731337.8797,19.4662,0.39918,7.7704
1790731337.9347,19.4662,0.39918,7.7704
1790731337.9867,19.4500,0.44438,8.6431
1790731338.0383,19.4500,0.44438,8.6431
1790731338.0933,19.4500,0.44438,8.6431
1790731338.1445,19.4763,0.37435,7.2909
1790731338.1982,19.4763,0.37435,7.2909
1790731338.2523,19.4763,0.37435,7.2909
1790731338.3040,19.4788,0.37025,7.2120
1790731338.3580,19.4788,0.37025,7.2120
1790731338.4122,19.4788,0.36852,7.1784
1790731338.4633,19.4788,0.36852,7.1784
1790731338.5183,19.4788,0.36852,7.1784
1790731338.5720,19.4788,0.36885,7.1847
1790731338.6231,19.4788,0.36885,7.1847
1790731338.6765,19.4788,0.36885,7.1847
1790731338.7316,19.4788,0.36805,7.1692
1790731338.7848,19.4788,0.36805,7.1692
1790731338.8366,19.4788,0.36790,7.1662
1790731338.8900,19.4788,0.36790,7.1662
1790731338.9432,19.4788,0.36790,7.1662
1790731338.9982,19.4750,0.37772,7.3562
1790731339.0528,19.4750,0.37772,7.3562
1790731339.1078,19.4750,0.37772,7.3562
1790731339.1602,19.4537,0.43368,8.4366
1790731339.2145,19.4537,0.43368,8.4366
1790731339.2679,19.4763,0.37508,7.3051
1790731339.3222,19.4763,0.37508,7.3051
1790731339.3754,19.4763,0.37508,7.3051
1790731339.4289,19.4788,0.37022,7.2115
1790731339.4806,19.4788,0.37022,7.2115
1790731339.5356,19.4788,0.37022,7.2115
1790731339.5903,19.4750,0.37978,7.3961
1790731339.6453,19.4750,0.37978,7.3961
1790731339.7003,19.4763,0.37680,7.3387
1790731339.7554,19.4763,0.37680,7.3387
1790731339.8057,19.4763,0.37680,7.3387
1790731339.8574,19.4788,0.36845,7.1769
1790731339.9091,19.4788,0.36845,7.1769
1790731339.9629,19.4788,0.36845,7.1769
1790731340.0154,19.4788,0.36890,7.1857
1790731340.0696,19.4788,0.36890,7.1857
1790731340.1206,19.4725,0.38540,7.5047
1790731340.1756,19.4725,0.38540,7.5047
1790731340.2275,19.4725,0.38540,7.5047
1790731340.2813,19.4750,0.37733,7.3484
1790731340.3364,19.4750,0.37733,7.3484
1790731340.3864,19.4750,0.37733,7.3484
1790731340.4405,19.4737,0.37948,7.3898
1790731340.4908,19.4737,0.37948,7.3898
1790731340.5437,19.4750,0.37948,7.3903
1790731340.5987,19.4750,0.37948,7.3903
1790731340.6495,19.4750,0.37948,7.3903
1790731340.7032,19.4775,0.37162,7.2383
1790731340.7542,19.4775,0.37162,7.2383
1790731340.8082,19.4775,0.37162,7.2383
1790731340.8632,19.4863,0.35105,6.8406
1790731340.9153,19.4863,0.35105,6.8406
1790731340.9663,19.4875,0.35105,6.8411
1790731341.0213,19.4875,0.34660,6.7544
1790731341.0747,19.4875,0.34660,6.7544
1790731341.1249,19.4850,0.35065,6.8324
1790731341.1773,19.4850,0.35065,6.8324
1790731341.2304,19.4850,0.35065,6.8324
1790731341.2814,19.4863,0.34947,6.8100
1790731341.3343,19.4863,0.34947,6.8100
1790731341.3877,19.4863,0.34947,6.8100
1790731341.4387,19.4850,0.35250,6.8685
1790731341.4937,19.4850,0.35250,6.8685
1790731341.5447,19.4850,0.35065,6.8324
1790731341.5988,19.4850,0.35065,6.8324
1790731341.6488,19.4850,0.35065,6.8324
1790731341.7039,19.4875,0.34650,6.7524
1790731341.7546,19.4875,0.34650,6.7524
1790731341.8056,19.4875,0.34650,6.7524
1790731341.8590,19.4863,0.34903,6.8012
1790731341.9140,19.4863,0.34903,6.8012
1790731341.9691,19.4850,0.35210,6.8607
1790731342.0222,19.4850,0.35210,6.8607
1790731342.0732,19.4850,0.35210,6.8607
1790731342.1253,19.4875,0.34705,6.7631
1790731342.1801,19.4875,0.34705,6.7631
1790731342.2350,19.4875,0.34705,6.7631
1790731342.2900,19.4850,0.35238,6.8660
1790731342.3445,19.4850,0.35238,6.8660
1790731342.3974,19.4863,0.34870,6.7949
1790731342.4480,19.4863,0.34870,6.7949
1790731342.5031,19.4863,0.34870,6.7949
1790731342.5559,19.4863,0.34928,6.8061
1790731342.6109,19.4863,0.34928,6.8061
1790731342.6620,19.4863,0.34928,6.8061
1790731342.7120,19.4737,0.37965,7.3932
1790731342.7638,19.4737,0.37965,7.3932
1790731342.8139,19.4737,0.37965,7.3932
1790731342.8665,19.4812,0.36197,7.0517
1790731342.9184,19.4812,0.36197,7.0517
1790731342.9734,19.4863,0.34973,6.8148
1790731343.0284,19.4863,0.34973,6.8148
1790731343.0833,19.4863,0.34973,6.8148
1790731343.1373,19.4875,0.34710,6.7641
1790731343.1923,19.4875,0.34710,6.7641
1790731343.2473,19.4875,0.34710,6.7641
1790731343.3008,19.4863,0.34813,6.7837
1790731343.3523,19.4863,0.34813,6.7837
1790731343.4066,19.4850,0.35047,6.8290
1790731343.4616,19.4850,0.35047,6.8290
1790731343.5130,19.4850,0.35047,6.8290
1790731343.5680,19.4863,0.34918,6.8041
1790731343.6224,19.4863,0.34918,6.8041
1790731343.6732,19.4863,0.34918,6.8041
1790731343.7282,19.4863,0.34892,6.7992
1790731343.7806,19.4863,0.34892,6.7992
1790731343.8328,19.4850,0.35028,6.8251
1790731343.8837,19.4850,0.35028,6.8251
1790731343.9387,19.4850,0.35028,6.8251
1790731343.9898,19.4863,0.34765,6.7744
1790731344.0403,19.4863,0.34765,6.7744
1790731344.0953,19.4863,0.34765,6.7744
1790731344.1503,19.4850,0.35140,6.8470
1790731344.2053,19.4850,0.35140,6.8470
1790731344.2553,19.4838,0.35685,6.9528
1790731344.3103,19.4838,0.35685,6.9528
1790731344.3642,19.4838,0.35685,6.9528
1790731344.4155,19.4838,0.35462,6.9094
1790731344.4705,19.4838,0.35462,6.9094
1790731344.5239,19.4838,0.35462,6.9094
1790731344.5762,19.4850,0.35218,6.8621
1790731344.6290,19.4850,0.35218,6.8621
1790731344.6840,19.4863,0.34980,6.8163
1790731344.7390,19.4863,0.34980,6.8163
1790731344.7941,19.4863,0.34980,6.8163
1790731344.8448,19.4800,0.36610,7.1316
1790731344.8998,19.4800,0.36610,7.1316
1790731344.9549,19.4800,0.36610,7.1316
1790731345.0065,19.4863,0.34728,6.7671
1790731345.0606,19.4863,0.34728,6.7671
1790731345.1157,19.4850,0.35155,6.8500
1790731345.1661,19.4850,0.35155,6.8500
1790731345.2179,19.4850,0.35155,6.8500
1790731345.2712,19.4838,0.35535,6.9236
1790731345.3227,19.4838,0.35535,6.9236
1790731345.3745,19.4838,0.35535,6.9236
1790731345.4263,19.4863,0.34947,6.8100
1790731345.4779,19.4863,0.34947,6.8100
1790731345.5329,19.4863,0.34947,6.8100
1790731345.5879,19.4825,0.35855,6.9855
1790731345.6429,19.4825,0.35855,6.9855
1790731345.6940,19.4850,0.35095,6.8383
1790731345.7445,19.4850,0.35095,6.8383
1790731345.7984,19.4850,0.35095,6.8383
1790731345.8534,19.4863,0.34930,6.8065
1790731345.9084,19.4863,0.34930,6.8065
1790731345.9634,19.4863,0.34930,6.8065
1790731346.0185,19.4875,0.34677,6.7578
1790731346.0730,19.4875,0.34677,6.7578
1790731346.1280,19.4875,0.34632,6.7490
1790731346.1830,19.4875,0.34632,6.7490
1790731346.2331,19.4875,0.34632,6.7490
1790731346.2873,19.4863,0.34818,6.7846
1790731346.3422,19.4863,0.34818,6.7846
1790731346.3972,19.4863,0.35038,6.8275
1790731346.4474,19.4863,0.35038,6.8275
1790731346.4982,19.4863,0.35038,6.8275
1790731346.5486,19.4863,0.34925,6.8056
1790731346.6036,19.4863,0.34925,6.8056
1790731346.6556,19.4863,0.34925,6.8056
1790731346.7106,19.4875,0.34657,6.7539
1790731346.7627,19.4875,0.34657,6.7539
1790731346.8177,19.4875,0.34657,6.7539
1790731346.8697,19.4863,0.34850,6.7910
1790731346.9220,19.4863,0.34850,6.7910
1790731346.9770,19.4850,0.35080,6.8353
1790731347.0270,19.4850,0.35080,6.8353
1790731347.0821,19.4850,0.35080,6.8353
1790731347.1334,19.4875,0.34600,6.7427
1790731347.1864,19.4875,0.34600,6.7427
1790731347.2414,19.4875,0.34600,6.7427
1790731347.2954,19.4863,0.34875,6.7958
1790731347.3464,19.4863,0.34875,6.7958
1790731347.4014,19.4863,0.34805,6.7822
1790731347.4564,19.4863,0.34805,6.7822
1790731347.5065,19.4863,0.34805,6.7822
1790731347.5615,19.4863,0.34830,6.7871
1790731347.6152,19.4863,0.34830,6.7871
1790731347.6655,19.4863,0.34830,6.7871
1790731347.7181,19.4863,0.34785,6.7783
1790731347.7731,19.4863,0.34785,6.7783
1790731347.8252,19.4887,0.34368,6.6978
1790731347.8761,19.4887,0.34368,6.6978
1790731347.9293,19.4887,0.34368,6.6978
1790731347.9814,19.4875,0.34585,6.7398
1790731348.0328,19.4875,0.34585,6.7398
1790731348.0856,19.4875,0.34585,6.7398
1790731348.1357,19.4875,0.34500,6.7232
1790731348.1877,19.4875,0.34500,6.7232
1790731348.2427,19.4875,0.34500,6.7232
1790731348.2955,19.4887,0.34365,6.6973
1790731348.3505,19.4887,0.34365,6.6973
1790731348.4011,19.4875,0.34723,6.7665
1790731348.4554,19.4875,0.34723,6.7665
1790731348.5104,19.4875,0.34723,6.7665
1790731348.5654,19.4887,0.34302,6.6851
1790731348.6159,19.4887,0.34302,6.6851
1790731348.6670,19.4887,0.34302,6.6851
1790731348.7172,19.4875,0.34483,6.7198
1790731348.7707,19.4875,0.34483,6.7198
1790731348.8257,19.4863,0.35087,6.8372
1790731348.8807,19.4863,0.35087,6.8372
1790731348.9322,19.4863,0.35087,6.8372
1790731348.9866,19.4887,0.34392,6.7027
1790731349.0402,19.4887,0.34392,6.7027
1790731349.0943,19.4887,0.34392,6.7027
1790731349.1448,19.4875,0.34605,6.7436
1790731349.1968,19.4875,0.34605,6.7436
1790731349.2518,19.4875,0.34480,6.7193
1790731349.3047,19.4875,0.34480,6.7193
1790731349.3576,19.4875,0.34480,6.7193
1790731349.4105,19.4875,0.34382,6.7003
1790731349.4628,19.4875,0.34382,6.7003
1790731349.5158,19.4875,0.34382,6.7003
1790731349.5677,19.4863,0.34825,6.7861
1790731349.6205,19.4863,0.34825,6.7861
1790731349.6717,19.4863,0.34825,6.7861
1790731349.7267,19.4887,0.34330,6.6905
1790731349.7787,19.4887,0.34330,6.6905
1790731349.8337,19.4875,0.34607,6.7441
1790731349.8887,19.4875,0.34607,6.7441
1790731349.9432,19.4875,0.34607,6.7441
1790731349.9976,19.4875,0.34508,6.7246
1790731350.0476,19.4875,0.34508,6.7246
1790731350.0991,19.4875,0.34508,6.7246
1790731350.1541,19.4825,0.35725,6.9601
1790731350.2091,19.4825,0.35725,6.9601
1790731350.2632,19.4638,0.41000,7.9801
1790731350.3161,19.4638,0.41000,7.9801
1790731350.3711,19.4638,0.41000,7.9801
1790731350.4261,19.4850,0.35195,6.8577
1790731350.4778,19.4850,0.35195,6.8577
1790731350.5311,19.4850,0.35195,6.8577
1790731350.5854,19.4825,0.35758,6.9665
1790731350.6404,19.4825,0.35758,6.9665
1790731350.6954,19.4825,0.36017,7.0171
1790731350.7504,19.4825,0.36017,7.0171
1790731350.8055,19.4825,0.36017,7.0171
1790731350.8561,19.4825,0.35810,6.9767
1790731350.9076,19.4825,0.35810,6.9767
1790731350.9591,19.4825,0.35810,6.9767
1790731351.0115,19.4750,0.37733,7.3484
1790731351.0625,19.4750,0.37733,7.3484
1790731351.1164,19.4775,0.37013,7.2091
1790731351.1714,19.4775,0.37013,7.2091
1790731351.2229,19.4775,0.37013,7.2091
1790731351.2729,19.4775,0.37240,7.2534
1790731351.3247,19.4775,0.37240,7.2534
1790731351.3797,19.4775,0.37240,7.2534
1790731351.4300,19.4763,0.37630,7.3289
1790731351.4804,19.4763,0.37630,7.3289
1790731351.5319,19.4763,0.37630,7.3289
1790731351.5836,19.4650,0.40398,7.8634
1790731351.6375,19.4650,0.40398,7.8634
1790731351.6884,19.4763,0.37502,7.3041
1790731351.7434,19.4763,0.37502,7.3041
1790731351.7984,19.4763,0.37502,7.3041
1790731351.8492,19.4788,0.36995,7.2062
1790731351.9041,19.4788,0.36995,7.2062
1790731351.9553,19.4788,0.36995,7.2062
1790731352.0065,19.4775,0.37055,7.2174
1790731352.0586,19.4775,0.37055,7.2174
1790731352.1127,19.4775,0.37057,7.2179
1790731352.1655,19.4775,0.37057,7.2179
1790731352.2169,19.4775,0.37057,7.2179
1790731352.2673,19.4763,0.37448,7.2934
1790731352.3208,19.4763,0.37448,7.2934
1790731352.3742,19.4763,0.37448,7.2934
1790731352.4293,19.4775,0.37078,7.2218
1790731352.4798,19.4775,0.37078,7.2218
1790731352.5329,19.4775,0.37078,7.2218
1790731352.5879,19.4775,0.37250,7.2554
1790731352.6430,19.4775,0.37250,7.2554
1790731352.6980,19.4775,0.37072,7.2208
1790731352.7530,19.4775,0.37072,7.2208
1790731352.8080,19.4775,0.37072,7.2208
1790731352.8627,19.4788,0.37055,7.2179
1790731352.9127,19.4788,0.37055,7.2179
1790731352.9637,19.4788,0.37055,7.2179
1790731353.0160,19.4788,0.37055,7.2179
1790731353.0676,19.4788,0.37055,7.2179
1790731353.1186,19.4775,0.37072,7.2208
1790731353.1694,19.4775,0.37072,7.2208
1790731353.2244,19.4775,0.37072,7.2208
1790731353.2747,19.4713,0.38877,7.5699
1790731353.3294,19.4713,0.38877,7.5699
1790731353.3844,19.4713,0.38877,7.5699
1790731353.4395,19.4775,0.37265,7.2583
1790731353.4945,19.4775,0.37265,7.2583
1790731353.5495,19.4775,0.37130,7.2320
1790731353.6038,19.4775,0.37130,7.2320
1790731353.6585,19.4775,0.37130,7.2320
1790731353.7132,19.4788,0.36932,7.1940
1790731353.7639,19.4788,0.36932,7.1940
1790731353.8183,19.4788,0.36932,7.1940
1790731353.8705,19.4788,0.36843,7.1765
1790731353.9214,19.4788,0.36843,7.1765
1790731353.9761,19.4788,0.36877,7.1833
1790731354.0312,19.4788,0.36877,7.1833
1790731354.0839,19.4788,0.36877,7.1833
1790731354.1372,19.4788,0.36915,7.1906
1790731354.1906,19.4788,0.36915,7.1906
1790731354.2439,19.4788,0.36915,7.1906
1790731354.2958,19.4788,0.36835,7.1750
1790731354.3506,19.4788,0.36835,7.1750
1790731354.4043,19.4788,0.36775,7.1633
1790731354.4589,19.4788,0.36775,7.1633
1790731354.5106,19.4788,0.36775,7.1633
1790731354.5645,19.4788,0.36840,7.1760
1790731354.6176,19.4788,0.36840,7.1760
1790731354.6708,19.4788,0.36840,7.1760
1790731354.7257,19.4788,0.36895,7.1867
1790731354.7773,19.4788,0.36895,7.1867
1790731354.8307,19.4788,0.36970,7.2013
1790731354.8840,19.4788,0.36970,7.2013
1790731354.9373,19.4788,0.36970,7.2013
1790731354.9913,19.4875,0.34898,6.8007
1790731355.0454,19.4875,0.34898,6.8007
1790731355.0970,19.4875,0.34898,6.8007
1790731355.1520,19.4863,0.34775,6.7763
1790731355.2040,19.4863,0.34775,6.7763
1790731355.2573,19.4863,0.35063,6.8324
1790731355.3107,19.4863,0.35063,6.8324
1790731355.3621,19.4863,0.35063,6.8324
1790731355.4144,19.4875,0.34660,6.7544
1790731355.4648,19.4875,0.34660,6.7544
1790731355.5198,19.4875,0.34660,6.7544
1790731355.5748,19.4875,0.34593,6.7412
1790731355.6269,19.4875,0.34593,6.7412
1790731355.6805,19.4863,0.34813,6.7837
1790731355.7344,19.4863,0.34813,6.7837
1790731355.7851,19.4863,0.34813,6.7837
1790731355.8391,19.4875,0.34490,6.7212
1790731355.8914,19.4875,0.34490,6.7212
1790731355.9447,19.4875,0.34490,6.7212
1790731355.9965,19.4875,0.34687,6.7597
1790731356.0498,19.4875,0.34687,6.7597
1790731356.1036,19.4875,0.34513,6.7256
1790731356.1586,19.4875,0.34513,6.7256
1790731356.2137,19.4875,0.34513,6.7256
1790731356.2649,19.4887,0.34405,6.7051
1790731356.3149,19.4887,0.34405,6.7051
1790731356.3697,19.4887,0.34405,6.7051
1790731356.4228,19.4875,0.34698,6.7617
1790731356.4779,19.4875,0.34698,6.7617
1790731356.5309,19.4887,0.34698,6.7621
1790731356.5855,19.4887,0.34350,6.6944
1790731356.6406,19.4887,0.34350,6.6944
1790731356.6930,19.4863,0.34813,6.7837
1790731356.7465,19.4863,0.34813,6.7837
1790731356.8015,19.4863,0.34813,6.7837
1790731356.8565,19.4850,0.35352,6.8884
1790731356.9109,19.4850,0.35352,6.8884
1790731356.9642,19.4850,0.35290,6.8763
1790731357.0176,19.4850,0.35290,6.8763
1790731357.0688,19.4850,0.35290,6.8763
1790731357.1200,19.4875,0.34602,6.7432
1790731357.1750,19.4875,0.34602,6.7432
1790731357.2279,19.4875,0.34602,6.7432
1790731357.2829,19.4875,0.34508,6.7246
1790731357.3376,19.4875,0.34508,6.7246
1790731357.3889,19.4875,0.34508,6.7246
1790731357.4433,19.4875,0.34653,6.7529
1790731357.4984,19.4875,0.34653,6.7529
1790731357.5491,19.4887,0.34410,6.7061
1790731357.6024,19.4887,0.34410,6.7061
1790731357.6566,19.4887,0.34410,6.7061
1790731357.7109,19.4875,0.34595,6.7417
1790731357.7653,19.4875,0.34595,6.7417
1790731357.8177,19.4875,0.34605,6.7436
1790731357.8727,19.4875,0.34605,6.7436
1790731357.9239,19.4875,0.34605,6.7436
1790731357.9744,19.4887,0.34273,6.6793
1790731358.0290,19.4887,0.34273,6.6793
1790731358.0840,19.4887,0.34273,6.6793
1790731358.1377,19.4875,0.34520,6.7271
1790731358.1900,19.4875,0.34520,6.7271
1790731358.2444,19.4887,0.34520,6.7275
1790731358.2994,19.4887,0.34420,6.7080
1790731358.3510,19.4887,0.34420,6.7080
1790731358.4060,19.4875,0.34532,6.7295
1790731358.4610,19.4875,0.34532,6.7295
1790731358.5145,19.4875,0.34532,6.7295
1790731358.5683,19.4875,0.34517,6.7266
1790731358.6216,19.4875,0.34517,6.7266
1790731358.6727,19.4875,0.34517,6.7266
1790731358.7254,19.4875,0.34510,6.7251
1790731358.7756,19.4875,0.34510,6.7251
1790731358.8306,19.4875,0.34513,6.7256
1790731358.8844,19.4875,0.34513,6.7256
1790731358.9394,19.4875,0.34513,6.7256
1790731358.9944,19.4825,0.36125,7.0381
1790731359.0489,19.4825,0.36125,7.0381
1790731359.1039,19.4887,0.34378,6.6997
1790731359.1589,19.4887,0.34378,6.6997
1790731359.2140,19.4887,0.34378,6.6997
1790731359.2663,19.4875,0.34573,6.7373
1790731359.3165,19.4875,0.34573,6.7373
1790731359.3716,19.4875,0.34573,6.7373
1790731359.4266,19.4875,0.34505,6.7242
1790731359.4783,19.4875,0.34505,6.7242
1790731359.5333,19.4875,0.34485,6.7203
1790731359.5860,19.4875,0.34485,6.7203
1790731359.6390,19.4875,0.34485,6.7203
1790731359.6940,19.4875,0.34683,6.7588
1790731359.7464,19.4875,0.34683,6.7588
1790731359.8014,19.4875,0.34683,6.7588
1790731359.8565,19.4887,0.34350,6.6944
1790731359.9077,19.4887,0.34350,6.6944
1790731359.9591,19.4875,0.34350,6.6940
1790731360.0105,19.4875,0.34655,6.7534
1790731360.0655,19.4875,0.34655,6.7534
1790731360.1192,19.4887,0.34453,6.7144
1790731360.1742,19.4887,0.34453,6.7144
1790731360.2260,19.4887,0.34453,6.7144
1790731360.2810,19.4875,0.34540,6.7310
1790731360.3360,19.4875,0.34540,6.7310
1790731360.3910,19.4875,0.34675,6.7573
1790731360.4460,19.4875,0.34675,6.7573
1790731360.5011,19.4875,0.34675,6.7573
1790731360.5513,19.4887,0.34355,6.6954
1790731360.6051,19.4887,0.34355,6.6954
1790731360.6601,19.4887,0.34355,6.6954
1790731360.7113,19.4875,0.34565,6.7359
1790731360.7636,19.4875,0.34565,6.7359
1790731360.8186,19.4875,0.34563,6.7354
1790731360.8716,19.4875,0.34563,6.7354
1790731360.9246,19.4875,0.34563,6.7354
1790731360.9780,19.4812,0.36328,7.0771
1790731361.0300,19.4812,0.36328,7.0771
1790731361.0845,19.4812,0.36328,7.0771
1790731361.1395,19.4863,0.34882,6.7973
1790731361.1923,19.4863,0.34882,6.7973
1790731361.2447,19.4875,0.34527,6.7285
1790731361.2980,19.4875,0.34527,6.7285
1790731361.3514,19.4875,0.34527,6.7285
1790731361.4064,19.4875,0.34607,6.7441
1790731361.4581,19.4875,0.34607,6.7441
1790731361.5114,19.4875,0.34607,6.7441
1790731361.5648,19.4887,0.34407,6.7056
1790731361.6181,19.4887,0.34407,6.7056
1790731361.6714,19.4887,0.34407,6.7056
1790731361.7258,19.4887,0.34318,6.6881
1790731361.7798,19.4887,0.34318,6.6881
1790731361.8343,19.4863,0.34832,6.7875
1790731361.8893,19.4863,0.34832,6.7875
1790731361.9409,19.4863,0.34832,6.7875
1790731361.9959,19.4887,0.34370,6.6983
1790731362.0466,19.4887,0.34370,6.6983
1790731362.0978,19.4887,0.34370,6.6983
1790731362.1528,19.4887,0.34543,6.7319
1790731362.2068,19.4887,0.34543,6.7319
1790731362.2573,19.4887,0.34480,6.7197
1790731362.3115,19.4887,0.34480,6.7197
1790731362.3651,19.4887,0.34480,6.7197
1790731362.4181,19.4863,0.34820,6.7851
1790731362.4715,19.4863,0.34820,6.7851
1790731362.5248,19.4863,0.34820,6.7851
1790731362.5798,19.4863,0.34823,6.7856
1790731362.6348,19.4863,0.34823,6.7856
1790731362.6899,19.4887,0.34335,6.6915
1790731362.7449,19.4887,0.34335,6.6915
1790731362.7999,19.4887,0.34335,6.6915
1790731362.8533,19.4875,0.34745,6.7709
1790731362.9067,19.4875,0.34745,6.7709
1790731362.9580,19.4850,0.35530,6.9230
1790731363.0130,19.4850,0.35530,6.9230
1790731363.0649,19.4850,0.35530,6.9230
1790731363.1179,19.4887,0.34370,6.6983
1790731363.1688,19.4887,0.34370,6.6983
1790731363.2238,19.4887,0.34370,6.6983
1790731363.2742,19.4875,0.34780,6.7778
1790731363.3293,19.4875,0.34780,6.7778
1790731363.3808,19.4875,0.34780,6.7778
1790731363.4320,19.4875,0.34527,6.7285
1790731363.4859,19.4875,0.34527,6.7285
1790731363.5383,19.4863,0.35025,6.8251
1790731363.5933,19.4863,0.35025,6.8251
1790731363.6477,19.4863,0.35025,6.8251
1790731363.6983,19.4875,0.34613,6.7451
1790731363.7525,19.4875,0.34613,6.7451
1790731363.8075,19.4875,0.34613,6.7451
1790731363.8610,19.4875,0.34665,6.7553
1790731363.9142,19.4875,0.34665,6.7553
1790731363.9690,19.4875,0.34687,6.7597
1790731364.0199,19.4875,0.34687,6.7597
1790731364.0716,19.4875,0.34687,6.7597
1790731364.1250,19.4863,0.35150,6.8494
1790731364.1792,19.4863,0.35150,6.8494
1790731364.2340,19.4863,0.35150,6.8494
1790731364.2841,19.4875,0.34605,6.7436
1790731364.3384,19.4875,0.34605,6.7436
1790731364.3917,19.4875,0.34665,6.7553
1790731364.4467,19.4875,0.34665,6.7553
1790731364.4992,19.4875,0.34665,6.7553
1790731364.5536,19.4875,0.34543,6.7315
1790731364.6051,19.4875,0.34543,6.7315
1790731364.6584,19.4875,0.34543,6.7315
1790731364.7117,19.4875,0.34628,6.7480
1790731364.7619,19.4875,0.34628,6.7480
1790731364.8170,19.4863,0.35130,6.8455
1790731364.8720,19.4863,0.35130,6.8455
1790731364.9256,19.4863,0.35130,6.8455
1790731364.9784,19.4825,0.35900,6.9942
1790731365.0300,19.4825,0.35900,6.9942
1790731365.0850,19.4825,0.35900,6.9942
1790731365.1379,19.4875,0.34640,6.7505
1790731365.1918,19.4875,0.34640,6.7505
1790731365.2451,19.4875,0.34483,6.7198
1790731365.2985,19.4875,0.34483,6.7198
1790731365.3528,19.4875,0.34483,6.7198
1790731365.4051,19.4863,0.34870,6.7949
1790731365.4602,19.4863,0.34870,6.7949
1790731365.5121,19.4863,0.34870,6.7949
1790731365.5671,19.4875,0.34782,6.7782
1790731365.6210,19.4875,0.34782,6.7782
1790731365.6719,19.4887,0.34473,6.7183
1790731365.7262,19.4887,0.34473,6.7183
1790731365.7803,19.4887,0.34473,6.7183
1790731365.8318,19.4875,0.34550,6.7329
1790731365.8832,19.4875,0.34550,6.7329
1790731365.9382,19.4875,0.34550,6.7329
1790731365.9919,19.4850,0.35352,6.8884
1790731366.0429,19.4850,0.35352,6.8884
1790731366.0979,19.4850,0.35352,6.8884
1790731366.1529,19.4850,0.35355,6.8889
1790731366.2032,19.4850,0.35355,6.8889
1790731366.2583,19.4850,0.35183,6.8553
1790731366.3133,19.4850,0.35183,6.8553
1790731366.3654,19.4850,0.35183,6.8553
1790731366.4186,19.4887,0.34387,6.7017
1790731366.4719,19.4887,0.34387,6.7017
1790731366.5261,19.4850,0.34387,6.7004
1790731366.5811,19.4850,0.35350,6.8879
1790731366.6321,19.4850,0.35350,6.8879
1790731366.6855,19.4850,0.35218,6.8621
1790731366.7378,19.4850,0.35218,6.8621
1790731366.7928,19.4850,0.35218,6.8621
1790731366.8478,19.4838,0.35478,6.9123
1790731366.9006,19.4838,0.35478,6.9123
1790731366.9556,19.4812,0.36348,7.0809
1790731367.0063,19.4812,0.36348,7.0809
1790731367.0576,19.4812,0.36348,7.0809
1790731367.1123,19.4800,0.36625,7.1346
1790731367.1673,19.4800,0.36625,7.1346
1790731367.2224,19.4800,0.36625,7.1346
1790731367.2748,19.4800,0.36602,7.1302
1790731367.3265,19.4800,0.36602,7.1302
1790731367.3776,19.4800,0.36602,7.1302
1790731367.4327,19.4800,0.36547,7.1195
1790731367.4876,19.4800,0.36547,7.1195
1790731367.5385,19.4800,0.36662,7.1419
1790731367.5928,19.4800,0.36662,7.1419
1790731367.6461,19.4800,0.36662,7.1419
1790731367.6987,19.4800,0.36555,7.1209
1790731367.7535,19.4800,0.36555,7.1209
1790731367.8085,19.4800,0.36555,7.1209
1790731367.8620,19.4800,0.36523,7.1146
1790731367.9164,19.4800,0.36523,7.1146
1790731367.9714,19.4788,0.36790,7.1662
1790731368.0225,19.4788,0.36790,7.1662
1790731368.0764,19.4788,0.36790,7.1662
1790731368.1285,19.4800,0.36467,7.1039
1790731368.1835,19.4800,0.36467,7.1039
1790731368.2380,19.4800,0.36467,7.1039
1790731368.2919,19.4800,0.36602,7.1302
1790731368.3425,19.4800,0.36602,7.1302
1790731368.3975,19.4800,0.36502,7.1107
1790731368.4526,19.4800,0.36502,7.1107
1790731368.5056,19.4800,0.36502,7.1107
1790731368.5606,19.4800,0.36705,7.1501
1790731368.6118,19.4800,0.36705,7.1501
1790731368.6668,19.4800,0.36705,7.1501
1790731368.7210,19.4737,0.38345,7.4672
1790731368.7727,19.4737,0.38345,7.4672
1790731368.8271,19.4800,0.36717,7.1526
1790731368.8774,19.4800,0.36717,7.1526
1790731368.9289,19.4800,0.36717,7.1526
1790731368.9827,19.4788,0.37057,7.2183
1790731369.0328,19.4788,0.37057,7.2183
1790731369.0878,19.4788,0.37057,7.2183
1790731369.1425,19.4875,0.34742,6.7704
1790731369.1975,19.4875,0.34742,6.7704
1790731369.2525,19.4875,0.34708,6.7636
1790731369.3037,19.4875,0.34708,6.7636
1790731369.3567,19.4875,0.34708,6.7636
1790731369.4069,19.4863,0.34950,6.8104
1790731369.4620,19.4863,0.34950,6.8104
1790731369.5166,19.4863,0.34950,6.8104
1790731369.5666,19.4863,0.34845,6.7900
1790731369.6175,19.4863,0.34845,6.7900
1790731369.6696,19.4875,0.34613,6.7451
1790731369.7247,19.4875,0.34613,6.7451
1790731369.7797,19.4875,0.34613,6.7451
1790731369.8347,19.4838,0.35490,6.9148
1790731369.8884,19.4838,0.35490,6.9148
1790731369.9389,19.4838,0.35490,6.9148
1790731369.9907,19.4875,0.34742,6.7704
1790731370.0457,19.4875,0.34742,6.7704
1790731370.0987,19.4875,0.34795,6.7807
1790731370.1520,19.4875,0.34795,6.7807
1790731370.2067,19.4875,0.34795,6.7807
1790731370.2579,19.4875,0.34635,6.7495
1790731370.3098,19.4875,0.34635,6.7495
1790731370.3613,19.4875,0.34635,6.7495
1790731370.4149,19.4875,0.34723,6.7665
1790731370.4684,19.4875,0.34723,6.7665
1790731370.5198,19.4875,0.34723,6.7665
1790731370.5742,19.4863,0.34905,6.8017
1790731370.6286,19.4863,0.34905,6.8017
1790731370.6796,19.4875,0.34668,6.7558
1790731370.7346,19.4875,0.34668,6.7558
1790731370.7869,19.4875,0.34668,6.7558
1790731370.8419,19.4875,0.34613,6.7451
1790731370.8955,19.4875,0.34613,6.7451
1790731370.9505,19.4875,0.34613,6.7451
1790731371.0056,19.4850,0.35263,6.8709
1790731371.0576,19.4850,0.35263,6.8709
1790731371.1126,19.4863,0.35123,6.8441
1790731371.1677,19.4863,0.35123,6.8441
1790731371.2227,19.4863,0.35123,6.8441
1790731371.2777,19.4875,0.34760,6.7739
1790731371.3310,19.4875,0.34760,6.7739
1790731371.3860,19.4887,0.34390,6.7022
1790731371.4410,19.4887,0.34390,6.7022
1790731371.4960,19.4887,0.34390,6.7022
1790731371.5510,19.4875,0.34535,6.7300
1790731371.6056,19.4875,0.34535,6.7300
1790731371.6606,19.4875,0.34535,6.7300
1790731371.7131,19.4887,0.34427,6.7095
1790731371.7639,19.4887,0.34427,6.7095
1790731371.8183,19.4887,0.34345,6.6934
1790731371.8700,19.4887,0.34345,6.6934
1790731371.9242,19.4887,0.34345,6.6934
1790731371.9745,19.4875,0.34728,6.7675
1790731372.0250,19.4875,0.34728,6.7675
1790731372.0789,19.4875,0.34728,6.7675
1790731372.1338,19.4887,0.34348,6.6939
1790731372.1860,19.4887,0.34348,6.6939
1790731372.2410,19.4887,0.34520,6.7275
1790731372.2941,19.4887,0.34520,6.7275
1790731372.3483,19.4887,0.34520,6.7275
1790731372.4021,19.4887,0.34503,6.7241
1790731372.4571,19.4887,0.34503,6.7241
1790731372.5072,19.4887,0.34503,6.7241
1790731372.5587,19.4850,0.35208,6.8602
1790731372.6119,19.4850,0.35208,6.8602
1790731372.6626,19.4850,0.35208,6.8602
1790731372.7167,19.4875,0.34545,6.7320
1790731372.7689,19.4875,0.34545,6.7320
1790731372.8239,19.4887,0.34392,6.7027
1790731372.8789,19.4887,0.34392,6.7027
1790731372.9315,19.4887,0.34392,6.7027
1790731372.9866,19.4875,0.34835,6.7885
1790731373.0369,19.4875,0.34835,6.7885
1790731373.0872,19.4875,0.34835,6.7885
1790731373.1373,19.4875,0.34703,6.7626
1790731373.1923,19.4875,0.34703,6.7626
1790731373.2464,19.4887,0.34403,6.7046
1790731373.3015,19.4887,0.34403,6.7046
1790731373.3543,19.4887,0.34403,6.7046
1790731373.4065,19.4875,0.34527,6.7285
1790731373.4599,19.4875,0.34527,6.7285
1790731373.5127,19.4875,0.34527,6.7285
1790731373.5647,19.4887,0.34515,6.7265
1790731373.6197,19.4887,0.34515,6.7265
1790731373.6747,19.4875,0.34593,6.7412
1790731373.7297,19.4875,0.34593,6.7412
1790731373.7847,19.4875,0.34593,6.7412
1790731373.8397,19.4887,0.34535,6.7304
1790731373.8930,19.4887,0.34535,6.7304
1790731373.9480,19.4887,0.34535,6.7304
1790731374.0030,19.4887,0.34503,6.7241
1790731374.0581,19.4887,0.34503,6.7241
1790731374.1129,19.4863,0.35015,6.8231
1790731374.1648,19.4863,0.35015,6.8231
1790731374.2149,19.4863,0.35015,6.8231
1790731374.2700,19.4875,0.34740,6.7700
1790731374.3232,19.4875,0.34740,6.7700
1790731374.3782,19.4887,0.34740,6.7704
1790731374.4332,19.4887,0.34545,6.7324
1790731374.4882,19.4887,0.34545,6.7324
1790731374.5432,19.4875,0.34668,6.7558
1790731374.5971,19.4875,0.34668,6.7558
1790731374.6521,19.4875,0.34668,6.7558
1790731374.7071,19.4875,0.34535,6.7300
1790731374.7621,19.4875,0.34535,6.7300
1790731374.8143,19.4875,0.34815,6.7846
1790731374.8666,19.4875,0.34815,6.7846
1790731374.9217,19.4875,0.34815,6.7846
1790731374.9767,19.4875,0.34718,6.7656
1790731375.0287,19.4875,0.34718,6.7656
1790731375.0837,19.4875,0.34718,6.7656
1790731375.1355,19.4800,0.36865,7.1813
1790731375.1905,19.4800,0.36865,7.1813
1790731375.2434,19.4875,0.34805,6.7826
1790731375.2985,19.4875,0.34805,6.7826
1790731375.3518,19.4875,0.34805,6.7826
1790731375.4026,19.4875,0.34503,6.7237
1790731375.4576,19.4875,0.34503,6.7237
1790731375.5110,19.4875,0.34503,6.7237
1790731375.5660,19.4863,0.34885,6.7978
1790731375.6210,19.4863,0.34885,6.7978
1790731375.6711,19.4875,0.34870,6.7953
1790731375.7261,19.4875,0.34870,6.7953
1790731375.7811,19.4875,0.34870,6.7953
1790731375.8362,19.4875,0.34515,6.7261
1790731375.8885,19.4875,0.34515,6.7261
1790731375.9435,19.4875,0.34515,6.7261
1790731375.9985,19.4875,0.34657,6.7539
1790731376.0535,19.4875,0.34657,6.7539
1790731376.1085,19.4875,0.34808,6.7831
1790731376.1635,19.4875,0.34808,6.7831
1790731376.2147,19.4875,0.34808,6.7831
1790731376.2697,19.4875,0.34735,6.7690
1790731376.3200,19.4875,0.34735,6.7690
1790731376.3750,19.4875,0.34735,6.7690
1790731376.4279,19.4887,0.34458,6.7153
1790731376.4818,19.4887,0.34458,6.7153
1790731376.5360,19.4887,0.34568,6.7368
1790731376.5910,19.4887,0.34568,6.7368
1790731376.6460,19.4887,0.34568,6.7368
1790731376.7010,19.4875,0.34793,6.7802
1790731376.7560,19.4875,0.34793,6.7802
1790731376.8111,19.4887,0.34453,6.7144
1790731376.8615,19.4887,0.34453,6.7144
1790731376.9124,19.4887,0.34453,6.7144
1790731376.9672,19.4875,0.34668,6.7558
1790731377.0195,19.4875,0.34668,6.7558
1790731377.0708,19.4875,0.34668,6.7558
1790731377.1258,19.4825,0.35970,7.0079
1790731377.1768,19.4825,0.35970,7.0079
1790731377.2290,19.4825,0.35970,7.0079
1790731377.2840,19.4875,0.34598,6.7422
1790731377.3391,19.4875,0.34598,6.7422
1790731377.3899,19.4863,0.35063,6.8324
1790731377.4434,19.4863,0.35063,6.8324
1790731377.4952,19.4863,0.35063,6.8324
1790731377.5483,19.4875,0.34687,6.7597
1790731377.6033,19.4875,0.34687,6.7597
1790731377.6583,19.4875,0.34687,6.7597
1790731377.7111,19.4875,0.34723,6.7665
1790731377.7636,19.4875,0.34723,6.7665
1790731377.8180,19.4875,0.34670,6.7563
1790731377.8723,19.4875,0.34670,6.7563
1790731377.9273,19.4875,0.34670,6.7563
1790731377.9818,19.4887,0.34505,6.7246
1790731378.0361,19.4887,0.34505,6.7246
1790731378.0890,19.4887,0.34505,6.7246
1790731378.1440,19.4875,0.34780,6.7778
1790731378.1972,19.4875,0.34780,6.7778
1790731378.2522,19.4887,0.34538,6.7309
1790731378.3055,19.4887,0.34538,6.7309
1790731378.3606,19.4887,0.34538,6.7309
1790731378.4122,19.4875,0.34843,6.7899
1790731378.4625,19.4875,0.34843,6.7899
1790731378.5176,19.4875,0.34843,6.7899
1790731378.5691,19.4887,0.34598,6.7426
1790731378.6242,19.4887,0.34598,6.7426
1790731378.6792,19.4875,0.34530,6.7290
1790731378.7294,19.4875,0.34530,6.7290
1790731378.7843,19.4875,0.34530,6.7290
1790731378.8378,19.4875,0.34773,6.7763
1790731378.8887,19.4875,0.34773,6.7763
1790731378.9390,19.4875,0.34773,6.7763
1790731378.9933,19.4875,0.34735,6.7690
1790731379.0459,19.4875,0.34735,6.7690
1790731379.0963,19.4875,0.34577,6.7383
1790731379.1481,19.4875,0.34577,6.7383
1790731379.1983,19.4875,0.34577,6.7383
1790731379.2501,19.4887,0.34632,6.7494
1790731379.3042,19.4887,0.34632,6.7494
1790731379.3592,19.4887,0.34632,6.7494
1790731379.4142,19.4887,0.34470,6.7178
1790731379.4689,19.4887,0.34470,6.7178
1790731379.5204,19.4875,0.34470,6.7173
1790731379.5754,19.4875,0.34690,6.7602
1790731379.6299,19.4875,0.34690,6.7602
1790731379.6838,19.4875,0.34735,6.7690
1790731379.7385,19.4875,0.34735,6.7690
1790731379.7888,19.4875,0.34735,6.7690
1790731379.8437,19.4887,0.34318,6.6881
1790731379.8966,19.4887,0.34318,6.6881
1790731379.9489,19.4875,0.34318,6.6876
1790731380.0034,19.4875,0.34623,6.7471
1790731380.0585,19.4875,0.34623,6.7471
1790731380.1110,19.4887,0.34538,6.7309
1790731380.1660,19.4887,0.34538,6.7309
1790731380.2210,19.4887,0.34538,6.7309
1790731380.2760,19.4863,0.35050,6.8299
1790731380.3310,19.4863,0.35050,6.8299
1790731380.3816,19.4863,0.35090,6.8377
1790731380.4336,19.4863,0.35090,6.8377
1790731380.4855,19.4863,0.35090,6.8377
1790731380.5405,19.4887,0.34423,6.7085
1790731380.5954,19.4887,0.34423,6.7085
1790731380.6504,19.4887,0.34423,6.7085
1790731380.7019,19.4875,0.34905,6.8021
1790731380.7570,19.4875,0.34905,6.8021
1790731380.8120,19.4887,0.34525,6.7285
1790731380.8641,19.4887,0.34525,6.7285
1790731380.9184,19.4887,0.34525,6.7285
1790731380.9700,19.4875,0.34637,6.7500
1790731381.0232,19.4875,0.34637,6.7500
1790731381.0756,19.4875,0.34637,6.7500
1790731381.1294,19.4863,0.35190,6.8572
1790731381.1841,19.4863,0.35190,6.8572
1790731381.2389,19.4875,0.34692,6.7607
1790731381.2939,19.4875,0.34692,6.7607
1790731381.3448,19.4875,0.34692,6.7607
1790731381.3992,19.4875,0.34747,6.7714
1790731381.4521,19.4875,0.34747,6.7714
1790731381.5028,19.4875,0.34747,6.7714
1790731381.5540,19.4887,0.34403,6.7046
1790731381.6090,19.4887,0.34403,6.7046
1790731381.6619,19.4875,0.34403,6.7042
1790731381.7123,19.4875,0.34598,6.7422
1790731381.7673,19.4875,0.34598,6.7422
1790731381.8217,19.4887,0.34500,6.7236
1790731381.8742,19.4887,0.34500,6.7236
1790731381.9270,19.4887,0.34500,6.7236
1790731381.9803,19.4887,0.34355,6.6954
1790731382.0353,19.4887,0.34355,6.6954
1790731382.0866,19.4887,0.34355,6.6954
1790731382.1417,19.4875,0.34720,6.7661
1790731382.1927,19.4875,0.34720,6.7661
1790731382.2469,19.4875,0.34660,6.7544
1790731382.3019,19.4875,0.34660,6.7544
1790731382.3569,19.4875,0.34660,6.7544
1790731382.4119,19.4875,0.34747,6.7714
1790731382.4651,19.4875,0.34747,6.7714
1790731382.5201,19.4875,0.34830,6.7875
1790731382.5704,19.4875,0.34830,6.7875
1790731382.6254,19.4875,0.34830,6.7875
1790731382.6760,19.4887,0.34380,6.7002
1790731382.7275,19.4887,0.34380,6.7002
1790731382.7804,19.4887,0.34380,6.7002
1790731382.8341,19.4875,0.34637,6.7500
1790731382.8880,19.4875,0.34637,6.7500
1790731382.9405,19.4875,0.34637,6.7500
1790731382.9938,19.4887,0.34515,6.7265
1790731383.0479,19.4887,0.34515,6.7265
1790731383.1013,19.4838,0.35755,6.9664
1790731383.1554,19.4838,0.35755,6.9664
1790731383.2104,19.4838,0.35755,6.9664
1790731383.2640,19.4875,0.34788,6.7792
1790731383.3184,19.4875,0.34788,6.7792
1790731383.3733,19.4875,0.34788,6.7792
1790731383.4283,19.4887,0.34598,6.7426
1790731383.4815,19.4887,0.34598,6.7426
1790731383.5325,19.4875,0.34632,6.7490
1790731383.5863,19.4875,0.34632,6.7490
1790731383.6413,19.4875,0.34632,6.7490
1790731383.6934,19.4887,0.34530,6.7295
1790731383.7458,19.4887,0.34530,6.7295
1790731383.7994,19.4887,0.34530,6.7295
1790731383.8505,19.4887,0.34565,6.7363
1790731383.9017,19.4887,0.34565,6.7363
1790731383.9553,19.4887,0.34545,6.7324
1790731384.0072,19.4887,0.34545,6.7324
1790731384.0615,19.4887,0.34545,6.7324
1790731384.1150,19.4887,0.34488,6.7212
1790731384.1672,19.4887,0.34488,6.7212
1790731384.2206,19.4887,0.34488,6.7212
1790731384.2730,19.4875,0.34935,6.8080
1790731384.3272,19.4875,0.34935,6.8080
1790731384.3800,19.4887,0.34535,6.7304
1790731384.4348,19.4887,0.34535,6.7304
1790731384.4863,19.4887,0.34535,6.7304
1790731384.5395,19.4887,0.34523,6.7280
1790731384.5930,19.4887,0.34523,6.7280
1790731384.6441,19.4887,0.34523,6.7280
1790731384.6991,19.4875,0.34650,6.7524
1790731384.7541,19.4875,0.34650,6.7524
1790731384.8091,19.4875,0.34677,6.7578
1790731384.8607,19.4875,0.34677,6.7578
1790731384.9140,19.4875,0.34677,6.7578
1790731384.9671,19.4887,0.34568,6.7368
1790731385.0218,19.4887,0.34568,6.7368
1790731385.0743,19.4887,0.34568,6.7368
1790731385.1263,19.4887,0.34405,6.7051
1790731385.1771,19.4887,0.34405,6.7051
1790731385.2314,19.4887,0.34405,6.7051
1790731385.2818,19.4887,0.34437,6.7114
1790731385.3368,19.4887,0.34437,6.7114
1790731385.3918,19.4863,0.34945,6.8095
1790731385.4468,19.4863,0.34945,6.8095
1790731385.5018,19.4863,0.34945,6.8095
1790731385.5530,19.4812,0.36345,7.0805
1790731385.6050,19.4812,0.36345,7.0805
1790731385.6561,19.4812,0.36345,7.0805
1790731385.7085,19.4863,0.35185,6.8562
1790731385.7607,19.4863,0.35185,6.8562
1790731385.8125,19.4875,0.34758,6.7734
1790731385.8673,19.4875,0.34758,6.7734
1790731385.9210,19.4875,0.34758,6.7734
1790731385.9739,19.4875,0.34802,6.7821
1790731386.0253,19.4875,0.34802,6.7821
1790731386.0766,19.4875,0.34802,6.7821
1790731386.1316,19.4863,0.35030,6.8260
1790731386.1833,19.4863,0.35030,6.8260
1790731386.2341,19.4875,0.34802,6.7821
1790731386.2875,19.4875,0.34802,6.7821
1790731386.3414,19.4875,0.34802,6.7821
1790731386.3964,19.4863,0.35228,6.8645
1790731386.4475,19.4863,0.35228,6.8645
1790731386.5025,19.4863,0.35228,6.8645
1790731386.5565,19.4875,0.34755,6.7729
1790731386.6079,19.4875,0.34755,6.7729
1790731386.6593,19.4875,0.34755,6.7729
1790731386.7143,19.4875,0.34782,6.7782
1790731386.7694,19.4875,0.34782,6.7782
1790731386.8211,19.4875,0.34848,6.7909
1790731386.8760,19.4875,0.34848,6.7909
1790731386.9275,19.4875,0.34848,6.7909
1790731386.9819,19.4875,0.34745,6.7709
1790731387.0342,19.4875,0.34745,6.7709
1790731387.0855,19.4875,0.34745,6.7709
1790731387.1405,19.4838,0.35558,6.9279
1790731387.1953,19.4838,0.35558,6.9279
1790731387.2479,19.4875,0.34795,6.7807
1790731387.3003,19.4875,0.34795,6.7807
1790731387.3517,19.4875,0.34795,6.7807
1790731387.4067,19.4863,0.34968,6.8139
1790731387.4575,19.4863,0.34968,6.8139
1790731387.5125,19.4863,0.34968,6.8139
1790731387.5663,19.4850,0.35378,6.8933
1790731387.6210,19.4850,0.35378,6.8933
1790731387.6753,19.4875,0.34758,6.7734
1790731387.7303,19.4875,0.34758,6.7734
1790731387.7843,19.4875,0.34758,6.7734
1790731387.8373,19.4875,0.34675,6.7573
1790731387.8923,19.4875,0.34675,6.7573
1790731387.9466,19.4887,0.34547,6.7329
1790731388.0011,19.4887,0.34547,6.7329
1790731388.0545,19.4887,0.34547,6.7329
1790731388.1053,19.4887,0.34530,6.7295
1790731388.1595,19.4887,0.34530,6.7295
1790731388.2145,19.4887,0.34530,6.7295
1790731388.2695,19.4875,0.34767,6.7753
1790731388.3246,19.4875,0.34767,6.7753
1790731388.3796,19.4875,0.34780,6.7778
1790731388.4303,19.4875,0.34780,6.7778
1790731388.4830,19.4875,0.34780,6.7778
1790731388.5357,19.4875,0.34680,6.7583
1790731388.5880,19.4875,0.34680,6.7583
1790731388.6430,19.4875,0.34680,6.7583
1790731388.6980,19.4887,0.34460,6.7158
1790731388.7499,19.4887,0.34460,6.7158
1790731388.8004,19.4887,0.34460,6.7158
1790731388.8547,19.4887,0.34263,6.6773
1790731388.9082,19.4887,0.34263,6.6773
1790731388.9617,19.4887,0.34445,6.7129
1790731389.0167,19.4887,0.34445,6.7129
1790731389.0682,19.4887,0.34445,6.7129
1790731389.1233,19.4875,0.34775,6.7768
1790731389.1734,19.4875,0.34775,6.7768
1790731389.2284,19.4800,0.34775,6.7742
1790731389.2799,19.4800,0.36715,7.1521
1790731389.3350,19.4800,0.36715,7.1521
1790731389.3900,19.4863,0.34913,6.8031
1790731389.4434,19.4863,0.34913,6.8031
1790731389.4957,19.4863,0.34913,6.8031
1790731389.5505,19.4887,0.34450,6.7139
1790731389.6023,19.4887,0.34450,6.7139
1790731389.6536,19.4887,0.34450,6.7139
1790731389.7086,19.4875,0.34677,6.7578
1790731389.7636,19.4875,0.34677,6.7578
1790731389.8179,19.4887,0.34325,6.6895
1790731389.8699,19.4887,0.34325,6.6895
1790731389.9249,19.4887,0.34325,6.6895
1790731389.9800,19.4887,0.34387,6.7017
1790731390.0344,19.4887,0.34387,6.7017
1790731390.0894,19.4875,0.34840,6.7894
1790731390.1432,19.4875,0.34840,6.7894
1790731390.1946,19.4875,0.34840,6.7894
1790731390.2480,19.4863,0.34940,6.8085
1790731390.3012,19.4863,0.34940,6.8085
1790731390.3529,19.4863,0.34940,6.8085
1790731390.4068,19.4863,0.35125,6.8445
1790731390.4613,19.4863,0.35125,6.8445
1790731390.5146,19.4875,0.35125,6.8450
1790731390.5647,19.4875,0.34683,6.7588
1790731390.6195,19.4875,0.34683,6.7588
1790731390.6704,19.4887,0.34458,6.7153
1790731390.7254,19.4887,0.34458,6.7153
1790731390.7755,19.4887,0.34458,6.7153
1790731390.8272,19.4875,0.34660,6.7544
1790731390.8822,19.4875,0.34660,6.7544
1790731390.9358,19.4875,0.34660,6.7544
1790731390.9893,19.4887,0.34473,6.7183
1790731391.0406,19.4887,0.34473,6.7183
1790731391.0908,19.4875,0.34753,6.7724
1790731391.1413,19.4875,0.34753,6.7724
1790731391.1964,19.4875,0.34753,6.7724
1790731391.2469,19.4825,0.36063,7.0259
1790731391.3014,19.4825,0.36063,7.0259
1790731391.3533,19.4825,0.36063,7.0259
1790731391.4081,19.4887,0.34503,6.7241
1790731391.4614,19.4887,0.34503,6.7241
1790731391.5115,19.4887,0.34503,6.7241
1790731391.5651,19.4863,0.34975,6.8153
1790731391.6202,19.4863,0.34975,6.8153
1790731391.6748,19.4887,0.34673,6.7572
1790731391.7281,19.4887,0.34673,6.7572
1790731391.7824,19.4887,0.34673,6.7572
1790731391.8368,19.4875,0.34660,6.7544
1790731391.8891,19.4875,0.34660,6.7544
1790731391.9441,19.4887,0.34568,6.7368
1790731391.9953,19.4887,0.34568,6.7368
1790731392.0503,19.4887,0.34568,6.7368
1790731392.1047,19.4887,0.34418,6.7075
1790731392.1578,19.4887,0.34418,6.7075
1790731392.2112,19.4887,0.34418,6.7075
1790731392.2615,19.4887,0.34573,6.7377
1790731392.3163,19.4887,0.34573,6.7377
1790731392.3713,19.4887,0.34573,6.7377
1790731392.4263,19.4887,0.34462,6.7163
1790731392.4766,19.4887,0.34462,6.7163
1790731392.5296,19.4875,0.34805,6.7826
1790731392.5846,19.4875,0.34805,6.7826
1790731392.6348,19.4875,0.34805,6.7826
1790731392.6899,19.4887,0.34580,6.7392
1790731392.7449,19.4887,0.34580,6.7392
1790731392.7999,19.4887,0.34580,6.7392
1790731392.8538,19.4887,0.34373,6.6988
1790731392.9077,19.4887,0.34373,6.6988
1790731392.9599,19.4887,0.34573,6.7377
1790731393.0114,19.4887,0.34573,6.7377
1790731393.0638,19.4887,0.34573,6.7377
1790731393.1159,19.4875,0.34695,6.7612
1790731393.1692,19.4875,0.34695,6.7612
1790731393.2211,19.4875,0.34695,6.7612
1790731393.2761,19.4863,0.35020,6.8241
1790731393.3276,19.4863,0.35020,6.8241
1790731393.3826,19.4887,0.34590,6.7412
1790731393.4345,19.4887,0.34590,6.7412
1790731393.4884,19.4887,0.34590,6.7412
1790731393.5389,19.4875,0.34680,6.7583
1790731393.5906,19.4875,0.34680,6.7583
1790731393.6420,19.4875,0.34680,6.7583
1790731393.6969,19.4875,0.34645,6.7514
1790731393.7478,19.4875,0.34645,6.7514
1790731393.8003,19.4887,0.34513,6.7261
1790731393.8553,19.4887,0.34513,6.7261
1790731393.9089,19.4887,0.34513,6.7261
1790731393.9600,19.4887,0.34520,6.7275
1790731394.0150,19.4887,0.34520,6.7275
1790731394.0686,19.4887,0.34520,6.7275
1790731394.1219,19.4887,0.34665,6.7558
1790731394.1742,19.4887,0.34665,6.7558
1790731394.2289,19.4887,0.34488,6.7212
1790731394.2803,19.4887,0.34488,6.7212
1790731394.3349,19.4887,0.34488,6.7212
1790731394.3853,19.4875,0.34835,6.7885
1790731394.4387,19.4875,0.34835,6.7885
1790731394.4927,19.4875,0.34835,6.7885
1790731394.5452,19.4875,0.34703,6.7626
1790731394.5969,19.4875,0.34703,6.7626
1790731394.6480,19.4875,0.34703,6.7626
1790731394.7017,19.4887,0.34580,6.7392
1790731394.7551,19.4887,0.34580,6.7392
1790731394.8101,19.4887,0.34570,6.7373
1790731394.8629,19.4887,0.34570,6.7373
1790731394.9161,19.4887,0.34570,6.7373
1790731394.9698,19.4887,0.34413,6.7066
1790731395.0228,19.4887,0.34413,6.7066
1790731395.0732,19.4887,0.34413,6.7066
1790731395.1283,19.4887,0.34547,6.7329
1790731395.1818,19.4887,0.34547,6.7329
1790731395.2368,19.4850,0.35345,6.8870
1790731395.2918,19.4850,0.35345,6.8870
1790731395.3451,19.4850,0.35345,6.8870
1790731395.3974,19.4887,0.34373,6.6988
1790731395.4508,19.4887,0.34373,6.6988
1790731395.5043,19.4887,0.34373,6.6988
1790731395.5560,19.4875,0.34653,6.7529
1790731395.6110,19.4875,0.34653,6.7529
1790731395.6619,19.4887,0.34400,6.7041
1790731395.7152,19.4887,0.34400,6.7041
1790731395.7685,19.4887,0.34400,6.7041
1790731395.8236,19.4887,0.34497,6.7231
1790731395.8738,19.4887,0.34497,6.7231
1790731395.9250,19.4887,0.34497,6.7231
1790731395.9800,19.4887,0.34310,6.6866
1790731396.0318,19.4887,0.34310,6.6866
1790731396.0868,19.4887,0.34375,6.6993
1790731396.1405,19.4887,0.34375,6.6993
1790731396.1952,19.4887,0.34375,6.6993
1790731396.2491,19.4887,0.34430,6.7100
1790731396.3019,19.4887,0.34430,6.7100
1790731396.3563,19.4887,0.34430,6.7100
1790731396.4087,19.4887,0.34468,6.7173
1790731396.4619,19.4887,0.34468,6.7173
1790731396.5153,19.4887,0.34587,6.7407
1790731396.5688,19.4887,0.34587,6.7407
1790731396.6220,19.4887,0.34587,6.7407
1790731396.6753,19.4887,0.34547,6.7329
1790731396.7289,19.4887,0.34547,6.7329
1790731396.7826,19.4887,0.34547,6.7329
1790731396.8376,19.4887,0.34427,6.7095
1790731396.8926,19.4887,0.34427,6.7095
1790731396.9438,19.4887,0.34490,6.7217
1790731396.9952,19.4887,0.34490,6.7217
1790731397.0487,19.4887,0.34490,6.7217
1790731397.1014,19.4887,0.34495,6.7226
1790731397.1564,19.4887,0.34495,6.7226
1790731397.2086,19.4887,0.34495,6.7226
1790731397.2611,19.4825,0.36170,7.0468
1790731397.3158,19.4825,0.36170,7.0468
1790731397.3708,19.4887,0.34355,6.6954
1790731397.4227,19.4887,0.34355,6.6954
1790731397.4769,19.4887,0.34355,6.6954
1790731397.5302,19.4887,0.34427,6.7095
1790731397.5835,19.4887,0.34427,6.7095
1790731397.6336,19.4887,0.34427,6.7095
1790731397.6869,19.4875,0.34835,6.7885
1790731397.7416,19.4875,0.34835,6.7885
1790731397.7966,19.4900,0.34835,6.7893
1790731397.8467,19.4900,0.34337,6.6924
1790731397.9008,19.4900,0.34337,6.6924
1790731397.9542,19.4887,0.34508,6.7251
1790731398.0085,19.4887,0.34508,6.7251
1790731398.0635,19.4887,0.34508,6.7251
1790731398.1186,19.4887,0.34368,6.6978
1790731398.1736,19.4887,0.34368,6.6978
1790731398.2260,19.4887,0.34368,6.6978
1790731398.2786,19.4887,0.34400,6.7041
1790731398.3336,19.4887,0.34400,6.7041
1790731398.3887,19.4875,0.34898,6.8007
1790731398.4422,19.4875,0.34898,6.8007
1790731398.4929,19.4875,0.34898,6.8007
1790731398.5449,19.4887,0.34427,6.7095
1790731398.5970,19.4887,0.34427,6.7095
1790731398.6520,19.4875,0.34427,6.7091
1790731398.7070,19.4875,0.34730,6.7680
1790731398.7612,19.4875,0.34730,6.7680
1790731398.8160,19.4887,0.34398,6.7036
1790731398.8671,19.4887,0.34398,6.7036
1790731398.9222,19.4887,0.34398,6.7036
1790731398.9758,19.4887,0.34302,6.6851
1790731399.0308,19.4887,0.34302,6.6851
1790731399.0829,19.4887,0.34497,6.7231
1790731399.1377,19.4887,0.34497,6.7231
1790731399.1927,19.4887,0.34497,6.7231
1790731399.2444,19.4875,0.34940,6.8089
1790731399.2946,19.4875,0.34940,6.8089
1790731399.3478,19.4875,0.34940,6.8089
1790731399.3979,19.4887,0.34540,6.7314
1790731399.4529,19.4887,0.34540,6.7314
1790731399.5073,19.4887,0.34540,6.7314
1790731399.5589,19.4887,0.34650,6.7529
1790731399.6090,19.4887,0.34650,6.7529
1790731399.6623,19.4887,0.34547,6.7329
1790731399.7173,19.4887,0.34547,6.7329
1790731399.7723,19.4887,0.34547,6.7329
1790731399.8274,19.4887,0.34575,6.7382
1790731399.8824,19.4887,0.34575,6.7382
1790731399.9332,19.4887,0.34575,6.7382
1790731399.9835,19.4887,0.34345,6.6934
1790731400.0365,19.4887,0.34345,6.6934
1790731400.0916,19.4887,0.34370,6.6983
1790731400.1432,19.4887,0.34370,6.6983
1790731400.1964,19.4887,0.34370,6.6983
1790731400.2514,19.4887,0.34615,6.7460
1790731400.3064,19.4887,0.34615,6.7460
1790731400.3602,19.4887,0.34615,6.7460
1790731400.4152,19.4887,0.34665,6.7558
1790731400.4703,19.4887,0.34665,6.7558
1790731400.5241,19.4875,0.34903,6.8016
1790731400.5754,19.4875,0.34903,6.8016
1790731400.6291,19.4875,0.34903,6.8016
1790731400.6816,19.4875,0.34885,6.7982
1790731400.7355,19.4875,0.34885,6.7982
1790731400.7905,19.4875,0.34885,6.7982
1790731400.8449,19.4900,0.34302,6.6856
1790731400.8993,19.4900,0.34302,6.6856
1790731400.9499,19.4887,0.34605,6.7441
1790731401.0049,19.4887,0.34605,6.7441
1790731401.0569,19.4887,0.34605,6.7441
1790731401.1119,19.4875,0.34750,6.7719
1790731401.1669,19.4875,0.34750,6.7719
1790731401.2201,19.4875,0.34750,6.7719
1790731401.2721,19.4850,0.35435,6.9045
1790731401.3271,19.4850,0.35435,6.9045
1790731401.3771,19.4875,0.34903,6.8016
1790731401.4287,19.4875,0.34903,6.8016
1790731401.4837,19.4875,0.34903,6.8016
1790731401.5387,19.4887,0.34503,6.7241
1790731401.5933,19.4887,0.34503,6.7241
1790731401.6478,19.4887,0.34503,6.7241
1790731401.7030,19.4875,0.34773,6.7763
1790731401.7580,19.4875,0.34773,6.7763
1790731401.8120,19.4887,0.34455,6.7148
1790731401.8635,19.4887,0.34455,6.7148
1790731401.9185,19.4887,0.34455,6.7148
1790731401.9735,19.4887,0.34448,6.7134
1790731402.0285,19.4887,0.34448,6.7134
1790731402.0800,19.4887,0.34448,6.7134
1790731402.1320,19.4887,0.34418,6.7075
1790731402.1841,19.4887,0.34418,6.7075
1790731402.2348,19.4900,0.34358,6.6963
1790731402.2898,19.4900,0.34358,6.6963
1790731402.3402,19.4900,0.34358,6.6963
1790731402.3918,19.4863,0.35090,6.8377
1790731402.4447,19.4863,0.35090,6.8377
1790731402.4997,19.4863,0.35090,6.8377
1790731402.5547,19.4887,0.34547,6.7329
1790731402.6097,19.4887,0.34547,6.7329
1790731402.6628,19.4887,0.34535,6.7304
1790731402.7178,19.4887,0.34535,6.7304
1790731402.7686,19.4887,0.34535,6.7304
1790731402.8236,19.4875,0.34630,6.7485
1790731402.8783,19.4875,0.34630,6.7485
1790731402.9332,19.4875,0.34630,6.7485
1790731402.9882,19.4887,0.34403,6.7046
1790731403.0387,19.4887,0.34403,6.7046
1790731403.0905,19.4887,0.34525,6.7285
1790731403.1456,19.4887,0.34525,6.7285
1790731403.1960,19.4887,0.34525,6.7285
1790731403.2476,19.4850,0.35348,6.8875
1790731403.2996,19.4850,0.35348,6.8875
1790731403.3544,19.4850,0.35348,6.8875
1790731403.4080,19.4788,0.36945,7.1964
1790731403.4617,19.4788,0.36945,7.1964
1790731403.5128,19.4887,0.34453,6.7144
1790731403.5659,19.4887,0.34453,6.7144
1790731403.6179,19.4887,0.34453,6.7144
1790731403.6720,19.4887,0.34435,6.7110
1790731403.7251,19.4887,0.34435,6.7110
1790731403.7780,19.4887,0.34435,6.7110
1790731403.8328,19.4875,0.34975,6.8158
1790731403.8862,19.4875,0.34975,6.8158
1790731403.9412,19.4887,0.34410,6.7061
1790731403.9948,19.4887,0.34410,6.7061
1790731404.0488,19.4887,0.34410,6.7061
1790731404.0991,19.4887,0.34492,6.7222
1790731404.1510,19.4887,0.34492,6.7222
1790731404.2014,19.4887,0.34492,6.7222
1790731404.2545,19.4887,0.34552,6.7339
1790731404.3063,19.4887,0.34552,6.7339
1790731404.3613,19.4887,0.34552,6.7339
1790731404.4122,19.4887,0.34598,6.7426
1790731404.4672,19.4887,0.34598,6.7426
1790731404.5177,19.4887,0.34675,6.7577
1790731404.5728,19.4887,0.34675,6.7577
1790731404.6259,19.4887,0.34675,6.7577
1790731404.6794,19.4900,0.34392,6.7031
1790731404.7337,19.4900,0.34392,6.7031
1790731404.7869,19.4900,0.34392,6.7031
1790731404.8379,19.4875,0.34670,6.7563
1790731404.8929,19.4875,0.34670,6.7563
1790731404.9439,19.4887,0.34500,6.7236
1790731404.9965,19.4887,0.34500,6.7236
1790731405.0501,19.4887,0.34500,6.7236
1790731405.1051,19.4887,0.34410,6.7061
1790731405.1602,19.4887,0.34410,6.7061
1790731405.2152,19.4887,0.34410,6.7061
1790731405.2686,19.4875,0.34725,6.7670
1790731405.3203,19.4875,0.34725,6.7670
1790731405.3753,19.4887,0.34500,6.7236
1790731405.4304,19.4887,0.34500,6.7236
1790731405.4824,19.4887,0.34500,6.7236
1790731405.5375,19.4887,0.34488,6.7212
1790731405.5890,19.4887,0.34488,6.7212
1790731405.6411,19.4887,0.34488,6.7212
1790731405.6935,19.4887,0.34595,6.7421
1790731405.7485,19.4887,0.34595,6.7421
1790731405.8010,19.4887,0.34598,6.7426
1790731405.8540,19.4887,0.34598,6.7426
1790731405.9041,19.4887,0.34598,6.7426
1790731405.9546,19.4863,0.35205,6.8601
1790731406.0070,19.4863,0.35205,6.8601
1790731406.0611,19.4863,0.35205,6.8601
1790731406.1146,19.4887,0.34415,6.7071
1790731406.1696,19.4887,0.34415,6.7071
1790731406.2246,19.4900,0.34315,6.6880
1790731406.2794,19.4900,0.34315,6.6880
1790731406.3313,19.4900,0.34315,6.6880
1790731406.3858,19.4887,0.34642,6.7514
1790731406.4374,19.4887,0.34642,6.7514
1790731406.4887,19.4887,0.34642,6.7514
1790731406.5437,19.4887,0.34550,6.7334
1790731406.5968,19.4887,0.34550,6.7334
1790731406.6514,19.4887,0.34563,6.7358
1790731406.7064,19.4887,0.34563,6.7358
1790731406.7611,19.4887,0.34563,6.7358
1790731406.8144,19.4887,0.34590,6.7412
1790731406.8690,19.4887,0.34590,6.7412
1790731406.9198,19.4887,0.34590,6.7412
1790731406.9710,19.4887,0.34427,6.7095
1790731407.0215,19.4887,0.34427,6.7095
1790731407.0729,19.4887,0.34427,6.7095
1790731407.1240,19.4887,0.34555,6.7343
1790731407.1791,19.4887,0.34555,6.7343
1790731407.2341,19.4875,0.34843,6.7899
1790731407.2886,19.4875,0.34843,6.7899
1790731407.3388,19.4875,0.34843,6.7899
1790731407.3938,19.4863,0.35325,6.8835
1790731407.4488,19.4863,0.35325,6.8835
1790731407.5019,19.4863,0.35325,6.8835
1790731407.5569,19.4900,0.34462,6.7167
1790731407.6113,19.4900,0.34462,6.7167
1790731407.6651,19.4887,0.34558,6.7348
1790731407.7201,19.4887,0.34558,6.7348
1790731407.7719,19.4887,0.34558,6.7348
1790731407.8238,19.4887,0.34663,6.7553
1790731407.8779,19.4887,0.34663,6.7553
1790731407.9296,19.4887,0.34663,6.7553
1790731407.9802,19.4887,0.34420,6.7080
1790731408.0310,19.4887,0.34420,6.7080
1790731408.0847,19.4887,0.34495,6.7226
1790731408.1385,19.4887,0.34495,6.7226
1790731408.1935,19.4887,0.34495,6.7226
1790731408.2485,19.4900,0.34302,6.6856
1790731408.3016,19.4900,0.34302,6.6856
1790731408.3549,19.4900,0.34302,6.6856
1790731408.4058,19.4887,0.34497,6.7231
1790731408.4579,19.4887,0.34497,6.7231
1790731408.5119,19.4863,0.35038,6.8275
1790731408.5669,19.4863,0.35038,6.8275
1790731408.6190,19.4863,0.35038,6.8275
1790731408.6727,19.4887,0.34495,6.7226
1790731408.7262,19.4887,0.34495,6.7226
1790731408.7812,19.4887,0.34495,6.7226
1790731408.8315,19.4887,0.34607,6.7446
1790731408.8841,19.4887,0.34607,6.7446
1790731408.9381,19.4887,0.34610,6.7451
1790731408.9895,19.4887,0.34610,6.7451
1790731409.0432,19.4887,0.34610,6.7451
1790731409.0982,19.4887,0.34480,6.7197
1790731409.1503,19.4887,0.34480,6.7197
1790731409.2038,19.4887,0.34480,6.7197
1790731409.2576,19.4875,0.34700,6.7622
1790731409.3121,19.4875,0.34700,6.7622
1790731409.3651,19.4838,0.35938,7.0020
1790731409.4158,19.4838,0.35938,7.0020
1790731409.4699,19.4838,0.35938,7.0020
1790731409.5249,19.4863,0.35035,6.8270
1790731409.5793,19.4863,0.35035,6.8270
1790731409.6330,19.4863,0.35035,6.8270
1790731409.6844,19.4875,0.34923,6.8055
1790731409.7358,19.4875,0.34923,6.8055
1790731409.7909,19.4900,0.34923,6.8064
1790731409.8451,19.4900,0.34345,6.6938
1790731409.8989,19.4900,0.34345,6.6938
1790731409.9495,19.4875,0.34815,6.7846
1790731410.0045,19.4875,0.34815,6.7846
1790731410.0562,19.4875,0.34815,6.7846
1790731410.1112,19.4887,0.34455,6.7148
1790731410.1657,19.4887,0.34455,6.7148
1790731410.2162,19.4887,0.34455,6.7148
1790731410.2712,19.4887,0.34410,6.7061
1790731410.3263,19.4887,0.34410,6.7061
1790731410.3788,19.4887,0.34602,6.7436
1790731410.4312,19.4887,0.34602,6.7436
1790731410.4832,19.4887,0.34602,6.7436
1790731410.5382,19.4887,0.34477,6.7192
1790731410.5932,19.4887,0.34477,6.7192
1790731410.6452,19.4887,0.34477,6.7192
1790731410.6992,19.4875,0.34687,6.7597
1790731410.7542,19.4875,0.34687,6.7597
1790731410.8092,19.4900,0.34337,6.6924
1790731410.8594,19.4900,0.34337,6.6924
1790731410.9101,19.4900,0.34337,6.6924
1790731410.9613,19.4887,0.34573,6.7377
1790731411.0163,19.4887,0.34573,6.7377
1790731411.0676,19.4887,0.34573,6.7377
1790731411.1199,19.4838,0.35968,7.0078
1790731411.1749,19.4838,0.35968,7.0078
1790731411.2258,19.4863,0.35137,6.8470
1790731411.2792,19.4863,0.35137,6.8470
1790731411.3342,19.4863,0.35137,6.8470
1790731411.3867,19.4863,0.35125,6.8445
1790731411.4417,19.4863,0.35125,6.8445
1790731411.4967,19.4863,0.35125,6.8445
1790731411.5505,19.4875,0.34790,6.7797
1790731411.6007,19.4875,0.34790,6.7797
1790731411.6532,19.4887,0.34712,6.7650
1790731411.7052,19.4887,0.34712,6.7650
1790731411.7601,19.4887,0.34712,6.7650
1790731411.8125,19.4875,0.34875,6.7963
1790731411.8666,19.4875,0.34875,6.7963
1790731411.9174,19.4875,0.34875,6.7963
1790731411.9693,19.4875,0.34863,6.7938
1790731412.0237,19.4875,0.34863,6.7938
1790731412.0746,19.4875,0.34863,6.7938
1790731412.1265,19.4875,0.34758,6.7734
1790731412.1815,19.4875,0.34758,6.7734
1790731412.2353,19.4875,0.34802,6.7821
1790731412.2903,19.4875,0.34802,6.7821
1790731412.3406,19.4875,0.34802,6.7821
1790731412.3924,19.4875,0.34760,6.7739
1790731412.4435,19.4875,0.34760,6.7739
1790731412.4985,19.4875,0.34760,6.7739
1790731412.5505,19.4850,0.35475,6.9123
1790731412.6055,19.4850,0.35475,6.9123
1790731412.6605,19.4887,0.34640,6.7509
1790731412.7155,19.4887,0.34640,6.7509
1790731412.7691,19.4887,0.34640,6.7509
1790731412.8238,19.4887,0.34660,6.7548
1790731412.8769,19.4887,0.34660,6.7548
1790731412.9320,19.4875,0.34660,6.7544
1790731412.9853,19.4875,0.34823,6.7860
1790731413.0361,19.4875,0.34823,6.7860
1790731413.0895,19.4887,0.34570,6.7373
1790731413.1438,19.4887,0.34570,6.7373
1790731413.1978,19.4887,0.34570,6.7373
1790731413.2499,19.4875,0.34753,6.7724
1790731413.3049,19.4875,0.34753,6.7724
1790731413.3600,19.4863,0.34753,6.7720
1790731413.4105,19.4863,0.35113,6.8421
1790731413.4655,19.4863,0.35113,6.8421
1790731413.5167,19.4887,0.34602,6.7436
1790731413.5681,19.4887,0.34602,6.7436
1790731413.6228,19.4887,0.34602,6.7436
1790731413.6772,19.4887,0.34485,6.7207
1790731413.7299,19.4887,0.34485,6.7207
1790731413.7845,19.4887,0.34485,6.7207
1790731413.8366,19.4900,0.34398,6.7041
1790731413.8905,19.4900,0.34398,6.7041
1790731413.9435,19.4875,0.34657,6.7539
1790731413.9941,19.4875,0.34657,6.7539
1790731414.0456,19.4875,0.34657,6.7539
1790731414.1006,19.4887,0.34465,6.7168
1790731414.1557,19.4887,0.34465,6.7168
1790731414.2106,19.4887,0.34465,6.7168
1790731414.2646,19.4887,0.34485,6.7207
1790731414.3191,19.4887,0.34485,6.7207
1790731414.3741,19.4863,0.35045,6.8290
1790731414.4254,19.4863,0.35045,6.8290
1790731414.4799,19.4863,0.35045,6.8290
1790731414.5317,19.4887,0.34545,6.7324
1790731414.5858,19.4887,0.34545,6.7324
1790731414.6363,19.4887,0.34545,6.7324
1790731414.6898,19.4887,0.34602,6.7436
1790731414.7448,19.4887,0.34602,6.7436
1790731414.7973,19.4887,0.34425,6.7090
1790731414.8524,19.4887,0.34425,6.7090
1790731414.9039,19.4887,0.34425,6.7090
1790731414.9584,19.4900,0.34332,6.6914
1790731415.0131,19.4900,0.34332,6.6914
1790731415.0650,19.4900,0.34332,6.6914
1790731415.1163,19.4887,0.34598,6.7426
1790731415.1707,19.4887,0.34598,6.7426
1790731415.2250,19.4887,0.34555,6.7343
1790731415.2801,19.4887,0.34555,6.7343
1790731415.3310,19.4887,0.34555,6.7343
1790731415.3860,19.4838,0.35673,6.9503
1790731415.4410,19.4838,0.35673,6.9503
1790731415.4918,19.4838,0.35673,6.9503
1790731415.5451,19.4887,0.34635,6.7499
1790731415.5995,19.4887,0.34635,6.7499
1790731415.6538,19.4887,0.34470,6.7178
1790731415.7050,19.4887,0.34470,6.7178
1790731415.7565,19.4887,0.34470,6.7178
1790731415.8108,19.4900,0.34395,6.7036
1790731415.8658,19.4900,0.34395,6.7036
1790731415.9208,19.4900,0.34395,6.7036
1790731415.9758,19.4887,0.34435,6.7110
1790731416.0298,19.4887,0.34435,6.7110
1790731416.0811,19.4887,0.34710,6.7645
1790731416.1345,19.4887,0.34710,6.7645
1790731416.1896,19.4887,0.34710,6.7645
1790731416.2409,19.4838,0.35970,7.0083
1790731416.2926,19.4838,0.35970,7.0083
1790731416.3476,19.4838,0.35970,7.0083
1790731416.3999,19.4863,0.35318,6.8821
1790731416.4537,19.4863,0.35318,6.8821
1790731416.5052,19.4875,0.34968,6.8143
1790731416.5592,19.4875,0.34968,6.8143
1790731416.6142,19.4875,0.34968,6.8143
1790731416.6672,19.4887,0.34720,6.7665
1790731416.7206,19.4887,0.34720,6.7665
1790731416.7756,19.4887,0.34720,6.7665
1790731416.8306,19.4875,0.34845,6.7904
1790731416.8850,19.4875,0.34845,6.7904
1790731416.9370,19.4887,0.34587,6.7407
1790731416.9887,19.4887,0.34587,6.7407
1790731417.0437,19.4887,0.34587,6.7407
1790731417.0966,19.4875,0.34880,6.7972
1790731417.1484,19.4875,0.34880,6.7972
1790731417.2034,19.4875,0.34880,6.7972
1790731417.2545,19.4875,0.34770,6.7758
1790731417.3095,19.4875,0.34770,6.7758
1790731417.3636,19.4875,0.34742,6.7704
1790731417.4143,19.4875,0.34742,6.7704
1790731417.4691,19.4875,0.34742,6.7704
1790731417.5214,19.4875,0.35025,6.8255
1790731417.5759,19.4875,0.35025,6.8255
1790731417.6273,19.4875,0.35025,6.8255
1790731417.6786,19.4875,0.34797,6.7812
1790731417.7327,19.4875,0.34797,6.7812
1790731417.7827,19.4875,0.34797,6.7812
1790731417.8377,19.4887,0.34683,6.7592
1790731417.8910,19.4887,0.34683,6.7592
1790731417.9450,19.4875,0.34810,6.7836
1790731417.9977,19.4875,0.34810,6.7836
1790731418.0510,19.4875,0.34810,6.7836
1790731418.1054,19.4875,0.34920,6.8050
1790731418.1568,19.4875,0.34920,6.8050
1790731418.2111,19.4875,0.34920,6.8050
1790731418.2654,19.4875,0.34995,6.8197
1790731418.3162,19.4875,0.34995,6.8197
1790731418.3706,19.4863,0.35115,6.8426
1790731418.4237,19.4863,0.35115,6.8426
1790731418.4747,19.4863,0.35115,6.8426
1790731418.5298,19.4887,0.34508,6.7251
1790731418.5844,19.4887,0.34508,6.7251
1790731418.6388,19.4887,0.34508,6.7251
1790731418.6925,19.4875,0.34740,6.7700
1790731418.7444,19.4875,0.34740,6.7700
1790731418.7948,19.4887,0.34370,6.6983
1790731418.8498,19.4887,0.34370,6.6983
1790731418.9043,19.4887,0.34370,6.6983
1790731418.9593,19.4887,0.34495,6.7226
1790731419.0112,19.4887,0.34495,6.7226
1790731419.0645,19.4887,0.34495,6.7226
1790731419.1178,19.4887,0.34602,6.7436
1790731419.1715,19.4887,0.34602,6.7436
1790731419.2255,19.4887,0.34407,6.7056
1790731419.2805,19.4887,0.34407,6.7056
1790731419.3355,19.4887,0.34407,6.7056
1790731419.3890,19.4850,0.35627,6.9420
1790731419.4435,19.4850,0.35627,6.9420
1790731419.4937,19.4850,0.35627,6.9420
1790731419.5483,19.4838,0.35850,6.9849
1790731419.6034,19.4838,0.35850,6.9849
1790731419.6579,19.4887,0.34580,6.7392
1790731419.7102,19.4887,0.34580,6.7392
1790731419.7623,19.4887,0.34580,6.7392
1790731419.8137,19.4887,0.34495,6.7226
1790731419.8687,19.4887,0.34495,6.7226
1790731419.9226,19.4887,0.34495,6.7226
1790731419.9736,19.4900,0.34395,6.7036
1790731420.0250,19.4900,0.34395,6.7036
1790731420.0779,19.4887,0.34607,6.7446
1790731420.1313,19.4887,0.34607,6.7446
1790731420.1853,19.4887,0.34607,6.7446
1790731420.2401,19.4887,0.34563,6.7358
1790731420.2901,19.4887,0.34563,6.7358
1790731420.3414,19.4887,0.34563,6.7358
1790731420.3964,19.4887,0.34577,6.7387
1790731420.4499,19.4887,0.34577,6.7387
1790731420.5036,19.4887,0.34620,6.7470
1790731420.5536,19.4887,0.34620,6.7470
1790731420.6087,19.4887,0.34620,6.7470
1790731420.6593,19.4887,0.34468,6.7173
1790731420.7143,19.4887,0.34468,6.7173
1790731420.7693,19.4887,0.34468,6.7173
1790731420.8232,19.4887,0.34508,6.7251
1790731420.8782,19.4887,0.34508,6.7251
1790731420.9314,19.4887,0.34398,6.7036
1790731420.9850,19.4887,0.34398,6.7036
1790731421.0364,19.4887,0.34398,6.7036
1790731421.0914,19.4900,0.34348,6.6943
1790731421.1447,19.4900,0.34348,6.6943
1790731421.1981,19.4900,0.34348,6.6943
1790731421.2499,19.4875,0.34760,6.7739
1790731421.3049,19.4875,0.34760,6.7739
1790731421.3584,19.4863,0.35197,6.8587
1790731421.4114,19.4863,0.35197,6.8587
1790731421.4664,19.4863,0.35197,6.8587
1790731421.5171,19.4812,0.36475,7.1058
1790731421.5700,19.4812,0.36475,7.1058
1790731421.6236,19.4812,0.36475,7.1058
1790731421.6786,19.4887,0.34500,6.7236
1790731421.7299,19.4887,0.34500,6.7236
1790731421.7813,19.4887,0.34500,6.7236
1790731421.8363,19.4887,0.34495,6.7226
1790731421.8886,19.4887,0.34495,6.7226
1790731421.9423,19.4887,0.34503,6.7241
1790731421.9973,19.4887,0.34503,6.7241
1790731422.0523,19.4887,0.34503,6.7241
1790731422.1053,19.4900,0.34387,6.7021
1790731422.1588,19.4900,0.34387,6.7021
1790731422.2138,19.4875,0.34387,6.7013
1790731422.2689,19.4875,0.34813,6.7841
1790731422.3210,19.4875,0.34813,6.7841
1790731422.3760,19.4887,0.34663,6.7553
1790731422.4278,19.4887,0.34663,6.7553
1790731422.4829,19.4887,0.34663,6.7553
1790731422.5340,19.4887,0.34590,6.7412
1790731422.5889,19.4887,0.34590,6.7412
1790731422.6439,19.4887,0.34668,6.7563
1790731422.6979,19.4887,0.34668,6.7563
1790731422.7529,19.4887,0.34668,6.7563
1790731422.8072,19.4887,0.34430,6.7100
1790731422.8578,19.4887,0.34430,6.7100
1790731422.9126,19.4887,0.34430,6.7100
1790731422.9634,19.4887,0.34483,6.7202
1790731423.0177,19.4887,0.34483,6.7202
1790731423.0678,19.4887,0.34483,6.7202
1790731423.1193,19.4900,0.34310,6.6870
1790731423.1704,19.4900,0.34310,6.6870
1790731423.2247,19.4887,0.34625,6.7480
1790731423.2793,19.4887,0.34625,6.7480
1790731423.3311,19.4887,0.34625,6.7480
1790731423.3849,19.4875,0.34770,6.7758
1790731423.4398,19.4875,0.34770,6.7758
1790731423.4931,19.4875,0.34770,6.7758
1790731423.5435,19.4850,0.35585,6.9337
1790731423.5967,19.4850,0.35585,6.9337
1790731423.6503,19.4887,0.34433,6.7105
1790731423.7009,19.4887,0.34433,6.7105
1790731423.7559,19.4887,0.34433,6.7105
1790731423.8075,19.4900,0.34425,6.7094
1790731423.8581,19.4900,0.34425,6.7094
1790731423.9131,19.4900,0.34425,6.7094
1790731423.9681,19.4887,0.34540,6.7314
1790731424.0190,19.4887,0.34540,6.7314
1790731424.0740,19.4887,0.34585,6.7402
1790731424.1255,19.4887,0.34585,6.7402
1790731424.1803,19.4887,0.34585,6.7402
1790731424.2318,19.4887,0.34632,6.7494
1790731424.2868,19.4887,0.34632,6.7494
1790731424.3412,19.4887,0.34632,6.7494
1790731424.3915,19.4887,0.34730,6.7684
1790731424.4428,19.4887,0.34730,6.7684
1790731424.4974,19.4887,0.34730,6.7684
1790731424.5487,19.4863,0.35492,6.9162
1790731424.6022,19.4863,0.35492,6.9162
1790731424.6572,19.4887,0.34513,6.7261
1790731424.7101,19.4887,0.34513,6.7261
1790731424.7646,19.4887,0.34513,6.7261
1790731424.8196,19.4887,0.34632,6.7494
1790731424.8746,19.4887,0.34632,6.7494
1790731424.9266,19.4900,0.34632,6.7499
1790731424.9816,19.4900,0.34430,6.7104
1790731425.0320,19.4900,0.34430,6.7104
1790731425.0824,19.4887,0.34460,6.7158
1790731425.1347,19.4887,0.34460,6.7158
1790731425.1851,19.4887,0.34460,6.7158
1790731425.2385,19.4887,0.34587,6.7407
1790731425.2919,19.4887,0.34587,6.7407
1790731425.3452,19.4887,0.34587,6.7407
1790731425.4002,19.4875,0.34747,6.7714
1790731425.4518,19.4875,0.34747,6.7714
1790731425.5052,19.4875,0.35120,6.8440
1790731425.5575,19.4875,0.35120,6.8440
1790731425.6101,19.4875,0.35120,6.8440
1790731425.6651,19.4900,0.34403,6.7050
1790731425.7202,19.4900,0.34403,6.7050
1790731425.7752,19.4900,0.34403,6.7050
1790731425.8264,19.4887,0.34523,6.7280
1790731425.8804,19.4887,0.34523,6.7280
1790731425.9319,19.4887,0.34545,6.7324
1790731425.9835,19.4887,0.34545,6.7324
1790731426.0349,19.4887,0.34545,6.7324
1790731426.0900,19.4887,0.34425,6.7090
1790731426.1423,19.4887,0.34425,6.7090
1790731426.1973,19.4887,0.34425,6.7090
1790731426.2523,19.4887,0.34520,6.7275
1790731426.3057,19.4887,0.34520,6.7275
1790731426.3601,19.4887,0.34645,6.7519
1790731426.4120,19.4887,0.34645,6.7519
1790731426.4659,19.4887,0.34645,6.7519
1790731426.5186,19.4875,0.35078,6.8357
1790731426.5737,19.4875,0.35078,6.8357
1790731426.6269,19.4875,0.35078,6.8357
1790731426.6786,19.4887,0.34637,6.7504
1790731426.7291,19.4887,0.34637,6.7504
1790731426.7809,19.4887,0.34637,6.7504
1790731426.8359,19.4887,0.34535,6.7304
1790731426.8910,19.4887,0.34535,6.7304
1790731426.9445,19.4887,0.34595,6.7421
1790731426.9995,19.4887,0.34595,6.7421
1790731427.0546,19.4887,0.34595,6.7421
1790731427.1077,19.4887,0.34570,6.7373
1790731427.1628,19.4887,0.34570,6.7373
1790731427.2177,19.4887,0.34645,6.7519
1790731427.2727,19.4887,0.34645,6.7519
1790731427.3274,19.4887,0.34645,6.7519
1790731427.3784,19.4850,0.35515,6.9201
1790731427.4325,19.4850,0.35515,6.9201
1790731427.4849,19.4850,0.35515,6.9201
1790731427.5399,19.4850,0.35483,6.9138
1790731427.5919,19.4850,0.35483,6.9138
1790731427.6469,19.4887,0.34620,6.7470
1790731427.6973,19.4887,0.34620,6.7470
1790731427.7523,19.4887,0.34620,6.7470
1790731427.8063,19.4900,0.34462,6.7167
1790731427.8611,19.4900,0.34462,6.7167
1790731427.9159,19.4900,0.34462,6.7167
1790731427.9670,19.4887,0.34525,6.7285
1790731428.0206,19.4887,0.34525,6.7285
1790731428.0756,19.4887,0.34665,6.7558
1790731428.1306,19.4887,0.34665,6.7558
1790731428.1857,19.4887,0.34665,6.7558
1790731428.2376,19.4900,0.34368,6.6982
1790731428.2923,19.4900,0.34368,6.6982
1790731428.3466,19.4900,0.34368,6.6982
1790731428.3969,19.4887,0.34732,6.7689
1790731428.4519,19.4887,0.34732,6.7689
1790731428.5069,19.4887,0.34563,6.7358
1790731428.5599,19.4887,0.34563,6.7358
1790731428.6127,19.4887,0.34563,6.7358
1790731428.6643,19.4887,0.34555,6.7343
1790731428.7164,19.4887,0.34555,6.7343
1790731428.7715,19.4887,0.34555,6.7343
1790731428.8216,19.4887,0.34602,6.7436
1790731428.8751,19.4887,0.34602,6.7436
1790731428.9282,19.4900,0.34420,6.7085
1790731428.9815,19.4900,0.34420,6.7085
1790731429.0365,19.4900,0.34420,6.7085
1790731429.0869,19.4900,0.34448,6.7138
1790731429.1370,19.4900,0.34448,6.7138
1790731429.1920,19.4900,0.34448,6.7138
1790731429.2467,19.4887,0.34445,6.7129
1790731429.3017,19.4887,0.34445,6.7129
1790731429.3564,19.4875,0.34885,6.7982
1790731429.4115,19.4875,0.34885,6.7982
1790731429.4622,19.4875,0.34885,6.7982
1790731429.5153,19.4825,0.36320,7.0760
1790731429.5666,19.4825,0.36320,7.0760
1790731429.6179,19.4825,0.36320,7.0760
1790731429.6692,19.4900,0.34508,6.7255
1790731429.7242,19.4900,0.34508,6.7255
1790731429.7793,19.4900,0.34508,6.7255
1790731429.8305,19.4887,0.34582,6.7397
1790731429.8855,19.4887,0.34582,6.7397
1790731429.9363,19.4887,0.34637,6.7504
1790731429.9874,19.4887,0.34637,6.7504
1790731430.0424,19.4887,0.34637,6.7504
1790731430.0951,19.4887,0.34560,6.7353
1790731430.1463,19.4887,0.34560,6.7353
1790731430.1999,19.4887,0.34560,6.7353
1790731430.2518,19.4887,0.34577,6.7387
1790731430.3068,19.4887,0.34577,6.7387
1790731430.3619,19.4887,0.34767,6.7758
1790731430.4128,19.4887,0.34767,6.7758
1790731430.4673,19.4887,0.34767,6.7758
1790731430.5211,19.4900,0.34480,6.7202
1790731430.5761,19.4900,0.34480,6.7202
1790731430.6266,19.4900,0.34480,6.7202
1790731430.6772,19.4887,0.34800,6.7821
1790731430.7314,19.4887,0.34800,6.7821
1790731430.7864,19.4900,0.34495,6.7231
1790731430.8415,19.4900,0.34495,6.7231
1790731430.8964,19.4900,0.34495,6.7231
1790731430.9499,19.4887,0.34628,6.7485
1790731431.0014,19.4887,0.34628,6.7485
1790731431.0517,19.4887,0.34628,6.7485
1790731431.1067,19.4887,0.34515,6.7265
1790731431.1616,19.4887,0.34515,6.7265
1790731431.2121,19.4887,0.34632,6.7494
1790731431.2631,19.4887,0.34632,6.7494
1790731431.3181,19.4887,0.34632,6.7494
1790731431.3731,19.4887,0.34758,6.7738
1790731431.4282,19.4887,0.34758,6.7738
1790731431.4832,19.4887,0.34758,6.7738
1790731431.5382,19.4875,0.34885,6.7982
1790731431.5884,19.4875,0.34885,6.7982
1790731431.6434,19.4875,0.34935,6.8080
1790731431.6971,19.4875,0.34935,6.8080
1790731431.7521,19.4875,0.34935,6.8080
1790731431.8056,19.4887,0.34607,6.7446
1790731431.8560,19.4887,0.34607,6.7446
1790731431.9104,19.4887,0.34607,6.7446
1790731431.9637,19.4887,0.34555,6.7343
1790731432.0151,19.4887,0.34555,6.7343
1790731432.0684,19.4887,0.34590,6.7412
1790731432.1193,19.4887,0.34590,6.7412
1790731432.1743,19.4887,0.34590,6.7412
1790731432.2293,19.4887,0.34517,6.7270
1790731432.2843,19.4887,0.34517,6.7270
1790731432.3393,19.4887,0.34517,6.7270
1790731432.3920,19.4887,0.34650,6.7529
1790731432.4435,19.4887,0.34650,6.7529
1790731432.4973,19.4875,0.34875,6.7963
1790731432.5516,19.4875,0.34875,6.7963
1790731432.6033,19.4875,0.34875,6.7963
1790731432.6584,19.4887,0.34520,6.7275
1790731432.7134,19.4887,0.34520,6.7275
1790731432.7653,19.4887,0.34520,6.7275
1790731432.8186,19.4887,0.34698,6.7621
1790731432.8736,19.4887,0.34698,6.7621
1790731432.9246,19.4887,0.34605,6.7441
1790731432.9760,19.4887,0.34605,6.7441
1790731433.0281,19.4887,0.34605,6.7441
1790731433.0797,19.4887,0.34532,6.7300
1790731433.1301,19.4887,0.34532,6.7300
1790731433.1844,19.4887,0.34532,6.7300
1790731433.2365,19.4900,0.34510,6.7260
1790731433.2885,19.4900,0.34510,6.7260
1790731433.3419,19.4900,0.34510,6.7260
1790731433.3958,19.4887,0.34710,6.7645
1790731433.4461,19.4887,0.34710,6.7645
1790731433.5011,19.4838,0.36005,7.0151
1790731433.5515,19.4838,0.36005,7.0151
1790731433.6044,19.4838,0.36005,7.0151
1790731433.6568,19.4850,0.35730,6.9620
1790731433.7090,19.4850,0.35730,6.9620
1790731433.7640,19.4850,0.35730,6.9620
1790731433.8181,19.4900,0.34593,6.7421
1790731433.8731,19.4900,0.34593,6.7421
1790731433.9282,19.4900,0.34477,6.7197
1790731433.9811,19.4900,0.34477,6.7197
1790731434.0317,19.4900,0.34477,6.7197
1790731434.0853,19.4887,0.34573,6.7377
1790731434.1371,19.4887,0.34573,6.7377
1790731434.1871,19.4887,0.34573,6.7377
1790731434.2421,19.4887,0.34538,6.7309
1790731434.2966,19.4887,0.34538,6.7309
1790731434.3480,19.4887,0.34538,6.7309
1790731434.3986,19.4887,0.34770,6.7762
1790731434.4507,19.4887,0.34770,6.7762
1790731434.5037,19.4875,0.35098,6.8396
1790731434.5540,19.4875,0.35098,6.8396
1790731434.6090,19.4875,0.35098,6.8396
1790731434.6614,19.4887,0.34755,6.7733
1790731434.7146,19.4887,0.34755,6.7733
1790731434.7696,19.4887,0.34755,6.7733
1790731434.8246,19.4887,0.34607,6.7446
1790731434.8796,19.4887,0.34607,6.7446
1790731434.9313,19.4900,0.34585,6.7406
1790731434.9817,19.4900,0.34585,6.7406
1790731435.0329,19.4900,0.34585,6.7406
1790731435.0879,19.4887,0.34520,6.7275
1790731435.1420,19.4887,0.34520,6.7275
1790731435.1935,19.4887,0.34520,6.7275
1790731435.2486,19.4887,0.34563,6.7358
1790731435.3008,19.4887,0.34563,6.7358
1790731435.3531,19.4887,0.34628,6.7485
1790731435.4047,19.4887,0.34628,6.7485
1790731435.4589,19.4887,0.34628,6.7485
1790731435.5139,19.4838,0.35845,6.9840
1790731435.5686,19.4838,0.35845,6.9840
1790731435.6197,19.4838,0.35845,6.9840
1790731435.6747,19.4875,0.35060,6.8323
1790731435.7283,19.4875,0.35060,6.8323
1790731435.7833,19.4900,0.34453,6.7148
1790731435.8383,19.4900,0.34453,6.7148
1790731435.8933,19.4900,0.34453,6.7148
1790731435.9484,19.4887,0.34545,6.7324
1790731436.0034,19.4887,0.34545,6.7324
1790731436.0545,19.4887,0.34545,6.7324
1790731436.1084,19.4887,0.34575,6.7382
1790731436.1634,19.4887,0.34575,6.7382
1790731436.2162,19.4900,0.34468,6.7177
1790731436.2664,19.4900,0.34468,6.7177
1790731436.3215,19.4900,0.34468,6.7177
1790731436.3744,19.4887,0.34725,6.7675
1790731436.4295,19.4887,0.34725,6.7675
1790731436.4813,19.4887,0.34725,6.7675
1790731436.5363,19.4887,0.34718,6.7660
1790731436.5914,19.4887,0.34718,6.7660
1790731436.6460,19.4900,0.34543,6.7323
1790731436.6976,19.4900,0.34543,6.7323
1790731436.7492,19.4900,0.34543,6.7323
1790731436.8043,19.4887,0.34602,6.7436
1790731436.8579,19.4887,0.34602,6.7436
1790731436.9095,19.4887,0.34602,6.7436
1790731436.9611,19.4900,0.34445,6.7133
1790731437.0128,19.4900,0.34445,6.7133
1790731437.0669,19.4887,0.34640,6.7509
1790731437.1201,19.4887,0.34640,6.7509
1790731437.1732,19.4887,0.34640,6.7509
1790731437.2282,19.4900,0.34503,6.7245
1790731437.2832,19.4900,0.34503,6.7245
1790731437.3348,19.4900,0.34503,6.7245
1790731437.3881,19.4887,0.34577,6.7387
1790731437.4431,19.4887,0.34577,6.7387
1790731437.4981,19.4875,0.35197,6.8591
1790731437.5522,19.4875,0.35197,6.8591
1790731437.6023,19.4875,0.35197,6.8591
1790731437.6547,19.4875,0.35003,6.8211
1790731437.7060,19.4875,0.35003,6.8211
1790731437.7596,19.4875,0.35003,6.8211
1790731437.8139,19.4887,0.34660,6.7548
1790731437.8675,19.4887,0.34660,6.7548
1790731437.9181,19.4887,0.34660,6.7548
1790731437.9731,19.4900,0.34540,6.7318
1790731438.0260,19.4900,0.34540,6.7318
1790731438.0810,19.4900,0.34492,6.7226
1790731438.1320,19.4900,0.34492,6.7226
1790731438.1870,19.4900,0.34492,6.7226
1790731438.2421,19.4887,0.34563,6.7358
1790731438.2926,19.4887,0.34563,6.7358
1790731438.3477,19.4887,0.34563,6.7358
1790731438.4011,19.4887,0.34610,6.7451
1790731438.4513,19.4887,0.34610,6.7451
1790731438.5063,19.4887,0.34577,6.7387
1790731438.5565,19.4887,0.34577,6.7387
1790731438.6081,19.4887,0.34577,6.7387
1790731438.6624,19.4887,0.34843,6.7904
1790731438.7142,19.4887,0.34843,6.7904
1790731438.7680,19.4887,0.34843,6.7904
1790731438.8231,19.4900,0.34373,6.6992
1790731438.8781,19.4900,0.34373,6.6992
1790731438.9331,19.4887,0.34618,6.7465
1790731438.9835,19.4887,0.34618,6.7465
1790731439.0354,19.4887,0.34618,6.7465
1790731439.0905,19.4900,0.34503,6.7245
1790731439.1455,19.4900,0.34503,6.7245
1790731439.1963,19.4900,0.34503,6.7245
1790731439.2483,19.4887,0.34642,6.7514
1790731439.3023,19.4887,0.34642,6.7514
1790731439.3536,19.4875,0.34973,6.8153
1790731439.4058,19.4875,0.34973,6.8153
1790731439.4563,19.4875,0.34973,6.8153
1790731439.5114,19.4875,0.34970,6.8148
1790731439.5664,19.4875,0.34970,6.8148
1790731439.6170,19.4875,0.34970,6.8148
1790731439.6720,19.4863,0.35407,6.8996
1790731439.7270,19.4863,0.35407,6.8996
1790731439.7816,19.4887,0.34560,6.7353
1790731439.8356,19.4887,0.34560,6.7353
1790731439.8906,19.4887,0.34560,6.7353
1790731439.9456,19.4900,0.34468,6.7177
1790731440.0004,19.4900,0.34468,6.7177
1790731440.0554,19.4900,0.34468,6.7177
1790731440.1119,19.4887,0.34618,6.7465
1790731440.1658,19.4887,0.34618,6.7465
1790731440.2208,19.4900,0.34458,6.7158
1790731440.2723,19.4900,0.34458,6.7158
1790731440.3242,19.4900,0.34458,6.7158
1790731440.3755,19.4887,0.34765,6.7753
1790731440.4304,19.4887,0.34765,6.7753
1790731440.4854,19.4887,0.34765,6.7753
1790731440.5391,19.4863,0.35445,6.9069
1790731440.5942,19.4863,0.35445,6.9069
1790731440.6453,19.4887,0.34637,6.7504
1790731440.6993,19.4887,0.34637,6.7504
1790731440.7544,19.4887,0.34637,6.7504
1790731440.8094,19.4900,0.34602,6.7440
1790731440.8629,19.4900,0.34602,6.7440
1790731440.9154,19.4900,0.34602,6.7440
1790731440.9695,19.4900,0.34415,6.7075
1790731441.0200,19.4900,0.34415,6.7075
1790731441.0719,19.4900,0.34485,6.7211
1790731441.1269,19.4900,0.34485,6.7211
1790731441.1818,19.4900,0.34485,6.7211
1790731441.2363,19.4887,0.34573,6.7377
1790731441.2913,19.4887,0.34573,6.7377
1790731441.3464,19.4900,0.34573,6.7382
1790731441.4014,19.4900,0.34540,6.7318
1790731441.4548,19.4900,0.34540,6.7318
1790731441.5098,19.4875,0.35003,6.8211
1790731441.5648,19.4875,0.35003,6.8211
1790731441.6199,19.4875,0.35003,6.8211
1790731441.6707,19.4850,0.35773,6.9703
1790731441.7257,19.4850,0.35773,6.9703
1790731441.7808,19.4900,0.34450,6.7143
1790731441.8358,19.4900,0.34450,6.7143
1790731441.8858,19.4900,0.34450,6.7143
1790731441.9383,19.4900,0.34405,6.7055
1790731441.9933,19.4900,0.34405,6.7055
1790731442.0457,19.4900,0.34405,6.7055
1790731442.1008,19.4900,0.34365,6.6977
1790731442.1515,19.4900,0.34365,6.6977
1790731442.2036,19.4900,0.34365,6.6977
1790731442.2540,19.4900,0.34525,6.7289
1790731442.3041,19.4900,0.34525,6.7289
1790731442.3562,19.4900,0.34558,6.7353
1790731442.4085,19.4900,0.34558,6.7353
1790731442.4612,19.4900,0.34558,6.7353
1790731442.5162,19.4887,0.34687,6.7602
1790731442.5713,19.4887,0.34687,6.7602
1790731442.6242,19.4887,0.34687,6.7602
1790731442.6751,19.4887,0.34663,6.7553
1790731442.7302,19.4887,0.34663,6.7553
1790731442.7852,19.4900,0.34510,6.7260
1790731442.8380,19.4900,0.34510,6.7260
1790731442.8931,19.4900,0.34510,6.7260
1790731442.9471,19.4900,0.34510,6.7260
1790731443.0015,19.4900,0.34510,6.7260
1790731443.0534,19.4900,0.34510,6.7260
1790731443.1077,19.4887,0.34577,6.7387
1790731443.1595,19.4887,0.34577,6.7387
1790731443.2128,19.4887,0.34747,6.7719
1790731443.2672,19.4887,0.34747,6.7719
1790731443.3202,19.4887,0.34747,6.7719
1790731443.3747,19.4875,0.34992,6.8192
1790731443.4272,19.4875,0.34992,6.8192
1790731443.4808,19.4875,0.34992,6.8192
1790731443.5349,19.4887,0.34607,6.7446
1790731443.5861,19.4887,0.34607,6.7446
1790731443.6405,19.4875,0.34988,6.8182
1790731443.6948,19.4875,0.34988,6.8182
1790731443.7472,19.4875,0.34988,6.8182
1790731443.7998,19.4900,0.34575,6.7387
1790731443.8531,19.4900,0.34575,6.7387
1790731443.9072,19.4900,0.34575,6.7387
1790731443.9606,19.4887,0.34632,6.7494
1790731444.0130,19.4887,0.34632,6.7494
1790731444.0662,19.4900,0.34437,6.7119
1790731444.1206,19.4900,0.34437,6.7119
1790731444.1756,19.4900,0.34437,6.7119
1790731444.2307,19.4887,0.34595,6.7421
1790731444.2845,19.4887,0.34595,6.7421
1790731444.3388,19.4887,0.34595,6.7421
1790731444.3894,19.4875,0.34997,6.8201
1790731444.4416,19.4875,0.34997,6.8201
1790731444.4936,19.4900,0.34497,6.7236
1790731444.5486,19.4900,0.34497,6.7236
1790731444.6036,19.4900,0.34497,6.7236
1790731444.6567,19.4887,0.34640,6.7509
1790731444.7082,19.4887,0.34640,6.7509
1790731444.7607,19.4887,0.34640,6.7509
1790731444.8110,19.4887,0.34625,6.7480
1790731444.8652,19.4887,0.34625,6.7480
1790731444.9203,19.4887,0.34587,6.7407
1790731444.9750,19.4887,0.34587,6.7407
1790731445.0300,19.4887,0.34587,6.7407
1790731445.0817,19.4900,0.34623,6.7479
1790731445.1341,19.4900,0.34623,6.7479
1790731445.1884,19.4900,0.34623,6.7479
1790731445.2407,19.4887,0.34573,6.7377
1790731445.2957,19.4887,0.34573,6.7377
1790731445.3508,19.4900,0.34555,6.7348
1790731445.4058,19.4900,0.34555,6.7348
1790731445.4608,19.4900,0.34555,6.7348
1790731445.5158,19.4887,0.34795,6.7811
1790731445.5708,19.4887,0.34795,6.7811
1790731445.6258,19.4887,0.34795,6.7811
1790731445.6804,19.4875,0.35187,6.8572
1790731445.7336,19.4875,0.35187,6.8572
1790731445.7840,19.4887,0.34740,6.7704
1790731445.8390,19.4887,0.34740,6.7704
1790731445.8931,19.4887,0.34740,6.7704
1790731445.9475,19.4900,0.34532,6.7304
1790731446.0018,19.4900,0.34532,6.7304
1790731446.0556,19.4900,0.34532,6.7304
1790731446.1085,19.4900,0.34470,6.7182
1790731446.1598,19.4900,0.34470,6.7182
1790731446.2148,19.4900,0.34477,6.7197
1790731446.2670,19.4900,0.34477,6.7197
1790731446.3208,19.4900,0.34477,6.7197
1790731446.3759,19.4887,0.34725,6.7675
1790731446.4266,19.4887,0.34725,6.7675
1790731446.4805,19.4887,0.34725,6.7675
1790731446.5342,19.4887,0.34878,6.7972
1790731446.5890,19.4887,0.34878,6.7972
1790731446.6404,19.4900,0.34605,6.7445
1790731446.6937,19.4900,0.34605,6.7445
1790731446.7476,19.4900,0.34605,6.7445
1790731446.8005,19.4887,0.34677,6.7582
1790731446.8542,19.4887,0.34677,6.7582
1790731446.9089,19.4887,0.34677,6.7582
1790731446.9598,19.4887,0.34642,6.7514
1790731447.0137,19.4887,0.34642,6.7514
1790731447.0687,19.4900,0.34510,6.7260
1790731447.1206,19.4900,0.34510,6.7260
1790731447.1743,19.4900,0.34510,6.7260
1790731447.2252,19.4887,0.34695,6.7616
1790731447.2794,19.4887,0.34695,6.7616
1790731447.3344,19.4887,0.34695,6.7616
1790731447.3886,19.4887,0.34657,6.7543
1790731447.4400,19.4887,0.34657,6.7543
1790731447.4943,19.4887,0.34637,6.7504
1790731447.5477,19.4887,0.34637,6.7504
1790731447.5995,19.4887,0.34637,6.7504
1790731447.6514,19.4838,0.35965,7.0073
1790731447.7064,19.4838,0.35965,7.0073
1790731447.7606,19.4838,0.35965,7.0073
1790731447.8133,19.4887,0.34685,6.7597
1790731447.8668,19.4887,0.34685,6.7597
1790731447.9211,19.4900,0.34628,6.7489
1790731447.9755,19.4900,0.34628,6.7489
1790731448.0264,19.4900,0.34628,6.7489
1790731448.0810,19.4900,0.34488,6.7216
1790731448.1361,19.4900,0.34488,6.7216
1790731448.1898,19.4900,0.34488,6.7216
1790731448.2448,19.4900,0.34480,6.7202
1790731448.2998,19.4900,0.34480,6.7202
1790731448.3514,19.4887,0.34695,6.7616
1790731448.4026,19.4887,0.34695,6.7616
1790731448.4539,19.4887,0.34695,6.7616
1790731448.5078,19.4900,0.34605,6.7445
1790731448.5611,19.4900,0.34605,6.7445
1790731448.6123,19.4900,0.34605,6.7445
1790731448.6642,19.4887,0.34797,6.7816
1790731448.7192,19.4887,0.34797,6.7816
1790731448.7734,19.4887,0.34712,6.7650
1790731448.8279,19.4887,0.34712,6.7650
1790731448.8809,19.4887,0.34712,6.7650
1790731448.9360,19.4900,0.34475,6.7192
1790731448.9877,19.4900,0.34475,6.7192
1790731449.0413,19.4900,0.34475,6.7192
1790731449.0955,19.4900,0.34565,6.7367
1790731449.1478,19.4900,0.34565,6.7367
1790731449.2000,19.4900,0.34565,6.7367
1790731449.2545,19.4900,0.34420,6.7085
1790731449.3088,19.4900,0.34420,6.7085
1790731449.3601,19.4887,0.34760,6.7743
1790731449.4152,19.4887,0.34760,6.7743
1790731449.4702,19.4887,0.34760,6.7743
1790731449.5244,19.4887,0.34753,6.7728
1790731449.5757,19.4887,0.34753,6.7728
1790731449.6291,19.4875,0.34753,6.7724
1790731449.6812,19.4875,0.35030,6.8265
1790731449.7336,19.4875,0.35030,6.8265
1790731449.7849,19.4887,0.34962,6.8138
1790731449.8384,19.4887,0.34962,6.8138
1790731449.8911,19.4887,0.34962,6.8138
1790731449.9437,19.4887,0.34663,6.7553
1790731449.9948,19.4887,0.34663,6.7553
1790731450.0498,19.4887,0.34663,6.7553
1790731450.1048,19.4900,0.34513,6.7265
1790731450.1599,19.4900,0.34513,6.7265
1790731450.2103,19.4900,0.34593,6.7421
1790731450.2617,19.4900,0.34593,6.7421
1790731450.3128,19.4900,0.34593,6.7421
1790731450.3657,19.4875,0.35005,6.8216
1790731450.4207,19.4875,0.35005,6.8216
1790731450.4756,19.4875,0.35005,6.8216
1790731450.5264,19.4887,0.34648,6.7524
1790731450.5772,19.4887,0.34648,6.7524
1790731450.6322,19.4900,0.34610,6.7455
1790731450.6858,19.4900,0.34610,6.7455
1790731450.7389,19.4900,0.34610,6.7455
1790731450.7938,19.4900,0.34475,6.7192
1790731450.8489,19.4900,0.34475,6.7192
1790731450.9003,19.4900,0.34475,6.7192
1790731450.9504,19.4887,0.34788,6.7796
1790731451.0054,19.4887,0.34788,6.7796
1790731451.0604,19.4900,0.34430,6.7104
1790731451.1117,19.4900,0.34430,6.7104
1790731451.1631,19.4900,0.34430,6.7104
1790731451.2181,19.4900,0.34508,6.7255
1790731451.2698,19.4900,0.34508,6.7255
1790731451.3212,19.4900,0.34508,6.7255
1790731451.3762,19.4887,0.34695,6.7616
1790731451.4297,19.4887,0.34695,6.7616
1790731451.4809,19.4887,0.34695,6.7616
1790731451.5345,19.4887,0.34703,6.7631
1790731451.5891,19.4887,0.34703,6.7631
1790731451.6430,19.4875,0.35278,6.8747
1790731451.6937,19.4875,0.35278,6.8747
1790731451.7487,19.4875,0.35278,6.8747
1790731451.8015,19.4900,0.34423,6.7089
1790731451.8565,19.4900,0.34423,6.7089
1790731451.9099,19.4900,0.34423,6.7089
1790731451.9602,19.4887,0.34793,6.7806
1790731452.0152,19.4887,0.34793,6.7806
1790731452.0702,19.4900,0.34448,6.7138
1790731452.1215,19.4900,0.34448,6.7138
1790731452.1745,19.4900,0.34448,6.7138
1790731452.2282,19.4900,0.34345,6.6938
1790731452.2832,19.4900,0.34345,6.6938
1790731452.3365,19.4900,0.34345,6.6938
1790731452.3882,19.4900,0.34582,6.7401
1790731452.4415,19.4900,0.34582,6.7401
1790731452.4923,19.4875,0.35093,6.8387
1790731452.5437,19.4875,0.35093,6.8387
1790731452.5955,19.4875,0.35093,6.8387
1790731452.6473,19.4900,0.34550,6.7338
1790731452.7023,19.4900,0.34550,6.7338
1790731452.7573,19.4900,0.34550,6.7338
1790731452.8110,19.4900,0.34495,6.7231
1790731452.8630,19.4900,0.34495,6.7231
1790731452.9173,19.4887,0.34675,6.7577
1790731452.9687,19.4887,0.34675,6.7577
1790731453.0237,19.4887,0.34675,6.7577
1790731453.0773,19.4900,0.34637,6.7508
1790731453.1283,19.4900,0.34637,6.7508
1790731453.1814,19.4900,0.34637,6.7508
1790731453.2364,19.4900,0.34575,6.7387
1790731453.2915,19.4900,0.34575,6.7387
1790731453.3465,19.4887,0.34695,6.7616
1790731453.4015,19.4887,0.34695,6.7616
1790731453.4565,19.4887,0.34695,6.7616
1790731453.5109,19.4900,0.34598,6.7431
1790731453.5659,19.4900,0.34598,6.7431
1790731453.6206,19.4900,0.34598,6.7431
1790731453.6708,19.4863,0.35517,6.9210
1790731453.7242,19.4863,0.35517,6.9210
1790731453.7777,19.4900,0.34732,6.7694
1790731453.8284,19.4900,0.34732,6.7694
1790731453.8834,19.4900,0.34732,6.7694
1790731453.9352,19.4887,0.34673,6.7572
1790731453.9865,19.4887,0.34673,6.7572
1790731454.0414,19.4887,0.34673,6.7572
1790731454.0959,19.4900,0.34587,6.7411
1790731454.1499,19.4900,0.34587,6.7411
1790731454.2046,19.4900,0.34415,6.7075
1790731454.2546,19.4900,0.34415,6.7075
1790731454.3084,19.4900,0.34415,6.7075
1790731454.3612,19.4900,0.34577,6.7392
1790731454.4115,19.4900,0.34577,6.7392
1790731454.4620,19.4900,0.34577,6.7392
1790731454.5170,19.4887,0.34892,6.8001
1790731454.5717,19.4887,0.34892,6.8001
1790731454.6218,19.4887,0.34892,6.8001
1790731454.6768,19.4900,0.34395,6.7036
1790731454.7318,19.4900,0.34395,6.7036
1790731454.7857,19.4900,0.34497,6.7236
1790731454.8371,19.4900,0.34497,6.7236
1790731454.8901,19.4900,0.34497,6.7236
1790731454.9452,19.4900,0.34550,6.7338
1790731454.9990,19.4900,0.34550,6.7338
1790731455.0540,19.4900,0.34550,6.7338
1790731455.1091,19.4900,0.34382,6.7011
1790731455.1631,19.4900,0.34382,6.7011
1790731455.2165,19.4900,0.34530,6.7299
1790731455.2695,19.4900,0.34530,6.7299
1790731455.3232,19.4900,0.34530,6.7299
1790731455.3766,19.4900,0.34395,6.7036
1790731455.4299,19.4900,0.34395,6.7036
1790731455.4829,19.4887,0.34395,6.7032
1790731455.5344,19.4887,0.34923,6.8060
1790731455.5880,19.4887,0.34923,6.8060
1790731455.6400,19.4863,0.35480,6.9137
1790731455.6930,19.4863,0.35480,6.9137
1790731455.7457,19.4863,0.35480,6.9137
1790731455.8007,19.4863,0.35520,6.9215
1790731455.8557,19.4863,0.35520,6.9215
1790731455.9098,19.4887,0.35520,6.9224
1790731455.9630,19.4887,0.34685,6.7597
1790731456.0159,19.4887,0.34685,6.7597
1790731456.0686,19.4900,0.34630,6.7494
1790731456.1188,19.4900,0.34630,6.7494
1790731456.1736,19.4900,0.34630,6.7494
1790731456.2286,19.4900,0.34615,6.7465
1790731456.2836,19.4900,0.34615,6.7465
1790731456.3383,19.4900,0.34615,6.7465
1790731456.3895,19.4900,0.34675,6.7582
1790731456.4445,19.4900,0.34675,6.7582
1790731456.4957,19.4887,0.34800,6.7821
1790731456.5507,19.4887,0.34800,6.7821
1790731456.6042,19.4887,0.34800,6.7821
1790731456.6553,19.4887,0.34813,6.7845
1790731456.7056,19.4887,0.34813,6.7845
1790731456.7606,19.4887,0.34813,6.7845
1790731456.8156,19.4900,0.34375,6.6997
1790731456.8662,19.4900,0.34375,6.6997
1790731456.9186,19.4900,0.34435,6.7114
1790731456.9702,19.4900,0.34435,6.7114
1790731457.0242,19.4900,0.34435,6.7114
1790731457.0777,19.4887,0.34753,6.7728
1790731457.1317,19.4887,0.34753,6.7728
1790731457.1831,19.4887,0.34753,6.7728
1790731457.2336,19.4900,0.34490,6.7221
1790731457.2886,19.4900,0.34490,6.7221
1790731457.3417,19.4887,0.34695,6.7616
1790731457.3931,19.4887,0.34695,6.7616
1790731457.4481,19.4887,0.34695,6.7616
1790731457.5031,19.4887,0.34698,6.7621
1790731457.5549,19.4887,0.34698,6.7621
1790731457.6079,19.4887,0.34698,6.7621
1790731457.6626,19.4887,0.34945,6.8103
1790731457.7146,19.4887,0.34945,6.8103
1790731457.7666,19.4887,0.34945,6.8103
1790731457.8187,19.4887,0.34813,6.7845
1790731457.8706,19.4887,0.34813,6.7845
1790731457.9257,19.4900,0.34423,6.7089
1790731457.9767,19.4900,0.34423,6.7089
1790731458.0278,19.4900,0.34423,6.7089
1790731458.0828,19.4887,0.34960,6.8133
1790731458.1379,19.4887,0.34960,6.8133
1790731458.1929,19.4887,0.34960,6.8133
1790731458.2444,19.4900,0.34495,6.7231
1790731458.2968,19.4900,0.34495,6.7231
1790731458.3480,19.4887,0.34687,6.7602
1790731458.3997,19.4887,0.34687,6.7602
1790731458.4547,19.4887,0.34687,6.7602
1790731458.5097,19.4887,0.34870,6.7957
1790731458.5647,19.4887,0.34870,6.7957
1790731458.6198,19.4887,0.34870,6.7957
1790731458.6705,19.4900,0.34632,6.7499
1790731458.7255,19.4900,0.34632,6.7499
1790731458.7806,19.4900,0.34593,6.7421
1790731458.8326,19.4900,0.34593,6.7421
1790731458.8866,19.4900,0.34593,6.7421
1790731458.9416,19.4900,0.34440,6.7124
1790731458.9967,19.4900,0.34440,6.7124
1790731459.0480,19.4900,0.34440,6.7124
1790731459.0985,19.4900,0.34675,6.7582
1790731459.1510,19.4900,0.34675,6.7582
1790731459.2033,19.4887,0.34782,6.7787
1790731459.2583,19.4887,0.34782,6.7787
1790731459.3086,19.4887,0.34782,6.7787
1790731459.3600,19.4900,0.34620,6.7474
1790731459.4150,19.4900,0.34620,6.7474
1790731459.4700,19.4900,0.34620,6.7474
1790731459.5226,19.4887,0.34695,6.7616
1790731459.5736,19.4887,0.34695,6.7616
1790731459.6275,19.4887,0.34665,6.7558
1790731459.6815,19.4887,0.34665,6.7558
1790731459.7351,19.4887,0.34665,6.7558
1790731459.7902,19.4875,0.35392,6.8971
1790731459.8432,19.4875,0.35392,6.8971
1790731459.8974,19.4875,0.35392,6.8971
1790731459.9496,19.4900,0.34715,6.7660
1790731460.0022,19.4900,0.34715,6.7660
1790731460.0530,19.4900,0.34715,6.7660
1790731460.1070,19.4900,0.34703,6.7635
1790731460.1577,19.4900,0.34703,6.7635
1790731460.2084,19.4900,0.34525,6.7289
1790731460.2634,19.4900,0.34525,6.7289
1790731460.3137,19.4900,0.34525,6.7289
1790731460.3685,19.4900,0.34550,6.7338
1790731460.4219,19.4900,0.34550,6.7338
1790731460.4769,19.4900,0.34550,6.7338
1790731460.5320,19.4900,0.34418,6.7080
1790731460.5870,19.4900,0.34418,6.7080
1790731460.6420,19.4887,0.34760,6.7743
1790731460.6932,19.4887,0.34760,6.7743
1790731460.7482,19.4887,0.34760,6.7743
1790731460.8032,19.4900,0.34575,6.7387
1790731460.8551,19.4900,0.34575,6.7387
1790731460.9062,19.4900,0.34575,6.7387
1790731460.9588,19.4900,0.34470,6.7182
1790731461.0124,19.4900,0.34470,6.7182
1790731461.0632,19.4900,0.34747,6.7723
1790731461.1150,19.4900,0.34747,6.7723
1790731461.1674,19.4900,0.34747,6.7723
1790731461.2224,19.4887,0.34680,6.7587
1790731461.2774,19.4887,0.34680,6.7587
1790731461.3318,19.4887,0.34680,6.7587
1790731461.3868,19.4900,0.34602,6.7440
1790731461.4374,19.4900,0.34602,6.7440
1790731461.4913,19.4900,0.34547,6.7333
1790731461.5428,19.4900,0.34547,6.7333
1790731461.5978,19.4900,0.34547,6.7333
1790731461.6495,19.4875,0.35080,6.8362
1790731461.7012,19.4875,0.35080,6.8362
1790731461.7537,19.4875,0.35080,6.8362
1790731461.8081,19.4850,0.36078,7.0297
1790731461.8619,19.4850,0.36078,7.0297
1790731461.9123,19.4900,0.34525,6.7289
1790731461.9658,19.4900,0.34525,6.7289
1790731462.0168,19.4900,0.34525,6.7289
1790731462.0678,19.4900,0.34645,6.7523
1790731462.1181,19.4900,0.34645,6.7523
1790731462.1711,19.4900,0.34645,6.7523
1790731462.2215,19.4887,0.34703,6.7631
1790731462.2763,19.4887,0.34703,6.7631
1790731462.3313,19.4887,0.34703,6.7631
1790731462.3833,19.4900,0.34513,6.7265
1790731462.4364,19.4900,0.34513,6.7265
1790731462.4883,19.4887,0.34640,6.7509
1790731462.5429,19.4887,0.34640,6.7509
1790731462.5980,19.4887,0.34640,6.7509
1790731462.6498,19.4887,0.34710,6.7645
1790731462.7048,19.4887,0.34710,6.7645
1790731462.7590,19.4887,0.34710,6.7645
1790731462.8105,19.4900,0.34488,6.7216
1790731462.8655,19.4900,0.34488,6.7216
1790731462.9163,19.4900,0.34400,6.7046
1790731462.9701,19.4900,0.34400,6.7046
1790731463.0233,19.4900,0.34400,6.7046
1790731463.0771,19.4900,0.34475,6.7192
1790731463.1292,19.4900,0.34475,6.7192
1790731463.1800,19.4900,0.34475,6.7192
1790731463.2330,19.4887,0.34730,6.7684
1790731463.2880,19.4887,0.34730,6.7684
1790731463.3430,19.4900,0.34363,6.6973
1790731463.3934,19.4900,0.34363,6.6973
1790731463.4484,19.4900,0.34363,6.6973
1790731463.5018,19.4900,0.34520,6.7279
1790731463.5568,19.4900,0.34520,6.7279
1790731463.6119,19.4900,0.34520,6.7279
1790731463.6625,19.4900,0.34500,6.7241
1790731463.7175,19.4900,0.34500,6.7241
1790731463.7725,19.4838,0.36325,7.0775
1790731463.8275,19.4838,0.36325,7.0775
1790731463.8825,19.4838,0.36325,7.0775
1790731463.9354,19.4887,0.34730,6.7684
1790731463.9869,19.4887,0.34730,6.7684
1790731464.0420,19.4887,0.34730,6.7684
1790731464.0970,19.4900,0.34488,6.7216
1790731464.1520,19.4900,0.34488,6.7216
1790731464.2070,19.4887,0.34813,6.7845
1790731464.2620,19.4887,0.34813,6.7845
1790731464.3171,19.4887,0.34813,6.7845
1790731464.3673,19.4900,0.34573,6.7382
1790731464.4179,19.4900,0.34573,6.7382
1790731464.4705,19.4900,0.34573,6.7382
1790731464.5229,19.4875,0.35063,6.8328
1790731464.5762,19.4875,0.35063,6.8328
1790731464.6299,19.4900,0.34558,6.7353
1790731464.6848,19.4900,0.34558,6.7353
1790731464.7398,19.4900,0.34558,6.7353
1790731464.7948,19.4900,0.34473,6.7187
1790731464.8461,19.4900,0.34473,6.7187
1790731464.8962,19.4900,0.34473,6.7187
1790731464.9468,19.4887,0.34800,6.7821
1790731464.9975,19.4887,0.34800,6.7821
1790731465.0517,19.4900,0.34460,6.7163
1790731465.1044,19.4900,0.34460,6.7163
1790731465.1557,19.4900,0.34460,6.7163
1790731465.2076,19.4875,0.34942,6.8094
1790731465.2625,19.4875,0.34942,6.8094
1790731465.3162,19.4875,0.34942,6.8094
1790731465.3678,19.4900,0.34673,6.7577
1790731465.4199,19.4900,0.34673,6.7577
1790731465.4730,19.4900,0.34673,6.7577
1790731465.5280,19.4900,0.34480,6.7202
1790731465.5819,19.4900,0.34480,6.7202
1790731465.6355,19.4900,0.34640,6.7513
1790731465.6865,19.4900,0.34640,6.7513
1790731465.7374,19.4900,0.34640,6.7513
1790731465.7915,19.4875,0.35373,6.8932
1790731465.8465,19.4875,0.35373,6.8932
1790731465.8970,19.4875,0.35373,6.8932
1790731465.9493,19.4900,0.34475,6.7192
1790731466.0030,19.4900,0.34475,6.7192
1790731466.0560,19.4900,0.34663,6.7557
1790731466.1110,19.4900,0.34663,6.7557
1790731466.1660,19.4900,0.34663,6.7557
1790731466.2210,19.4887,0.34818,6.7855
1790731466.2717,19.4887,0.34818,6.7855
1790731466.3236,19.4887,0.34818,6.7855
1790731466.3742,19.4887,0.34923,6.8060
1790731466.4292,19.4887,0.34923,6.8060
1790731466.4802,19.4900,0.34692,6.7616
1790731466.5320,19.4900,0.34692,6.7616
1790731466.5860,19.4900,0.34692,6.7616
1790731466.6374,19.4900,0.34547,6.7333
1790731466.6924,19.4900,0.34547,6.7333
1790731466.7462,19.4900,0.34547,6.7333
1790731466.8012,19.4887,0.34728,6.7680
1790731466.8522,19.4887,0.34728,6.7680
1790731466.9023,19.4887,0.34728,6.7680
1790731466.9553,19.4900,0.34460,6.7163
1790731467.0093,19.4900,0.34460,6.7163
1790731467.0607,19.4900,0.34503,6.7245
1790731467.1157,19.4900,0.34503,6.7245
1790731467.1696,19.4900,0.34503,6.7245
1790731467.2217,19.4887,0.34843,6.7904
1790731467.2738,19.4887,0.34843,6.7904
1790731467.3288,19.4887,0.34843,6.7904
1790731467.3815,19.4900,0.34703,6.7635
1790731467.4365,19.4900,0.34703,6.7635
1790731467.4866,19.4887,0.34802,6.7826
1790731467.5373,19.4887,0.34802,6.7826
1790731467.5888,19.4887,0.34802,6.7826
1790731467.6421,19.4900,0.34593,6.7421
1790731467.6937,19.4900,0.34593,6.7421
1790731467.7484,19.4900,0.34593,6.7421
1790731467.8006,19.4850,0.35923,6.9995
1790731467.8556,19.4850,0.35923,6.9995
1790731467.9085,19.4900,0.34735,6.7699
1790731467.9635,19.4900,0.34735,6.7699
1790731468.0138,19.4900,0.34735,6.7699
1790731468.0688,19.4913,0.34375,6.7001
1790731468.1203,19.4913,0.34375,6.7001
1790731468.1753,19.4913,0.34375,6.7001
1790731468.2265,19.4900,0.34510,6.7260
1790731468.2815,19.4900,0.34510,6.7260
1790731468.3365,19.4900,0.34655,6.7543
1790731468.3915,19.4900,0.34655,6.7543
1790731468.4427,19.4900,0.34655,6.7543
1790731468.4962,19.4900,0.34450,6.7143
1790731468.5512,19.4900,0.34450,6.7143
1790731468.6051,19.4900,0.34450,6.7143
1790731468.6566,19.4887,0.34763,6.7748
1790731468.7100,19.4887,0.34763,6.7748
1790731468.7614,19.4900,0.34763,6.7752
1790731468.8164,19.4900,0.34488,6.7216
1790731468.8714,19.4900,0.34488,6.7216
1790731468.9227,19.4900,0.34563,6.7362
1790731468.9768,19.4900,0.34563,6.7362
1790731469.0318,19.4900,0.34563,6.7362
1790731469.0869,19.4900,0.34520,6.7279
1790731469.1408,19.4900,0.34520,6.7279
1790731469.1958,19.4900,0.34475,6.7192
1790731469.2468,19.4900,0.34475,6.7192
1790731469.2972,19.4900,0.34475,6.7192
1790731469.3522,19.4875,0.35093,6.8387
1790731469.4073,19.4875,0.35093,6.8387
1790731469.4623,19.4875,0.35093,6.8387
1790731469.5136,19.4900,0.34580,6.7396
1790731469.5686,19.4900,0.34580,6.7396
1790731469.6202,19.4900,0.34582,6.7401
1790731469.6708,19.4900,0.34582,6.7401
1790731469.7250,19.4900,0.34582,6.7401
1790731469.7767,19.4900,0.34735,6.7699
1790731469.8317,19.4900,0.34735,6.7699
1790731469.8834,19.4900,0.34735,6.7699
1790731469.9384,19.4900,0.34483,6.7206
1790731469.9934,19.4900,0.34483,6.7206
1790731470.0466,19.4900,0.34483,6.7206
1790731470.1016,19.4900,0.34575,6.7387
1790731470.1540,19.4900,0.34575,6.7387
1790731470.2090,19.4900,0.34513,6.7265
1790731470.2603,19.4900,0.34513,6.7265
1790731470.3146,19.4900,0.34513,6.7265
1790731470.3649,19.4887,0.34745,6.7714
1790731470.4169,19.4887,0.34745,6.7714
1790731470.4709,19.4887,0.34745,6.7714
1790731470.5219,19.4900,0.34582,6.7401
1790731470.5757,19.4900,0.34582,6.7401
1790731470.6291,19.4900,0.34458,6.7158
1790731470.6842,19.4900,0.34458,6.7158
1790731470.7382,19.4900,0.34458,6.7158
1790731470.7906,19.4900,0.34525,6.7289
1790731470.8456,19.4900,0.34525,6.7289
1790731470.9006,19.4900,0.34525,6.7289
1790731470.9557,19.4900,0.34573,6.7382
1790731471.0087,19.4900,0.34573,6.7382
1790731471.0637,19.4900,0.34555,6.7348
1790731471.1141,19.4900,0.34555,6.7348
1790731471.1662,19.4900,0.34555,6.7348
1790731471.2212,19.4900,0.34655,6.7543
1790731471.2718,19.4900,0.34655,6.7543
1790731471.3264,19.4900,0.34655,6.7543
1790731471.3814,19.4887,0.34780,6.7782
1790731471.4316,19.4887,0.34780,6.7782
1790731471.4866,19.4887,0.34782,6.7787
1790731471.5374,19.4887,0.34782,6.7787
1790731471.5892,19.4887,0.34782,6.7787
1790731471.6443,19.4900,0.34508,6.7255
1790731471.6992,19.4900,0.34508,6.7255
1790731471.7535,19.4900,0.34508,6.7255
1790731471.8086,19.4875,0.35140,6.8479
1790731471.8591,19.4875,0.35140,6.8479
1790731471.9141,19.4887,0.34767,6.7758
1790731471.9688,19.4887,0.34767,6.7758
1790731472.0202,19.4887,0.34767,6.7758
1790731472.0742,19.4900,0.34547,6.7333
1790731472.1261,19.4900,0.34547,6.7333
1790731472.1797,19.4900,0.34547,6.7333
1790731472.2347,19.4900,0.34577,6.7392
1790731472.2897,19.4900,0.34577,6.7392
1790731472.3447,19.4887,0.34750,6.7723
1790731472.3950,19.4887,0.34750,6.7723
1790731472.4471,19.4887,0.34750,6.7723
1790731472.4982,19.4900,0.34523,6.7284
1790731472.5521,19.4900,0.34523,6.7284
1790731472.6072,19.4900,0.34523,6.7284
1790731472.6576,19.4887,0.34763,6.7748
1790731472.7115,19.4887,0.34763,6.7748
1790731472.7638,19.4900,0.34442,6.7128
1790731472.8168,19.4900,0.34442,6.7128
1790731472.8684,19.4900,0.34442,6.7128
1790731472.9234,19.4900,0.34570,6.7377
1790731472.9772,19.4900,0.34570,6.7377
1790731473.0305,19.4900,0.34570,6.7377
1790731473.0839,19.4913,0.34407,6.7065
1790731473.1389,19.4913,0.34407,6.7065
1790731473.1932,19.4900,0.34508,6.7255
1790731473.2439,19.4900,0.34508,6.7255
1790731473.2989,19.4900,0.34508,6.7255
1790731473.3521,19.4887,0.34753,6.7728
1790731473.4039,19.4887,0.34753,6.7728
1790731473.4561,19.4887,0.34753,6.7728
1790731473.5106,19.4900,0.34653,6.7538
1790731473.5625,19.4900,0.34653,6.7538
1790731473.6161,19.4887,0.34653,6.7533
1790731473.6706,19.4887,0.34813,6.7845
1790731473.7240,19.4887,0.34813,6.7845
1790731473.7789,19.4875,0.35285,6.8762
1790731473.8306,19.4875,0.35285,6.8762
1790731473.8828,19.4875,0.35285,6.8762
1790731473.9362,19.4875,0.35387,6.8961
1790731473.9908,19.4875,0.35387,6.8961
1790731474.0418,19.4875,0.35387,6.8961
1790731474.0962,19.4913,0.34503,6.7250
1790731474.1507,19.4913,0.34503,6.7250
1790731474.2040,19.4913,0.34368,6.6987
1790731474.2573,19.4913,0.34368,6.6987
1790731474.3102,19.4913,0.34368,6.6987
1790731474.3640,19.4887,0.34715,6.7655
1790731474.4173,19.4887,0.34715,6.7655
1790731474.4723,19.4900,0.34715,6.7660
1790731474.5254,19.4900,0.34692,6.7616
1790731474.5763,19.4900,0.34692,6.7616
1790731474.6313,19.4900,0.34563,6.7362
1790731474.6855,19.4900,0.34563,6.7362
1790731474.7367,19.4900,0.34563,6.7362
1790731474.7907,19.4900,0.34495,6.7231
1790731474.8440,19.4900,0.34495,6.7231
1790731474.8984,19.4900,0.34495,6.7231
1790731474.9521,19.4900,0.34495,6.7231
1790731475.0051,19.4900,0.34495,6.7231
1790731475.0601,19.4887,0.34747,6.7719
1790731475.1134,19.4887,0.34747,6.7719
1790731475.1641,19.4887,0.34747,6.7719
1790731475.2147,19.4900,0.34545,6.7328
1790731475.2697,19.4900,0.34545,6.7328
1790731475.3247,19.4900,0.34545,6.7328
1790731475.3765,19.4900,0.34550,6.7338
1790731475.4315,19.4900,0.34550,6.7338
1790731475.4842,19.4887,0.34818,6.7855
1790731475.5374,19.4887,0.34818,6.7855
1790731475.5908,19.4887,0.34818,6.7855
1790731475.6441,19.4900,0.34480,6.7202
1790731475.6975,19.4900,0.34480,6.7202
1790731475.7508,19.4900,0.34480,6.7202
1790731475.8028,19.4887,0.34695,6.7616
1790731475.8579,19.4887,0.34695,6.7616
1790731475.9114,19.4900,0.34677,6.7586
1790731475.9646,19.4900,0.34677,6.7586
1790731476.0160,19.4900,0.34677,6.7586
1790731476.0693,19.4900,0.34552,6.7343
1790731476.1231,19.4900,0.34552,6.7343
1790731476.1744,19.4900,0.34552,6.7343
1790731476.2293,19.4900,0.34715,6.7660
1790731476.2843,19.4900,0.34715,6.7660
1790731476.3360,19.4900,0.34575,6.7387
1790731476.3885,19.4900,0.34575,6.7387
1790731476.4435,19.4900,0.34575,6.7387
1790731476.4976,19.4875,0.35242,6.8679
1790731476.5498,19.4875,0.35242,6.8679
1790731476.6042,19.4875,0.35242,6.8679
1790731476.6592,19.4900,0.34602,6.7440
1790731476.7142,19.4900,0.34602,6.7440
1790731476.7655,19.4900,0.34470,6.7182
1790731476.8165,19.4900,0.34470,6.7182
1790731476.8715,19.4900,0.34470,6.7182
1790731476.9243,19.4900,0.34650,6.7533
1790731476.9776,19.4900,0.34650,6.7533
1790731477.0299,19.4900,0.34650,6.7533
1790731477.0835,19.4900,0.34642,6.7518
1790731477.1370,19.4900,0.34642,6.7518
1790731477.1920,19.4900,0.34520,6.7279
1790731477.2423,19.4900,0.34520,6.7279
1790731477.2929,19.4900,0.34520,6.7279
1790731477.3461,19.4887,0.34755,6.7733
1790731477.3989,19.4887,0.34755,6.7733
1790731477.4499,19.4887,0.34755,6.7733
1790731477.5032,19.4887,0.34732,6.7689
1790731477.5572,19.4887,0.34732,6.7689
1790731477.6072,19.4887,0.34732,6.7689
1790731477.6622,19.4900,0.34510,6.7260
1790731477.7148,19.4900,0.34510,6.7260
1790731477.7699,19.4913,0.34373,6.6996
1790731477.8246,19.4913,0.34373,6.6996
1790731477.8797,19.4913,0.34373,6.6996
1790731477.9347,19.4875,0.35123,6.8445
1790731477.9897,19.4875,0.35123,6.8445
1790731478.0447,19.4900,0.34760,6.7747
1790731478.0998,19.4900,0.34760,6.7747
1790731478.1511,19.4900,0.34760,6.7747
1790731478.2044,19.4913,0.34335,6.6923
1790731478.2585,19.4913,0.34335,6.6923
1790731478.3111,19.4913,0.34335,6.6923
1790731478.3644,19.4887,0.34865,6.7948
1790731478.4178,19.4887,0.34865,6.7948
1790731478.4706,19.4887,0.34865,6.7948
1790731478.5245,19.4887,0.34890,6.7996
1790731478.5778,19.4887,0.34890,6.7996
1790731478.6328,19.4913,0.34352,6.6957
1790731478.6859,19.4913,0.34352,6.6957
1790731478.7371,19.4913,0.34352,6.6957
1790731478.7921,19.4900,0.34517,6.7275
1790731478.8453,19.4900,0.34517,6.7275
1790731478.8984,19.4900,0.34517,6.7275
1790731478.9534,19.4900,0.34380,6.7007
1790731479.0084,19.4900,0.34380,6.7007
1790731479.0602,19.4900,0.34607,6.7450
1790731479.1112,19.4900,0.34607,6.7450
1790731479.1634,19.4900,0.34607,6.7450
1790731479.2184,19.4900,0.34600,6.7435
1790731479.2717,19.4900,0.34600,6.7435
1790731479.3245,19.4900,0.34600,6.7435
1790731479.3779,19.4900,0.34607,6.7450
1790731479.4279,19.4900,0.34607,6.7450
1790731479.4811,19.4887,0.35045,6.8298
1790731479.5361,19.4887,0.35045,6.8298
1790731479.5901,19.4887,0.35045,6.8298
1790731479.6411,19.4900,0.34613,6.7460
1790731479.6961,19.4900,0.34613,6.7460
1790731479.7502,19.4900,0.34613,6.7460
1790731479.8052,19.4900,0.34500,6.7241
1790731479.8579,19.4900,0.34500,6.7241
1790731479.9092,19.4863,0.35637,6.9444
1790731479.9613,19.4863,0.35637,6.9444
1790731480.0163,19.4863,0.35637,6.9444
1790731480.0688,19.4900,0.34490,6.7221
1790731480.1238,19.4900,0.34490,6.7221
1790731480.1780,19.4900,0.34490,6.7221
1790731480.2281,19.4900,0.34607,6.7450
1790731480.2832,19.4900,0.34607,6.7450
1790731480.3344,19.4900,0.34515,6.7270
1790731480.3894,19.4900,0.34515,6.7270
1790731480.4432,19.4900,0.34515,6.7270
1790731480.4980,19.4900,0.34515,6.7270
1790731480.5518,19.4900,0.34515,6.7270
1790731480.6032,19.4900,0.34515,6.7270
1790731480.6580,19.4887,0.34852,6.7923
1790731480.7130,19.4887,0.34852,6.7923
1790731480.7651,19.4900,0.34535,6.7309
1790731480.8180,19.4900,0.34535,6.7309
1790731480.8722,19.4900,0.34535,6.7309
1790731480.9253,19.4900,0.34685,6.7601
1790731480.9781,19.4900,0.34685,6.7601
1790731481.0319,19.4900,0.34685,6.7601
1790731481.0847,19.4900,0.34532,6.7304
1790731481.1389,19.4900,0.34532,6.7304
1790731481.1914,19.4900,0.34747,6.7723
1790731481.2446,19.4900,0.34747,6.7723
1790731481.2996,19.4900,0.34747,6.7723
1790731481.3499,19.4900,0.34740,6.7708
1790731481.4011,19.4900,0.34740,6.7708
1790731481.4562,19.4900,0.34740,6.7708
1790731481.5080,19.4900,0.34632,6.7499
1790731481.5590,19.4900,0.34632,6.7499
1790731481.6134,19.4887,0.34632,6.7494
1790731481.6685,19.4887,0.34970,6.8152
1790731481.7235,19.4887,0.34970,6.8152
1790731481.7783,19.4900,0.34535,6.7309
1790731481.8315,19.4900,0.34535,6.7309
1790731481.8844,19.4900,0.34535,6.7309
1790731481.9394,19.4900,0.34530,6.7299
1790731481.9915,19.4900,0.34530,6.7299
1790731482.0448,19.4900,0.34618,6.7470
1790731482.0982,19.4900,0.34618,6.7470
1790731482.1515,19.4900,0.34618,6.7470
1790731482.2051,19.4900,0.34577,6.7392
1790731482.2582,19.4900,0.34577,6.7392
1790731482.3132,19.4900,0.34577,6.7392
1790731482.3682,19.4887,0.34775,6.7772
1790731482.4232,19.4887,0.34775,6.7772
1790731482.4766,19.4900,0.34723,6.7674
1790731482.5293,19.4900,0.34723,6.7674
1790731482.5843,19.4900,0.34723,6.7674
1790731482.6393,19.4887,0.34742,6.7709
1790731482.6911,19.4887,0.34742,6.7709
1790731482.7428,19.4887,0.34742,6.7709
1790731482.7941,19.4900,0.34620,6.7474
1790731482.8459,19.4900,0.34620,6.7474
1790731482.8965,19.4900,0.34620,6.7474
1790731482.9516,19.4900,0.34550,6.7338
1790731483.0050,19.4900,0.34550,6.7338
1790731483.0582,19.4900,0.34545,6.7328
1790731483.1121,19.4900,0.34545,6.7328
1790731483.1660,19.4900,0.34545,6.7328
1790731483.2183,19.4900,0.34510,6.7260
1790731483.2713,19.4900,0.34510,6.7260
1790731483.3247,19.4900,0.34510,6.7260
1790731483.3783,19.4900,0.34628,6.7489
1790731483.4302,19.4900,0.34628,6.7489
1790731483.4852,19.4900,0.34535,6.7309
1790731483.5384,19.4900,0.34535,6.7309
1790731483.5930,19.4900,0.34535,6.7309
1790731483.6465,19.4900,0.34648,6.7528
1790731483.6984,19.4900,0.34648,6.7528
1790731483.7496,19.4900,0.34648,6.7528
1790731483.8046,19.4900,0.34547,6.7333
1790731483.8582,19.4900,0.34547,6.7333
1790731483.9132,19.4887,0.34900,6.8016
1790731483.9635,19.4887,0.34900,6.8016
1790731484.0184,19.4887,0.34900,6.8016
1790731484.0719,19.4913,0.34405,6.7060
1790731484.1235,19.4913,0.34405,6.7060
1790731484.1785,19.4913,0.34405,6.7060
1790731484.2318,19.4900,0.34703,6.7635
1790731484.2861,19.4900,0.34703,6.7635
1790731484.3382,19.4900,0.34620,6.7474
1790731484.3932,19.4900,0.34620,6.7474
1790731484.4451,19.4900,0.34620,6.7474
1790731484.4983,19.4887,0.34747,6.7719
1790731484.5503,19.4887,0.34747,6.7719
1790731484.6051,19.4887,0.34747,6.7719
1790731484.6600,19.4900,0.34755,6.7737
1790731484.7118,19.4900,0.34755,6.7737
1790731484.7650,19.4900,0.34473,6.7187
1790731484.8185,19.4900,0.34473,6.7187
1790731484.8736,19.4900,0.34473,6.7187
1790731484.9254,19.4900,0.34802,6.7830
1790731484.9785,19.4900,0.34802,6.7830
1790731485.0318,19.4900,0.34802,6.7830
1790731485.0869,19.4900,0.34517,6.7275
1790731485.1391,19.4900,0.34517,6.7275
1790731485.1933,19.4900,0.34730,6.7689
1790731485.2466,19.4900,0.34730,6.7689
1790731485.2980,19.4900,0.34730,6.7689
1790731485.3496,19.4900,0.34547,6.7333
1790731485.4043,19.4900,0.34547,6.7333
1790731485.4586,19.4900,0.34547,6.7333
1790731485.5129,19.4913,0.34373,6.6996
1790731485.5643,19.4913,0.34373,6.6996
1790731485.6177,19.4875,0.35085,6.8372
1790731485.6719,19.4875,0.35085,6.8372
1790731485.7267,19.4875,0.35085,6.8372
1790731485.7786,19.4900,0.34668,6.7567
1790731485.8317,19.4900,0.34668,6.7567
1790731485.8832,19.4900,0.34668,6.7567
1790731485.9382,19.4863,0.35657,6.9483
1790731485.9930,19.4863,0.35657,6.9483
1790731486.0444,19.4913,0.34448,6.7142
1790731486.0978,19.4913,0.34448,6.7142
1790731486.1529,19.4913,0.34448,6.7142
1790731486.2051,19.4913,0.34433,6.7113
1790731486.2582,19.4913,0.34433,6.7113
1790731486.3121,19.4913,0.34433,6.7113
1790731486.3633,19.4900,0.34640,6.7513
1790731486.4145,19.4900,0.34640,6.7513
1790731486.4695,19.4913,0.34448,6.7142
1790731486.5227,19.4913,0.34448,6.7142
1790731486.5761,19.4913,0.34448,6.7142
1790731486.6275,19.4900,0.34587,6.7411
1790731486.6826,19.4900,0.34587,6.7411
1790731486.7376,19.4900,0.34587,6.7411
1790731486.7893,19.4887,0.34960,6.8133
1790731486.8444,19.4887,0.34960,6.8133
1790731486.8983,19.4913,0.34477,6.7201
1790731486.9522,19.4913,0.34477,6.7201
1790731487.0034,19.4913,0.34477,6.7201
1790731487.0584,19.4887,0.35003,6.8215
1790731487.1135,19.4887,0.35003,6.8215
1790731487.1674,19.4887,0.35003,6.8215
1790731487.2211,19.4887,0.35082,6.8371
1790731487.2723,19.4887,0.35082,6.8371
1790731487.3235,19.4900,0.35082,6.8376
1790731487.3786,19.4900,0.34575,6.7387
1790731487.4289,19.4900,0.34575,6.7387
1790731487.4820,19.4900,0.34620,6.7474
1790731487.5370,19.4900,0.34620,6.7474
1790731487.5904,19.4900,0.34620,6.7474
1790731487.6430,19.4913,0.34495,6.7235
1790731487.6978,19.4913,0.34495,6.7235
1790731487.7511,19.4913,0.34495,6.7235
1790731487.8040,19.4887,0.34868,6.7952
1790731487.8590,19.4887,0.34868,6.7952
1790731487.9108,19.4875,0.35348,6.8883
1790731487.9634,19.4875,0.35348,6.8883
1790731488.0185,19.4875,0.35348,6.8883
1790731488.0688,19.4825,0.36775,7.1647
1790731488.1238,19.4825,0.36775,7.1647
1790731488.1760,19.4825,0.36775,7.1647
1790731488.2268,19.4900,0.34740,6.7708
1790731488.2771,19.4900,0.34740,6.7708
1790731488.3308,19.4887,0.35085,6.8376
1790731488.3820,19.4887,0.35085,6.8376
1790731488.4371,19.4887,0.35085,6.8376
1790731488.4921,19.4887,0.34788,6.7796
1790731488.5441,19.4887,0.34788,6.7796
1790731488.5975,19.4887,0.34788,6.7796
1790731488.6475,19.4913,0.34392,6.7035
1790731488.7009,19.4913,0.34392,6.7035
1790731488.7546,19.4913,0.34497,6.7240
1790731488.8061,19.4913,0.34497,6.7240
1790731488.8585,19.4913,0.34497,6.7240
1790731488.9108,19.4900,0.34882,6.7986
1790731488.9659,19.4900,0.34882,6.7986
1790731489.0167,19.4900,0.34882,6.7986
1790731489.0689,19.4887,0.34968,6.8147
1790731489.1226,19.4887,0.34968,6.8147
1790731489.1733,19.4887,0.34968,6.8147
1790731489.2273,19.4900,0.34747,6.7723
1790731489.2817,19.4900,0.34747,6.7723
1790731489.3340,19.4887,0.34895,6.8006
1790731489.3890,19.4887,0.34895,6.8006
1790731489.4421,19.4887,0.34895,6.8006
1790731489.4971,19.4900,0.34575,6.7387
1790731489.5499,19.4900,0.34575,6.7387
1790731489.6008,19.4900,0.34575,6.7387
1790731489.6529,19.4850,0.35863,6.9878
1790731489.7064,19.4850,0.35863,6.9878
1790731489.7614,19.4900,0.34825,6.7874
1790731489.8164,19.4900,0.34825,6.7874
1790731489.8674,19.4900,0.34825,6.7874
1790731489.9208,19.4887,0.35008,6.8225
1790731489.9759,19.4887,0.35008,6.8225
1790731490.0309,19.4887,0.35008,6.8225
1790731490.0829,19.4913,0.34538,6.7318
1790731490.1345,19.4913,0.34538,6.7318
1790731490.1872,19.4913,0.34473,6.7191
1790731490.2423,19.4913,0.34473,6.7191
1790731490.2973,19.4913,0.34473,6.7191
1790731490.3505,19.4900,0.34860,6.7942
1790731490.4042,19.4900,0.34860,6.7942
1790731490.4592,19.4900,0.34860,6.7942
1790731490.5142,19.4913,0.34523,6.7289
1790731490.5693,19.4913,0.34523,6.7289
1790731490.6243,19.4900,0.34632,6.7499
1790731490.6781,19.4900,0.34632,6.7499
1790731490.7320,19.4900,0.34632,6.7499
1790731490.7870,19.4900,0.34852,6.7928
1790731490.8384,19.4900,0.34852,6.7928
1790731490.8923,19.4913,0.34852,6.7932
1790731490.9445,19.4913,0.34530,6.7303
1790731490.9995,19.4913,0.34530,6.7303
1790731491.0514,19.4913,0.34600,6.7440
1790731491.1049,19.4913,0.34600,6.7440
1790731491.1599,19.4913,0.34600,6.7440
1790731491.2149,19.4913,0.34577,6.7396
1790731491.2685,19.4913,0.34577,6.7396
1790731491.3236,19.4913,0.34543,6.7328
1790731491.3782,19.4913,0.34543,6.7328
1790731491.4299,19.4913,0.34543,6.7328
1790731491.4850,19.4887,0.34953,6.8118
1790731491.5400,19.4887,0.34953,6.8118
1790731491.5950,19.4887,0.34953,6.8118
1790731491.6500,19.4900,0.34687,6.7606
1790731491.7045,19.4900,0.34687,6.7606
1790731491.7595,19.4900,0.34645,6.7523
1790731491.8146,19.4900,0.34645,6.7523
1790731491.8689,19.4900,0.34645,6.7523
1790731491.9213,19.4887,0.34968,6.8147
1790731491.9744,19.4887,0.34968,6.8147
1790731492.0266,19.4887,0.34968,6.8147
1790731492.0816,19.4875,0.35313,6.8815
1790731492.1366,19.4875,0.35313,6.8815
1790731492.1883,19.4913,0.34565,6.7372
1790731492.2420,19.4913,0.34565,6.7372
1790731492.2970,19.4913,0.34565,6.7372
1790731492.3520,19.4913,0.34552,6.7347
1790731492.4026,19.4913,0.34552,6.7347
1790731492.4548,19.4913,0.34552,6.7347
1790731492.5093,19.4900,0.34677,6.7586
1790731492.5596,19.4900,0.34677,6.7586
1790731492.6114,19.4900,0.34645,6.7523
1790731492.6630,19.4900,0.34645,6.7523
1790731492.7131,19.4900,0.34645,6.7523
1790731492.7661,19.4900,0.34575,6.7387
1790731492.8211,19.4900,0.34575,6.7387
1790731492.8761,19.4900,0.34575,6.7387
1790731492.9297,19.4887,0.35078,6.8362
1790731492.9836,19.4887,0.35078,6.8362
1790731493.0386,19.4900,0.34705,6.7640
1790731493.0916,19.4900,0.34705,6.7640
1790731493.1424,19.4900,0.34705,6.7640
1790731493.1966,19.4913,0.34628,6.7493
1790731493.2516,19.4913,0.34628,6.7493
1790731493.3017,19.4913,0.34628,6.7493
1790731493.3538,19.4900,0.34580,6.7396
1790731493.4088,19.4900,0.34580,6.7396
1790731493.4638,19.4900,0.34580,6.7396
1790731493.5188,19.4900,0.34657,6.7547
1790731493.5701,19.4900,0.34657,6.7547
1790731493.6218,19.4900,0.34810,6.7845
1790731493.6748,19.4900,0.34810,6.7845
1790731493.7298,19.4900,0.34810,6.7845
1790731493.7849,19.4913,0.34465,6.7177
1790731493.8390,19.4913,0.34465,6.7177
1790731493.8901,19.4913,0.34465,6.7177
1790731493.9429,19.4900,0.34795,6.7815
1790731493.9979,19.4900,0.34795,6.7815
1790731494.0529,19.4850,0.35995,7.0136
1790731494.1045,19.4850,0.35995,7.0136
1790731494.1580,19.4850,0.35995,7.0136
1790731494.2096,19.4913,0.34545,6.7333
1790731494.2646,19.4913,0.34545,6.7333
1790731494.3196,19.4900,0.34545,6.7328
1790731494.3709,19.4900,0.34868,6.7957
1790731494.4210,19.4900,0.34868,6.7957
1790731494.4749,19.4913,0.34532,6.7308
1790731494.5265,19.4913,0.34532,6.7308
1790731494.5815,19.4913,0.34532,6.7308
1790731494.6336,19.4900,0.34692,6.7616
1790731494.6859,19.4900,0.34692,6.7616
1790731494.7396,19.4900,0.34692,6.7616
1790731494.7922,19.4913,0.34352,6.6957
1790731494.8464,19.4913,0.34352,6.6957
1790731494.9006,19.4900,0.34738,6.7703
1790731494.9524,19.4900,0.34738,6.7703
1790731495.0048,19.4900,0.34738,6.7703
1790731495.0577,19.4913,0.34615,6.7469
1790731495.1092,19.4913,0.34615,6.7469
1790731495.1632,19.4913,0.34615,6.7469
1790731495.2146,19.4913,0.34427,6.7104
1790731495.2669,19.4913,0.34427,6.7104
1790731495.3173,19.4913,0.34427,6.7104
1790731495.3678,19.4900,0.34695,6.7621
1790731495.4205,19.4900,0.34695,6.7621
1790731495.4745,19.4900,0.34640,6.7513
1790731495.5293,19.4900,0.34640,6.7513
1790731495.5832,19.4900,0.34640,6.7513
1790731495.6371,19.4913,0.34515,6.7274
1790731495.6906,19.4913,0.34515,6.7274
1790731495.7441,19.4913,0.34515,6.7274
1790731495.7951,19.4900,0.34875,6.7971
1790731495.8502,19.4900,0.34875,6.7971
1790731495.9049,19.4900,0.34852,6.7928
1790731495.9599,19.4900,0.34852,6.7928
1790731496.0148,19.4900,0.34852,6.7928
1790731496.0698,19.4900,0.34958,6.8132
1790731496.1214,19.4900,0.34958,6.8132
1790731496.1734,19.4900,0.34958,6.8132
1790731496.2250,19.4900,0.34615,6.7465
1790731496.2757,19.4900,0.34615,6.7465
1790731496.3308,19.4913,0.34540,6.7323
1790731496.3858,19.4913,0.34540,6.7323
1790731496.4386,19.4913,0.34540,6.7323
1790731496.4929,19.4900,0.34747,6.7723
1790731496.5479,19.4900,0.34747,6.7723
1790731496.6029,19.4900,0.34747,6.7723
1790731496.6564,19.4913,0.34462,6.7172
1790731496.7077,19.4913,0.34462,6.7172
1790731496.7624,19.4913,0.34480,6.7206
1790731496.8174,19.4913,0.34480,6.7206
1790731496.8722,19.4913,0.34480,6.7206
1790731496.9227,19.4900,0.34675,6.7582
1790731496.9777,19.4900,0.34675,6.7582
1790731497.0328,19.4913,0.34675,6.7586
1790731497.0859,19.4913,0.34410,6.7069
1790731497.1372,19.4913,0.34410,6.7069
1790731497.1892,19.4900,0.34668,6.7567
1790731497.2442,19.4900,0.34668,6.7567
1790731497.2961,19.4900,0.34668,6.7567
1790731497.3482,19.4913,0.34568,6.7376
1790731497.4032,19.4913,0.34568,6.7376
1790731497.4549,19.4913,0.34568,6.7376
1790731497.5059,19.4913,0.34532,6.7308
1790731497.5609,19.4913,0.34532,6.7308
1790731497.6117,19.4875,0.35310,6.8810
1790731497.6667,19.4875,0.35310,6.8810
1790731497.7217,19.4875,0.35310,6.8810
1790731497.7767,19.4913,0.34513,6.7269
1790731497.8289,19.4913,0.34513,6.7269
1790731497.8838,19.4913,0.34513,6.7269
1790731497.9362,19.4900,0.34700,6.7630
1790731497.9885,19.4900,0.34700,6.7630
1790731498.0435,19.4875,0.35547,6.9273
1790731498.0985,19.4875,0.35547,6.9273
1790731498.1504,19.4875,0.35547,6.9273
1790731498.2007,19.4913,0.34470,6.7186
1790731498.2554,19.4913,0.34470,6.7186
1790731498.3069,19.4913,0.34470,6.7186
1790731498.3620,19.4887,0.35080,6.8367
1790731498.4157,19.4887,0.35080,6.8367
1790731498.4693,19.4900,0.34570,6.7377
1790731498.5243,19.4900,0.34570,6.7377
1790731498.5759,19.4900,0.34570,6.7377
1790731498.6284,19.4900,0.34653,6.7538
1790731498.6818,19.4900,0.34653,6.7538
1790731498.7334,19.4900,0.34653,6.7538
1790731498.7883,19.4913,0.34435,6.7118
1790731498.8402,19.4913,0.34435,6.7118
1790731498.8935,19.4913,0.34370,6.6991
1790731498.9485,19.4913,0.34370,6.6991
1790731499.0035,19.4913,0.34370,6.6991
1790731499.0560,19.4900,0.34705,6.7640
1790731499.1090,19.4900,0.34705,6.7640
1790731499.1615,19.4900,0.34705,6.7640
1790731499.2133,19.4913,0.34515,6.7274
1790731499.2650,19.4913,0.34515,6.7274
1790731499.3189,19.4900,0.34515,6.7270
1790731499.3718,19.4900,0.34895,6.8010
1790731499.4220,19.4900,0.34895,6.8010
1790731499.4744,19.4900,0.34725,6.7679
1790731499.5263,19.4900,0.34725,6.7679
1790731499.5801,19.4900,0.34725,6.7679
1790731499.6352,19.4900,0.34590,6.7416
1790731499.6875,19.4900,0.34590,6.7416
1790731499.7393,19.4900,0.34590,6.7416
1790731499.7910,19.4913,0.34645,6.7527
1790731499.8460,19.4913,0.34645,6.7527
1790731499.9006,19.4913,0.34517,6.7279
1790731499.9521,19.4913,0.34517,6.7279
1790731500.0072,19.4913,0.34517,6.7279
1790731500.0592,19.4850,0.36260,7.0653
1790731500.1093,19.4850,0.36260,7.0653
1790731500.1629,19.4850,0.36260,7.0653
1790731500.2176,19.4913,0.34568,6.7376
1790731500.2681,19.4913,0.34568,6.7376
1790731500.3219,19.4913,0.34580,6.7401
1790731500.3744,19.4913,0.34580,6.7401
1790731500.4269,19.4913,0.34580,6.7401
1790731500.4811,19.4900,0.34852,6.7928
1790731500.5331,19.4900,0.34852,6.7928
1790731500.5848,19.4900,0.34852,6.7928
1790731500.6379,19.4913,0.34517,6.7279
1790731500.6890,19.4913,0.34517,6.7279
1790731500.7409,19.4913,0.34517,6.7279
1790731500.7959,19.4913,0.34475,6.7196
1790731500.8509,19.4913,0.34475,6.7196
1790731500.9058,19.4913,0.34500,6.7245
1790731500.9580,19.4913,0.34500,6.7245
1790731501.0131,19.4913,0.34500,6.7245
1790731501.0651,19.4913,0.34650,6.7537
1790731501.1184,19.4913,0.34650,6.7537
1790731501.1707,19.4913,0.34650,6.7537
1790731501.2241,19.4913,0.34520,6.7284
1790731501.2751,19.4913,0.34520,6.7284
1790731501.3277,19.4875,0.35455,6.9093
1790731501.3808,19.4875,0.35455,6.9093
1790731501.4334,19.4875,0.35455,6.9093
1790731501.4851,19.4913,0.34505,6.7255
1790731501.5355,19.4913,0.34505,6.7255
1790731501.5895,19.4913,0.34505,6.7255
1790731501.6409,19.4900,0.34708,6.7645
1790731501.6927,19.4900,0.34708,6.7645
1790731501.7455,19.4900,0.34708,6.7645
1790731501.8006,19.4900,0.34648,6.7528
1790731501.8516,19.4900,0.34648,6.7528
1790731501.9062,19.4913,0.34532,6.7308
1790731501.9596,19.4913,0.34532,6.7308
1790731502.0147,19.4913,0.34532,6.7308
1790731502.0685,19.4900,0.34790,6.7806
1790731502.1235,19.4900,0.34790,6.7806
1790731502.1756,19.4913,0.34530,6.7303
1790731502.2306,19.4913,0.34530,6.7303
1790731502.2856,19.4913,0.34530,6.7303
1790731502.3402,19.4913,0.34517,6.7279
1790731502.3952,19.4913,0.34517,6.7279
1790731502.4503,19.4913,0.34517,6.7279
1790731502.5022,19.4913,0.34475,6.7196
1790731502.5548,19.4913,0.34475,6.7196
1790731502.6059,19.4900,0.34795,6.7815
1790731502.6602,19.4900,0.34795,6.7815
1790731502.7128,19.4900,0.34795,6.7815
1790731502.7632,19.4913,0.34505,6.7255
1790731502.8182,19.4913,0.34505,6.7255
1790731502.8694,19.4913,0.34505,6.7255
1790731502.9245,19.4913,0.34560,6.7362
1790731502.9754,19.4913,0.34560,6.7362
1790731503.0266,19.4913,0.34560,6.7362
1790731503.0816,19.4900,0.34755,6.7737
1790731503.1328,19.4900,0.34755,6.7737
1790731503.1878,19.4913,0.34615,6.7469
1790731503.2389,19.4913,0.34615,6.7469
1790731503.2938,19.4913,0.34615,6.7469
1790731503.3489,19.4900,0.34675,6.7582
1790731503.4024,19.4900,0.34675,6.7582
1790731503.4575,19.4900,0.34675,6.7582
1790731503.5125,19.4913,0.34492,6.7230
1790731503.5656,19.4913,0.34492,6.7230
1790731503.6206,19.4900,0.34765,6.7757
1790731503.6729,19.4900,0.34765,6.7757
1790731503.7273,19.4900,0.34765,6.7757
1790731503.7796,19.4900,0.34703,6.7635
1790731503.8312,19.4900,0.34703,6.7635
1790731503.8823,19.4900,0.34703,6.7635
1790731503.9356,19.4913,0.34587,6.7415
1790731503.9889,19.4913,0.34587,6.7415
1790731504.0436,19.4875,0.35387,6.8961
1790731504.0964,19.4875,0.35387,6.8961
1790731504.1493,19.4875,0.35387,6.8961
1790731504.2042,19.4913,0.34560,6.7362
1790731504.2558,19.4913,0.34560,6.7362
1790731504.3108,19.4913,0.34560,6.7362
1790731504.3637,19.4913,0.34642,6.7523
1790731504.4188,19.4913,0.34642,6.7523
1790731504.4704,19.4900,0.34815,6.7854
1790731504.5254,19.4900,0.34815,6.7854
1790731504.5804,19.4900,0.34815,6.7854
1790731504.6330,19.4913,0.34558,6.7357
1790731504.6874,19.4913,0.34558,6.7357
1790731504.7407,19.4913,0.34558,6.7357
1790731504.7940,19.4900,0.34690,6.7611
1790731504.8474,19.4900,0.34690,6.7611
1790731504.8990,19.4913,0.34427,6.7104
1790731504.9504,19.4913,0.34427,6.7104
1790731505.0054,19.4913,0.34427,6.7104
1790731505.0604,19.4913,0.34460,6.7167
1790731505.1141,19.4913,0.34460,6.7167
1790731505.1677,19.4913,0.34460,6.7167
1790731505.2210,19.4887,0.35295,6.8786
1790731505.2760,19.4887,0.35295,6.8786
1790731505.3263,19.4900,0.34835,6.7893
1790731505.3813,19.4900,0.34835,6.7893
1790731505.4363,19.4900,0.34835,6.7893
1790731505.4914,19.4913,0.34653,6.7542
1790731505.5464,19.4913,0.34653,6.7542
1790731505.6014,19.4900,0.34653,6.7538
1790731505.6536,19.4900,0.34790,6.7806
1790731505.7077,19.4900,0.34790,6.7806
1790731505.7599,19.4913,0.34575,6.7391
1790731505.8115,19.4913,0.34575,6.7391
1790731505.8666,19.4913,0.34575,6.7391
1790731505.9179,19.4900,0.34725,6.7679
1790731505.9715,19.4900,0.34725,6.7679
1790731506.0265,19.4900,0.34725,6.7679
1790731506.0773,19.4887,0.35165,6.8532
1790731506.1291,19.4887,0.35165,6.8532
1790731506.1810,19.4875,0.35510,6.9200
1790731506.2352,19.4875,0.35510,6.9200
1790731506.2876,19.4875,0.35510,6.9200
1790731506.3426,19.4913,0.34640,6.7518
1790731506.3947,19.4913,0.34640,6.7518
1790731506.4479,19.4913,0.34640,6.7518
1790731506.5014,19.4913,0.34500,6.7245
1790731506.5565,19.4913,0.34500,6.7245
1790731506.6081,19.4900,0.34828,6.7879
1790731506.6624,19.4900,0.34828,6.7879
1790731506.7149,19.4900,0.34828,6.7879
1790731506.7676,19.4913,0.34593,6.7425
1790731506.8189,19.4913,0.34593,6.7425
1790731506.8733,19.4913,0.34593,6.7425
1790731506.9266,19.4913,0.34500,6.7245
1790731506.9810,19.4913,0.34500,6.7245
1790731507.0343,19.4913,0.34513,6.7269
1790731507.0876,19.4913,0.34513,6.7269
1790731507.1410,19.4913,0.34513,6.7269
1790731507.1943,19.4913,0.34645,6.7527
1790731507.2456,19.4913,0.34645,6.7527
1790731507.3006,19.4913,0.34645,6.7527
1790731507.3557,19.4900,0.34677,6.7586
1790731507.4107,19.4900,0.34677,6.7586
1790731507.4628,19.4913,0.34477,6.7201
1790731507.5136,19.4913,0.34477,6.7201
1790731507.5677,19.4913,0.34477,6.7201
1790731507.6211,19.4913,0.34450,6.7147
1790731507.6744,19.4913,0.34450,6.7147
1790731507.7294,19.4913,0.34450,6.7147
1790731507.7800,19.4900,0.34685,6.7601
1790731507.8345,19.4900,0.34685,6.7601
1790731507.8863,19.4913,0.34685,6.7605
1790731507.9411,19.4913,0.34540,6.7323
1790731507.9955,19.4913,0.34540,6.7323
1790731508.0479,19.4900,0.34880,6.7981
1790731508.1016,19.4900,0.34880,6.7981
1790731508.1544,19.4900,0.34880,6.7981
1790731508.2085,19.4850,0.36095,7.0331
1790731508.2635,19.4850,0.36095,7.0331
1790731508.3145,19.4913,0.36095,7.0354
1790731508.3695,19.4913,0.34497,6.7240
1790731508.4211,19.4913,0.34497,6.7240
1790731508.4720,19.4900,0.34797,6.7820
1790731508.5265,19.4900,0.34797,6.7820
1790731508.5812,19.4900,0.34797,6.7820
1790731508.6360,19.4913,0.34600,6.7440
1790731508.6901,19.4913,0.34600,6.7440
1790731508.7412,19.4913,0.34600,6.7440
1790731508.7940,19.4913,0.34547,6.7337
1790731508.8490,19.4913,0.34547,6.7337
1790731508.9009,19.4913,0.34462,6.7172
1790731508.9560,19.4913,0.34462,6.7172
1790731509.0079,19.4913,0.34462,6.7172
1790731509.0625,19.4913,0.34385,6.7021
1790731509.1140,19.4913,0.34385,6.7021
1790731509.1649,19.4913,0.34385,6.7021
1790731509.2199,19.4900,0.34708,6.7645
1790731509.2746,19.4900,0.34708,6.7645
1790731509.3294,19.4900,0.34782,6.7791
1790731509.3803,19.4900,0.34782,6.7791
1790731509.4337,19.4900,0.34782,6.7791
1790731509.4880,19.4900,0.34692,6.7616
1790731509.5404,19.4900,0.34692,6.7616
1790731509.5936,19.4900,0.34692,6.7616
1790731509.6471,19.4887,0.35060,6.8328
1790731509.6988,19.4887,0.35060,6.8328
1790731509.7500,19.4900,0.34630,6.7494
1790731509.8030,19.4900,0.34630,6.7494
1790731509.8580,19.4900,0.34630,6.7494
1790731509.9101,19.4913,0.34605,6.7449
1790731509.9631,19.4913,0.34605,6.7449
1790731510.0148,19.4913,0.34605,6.7449
1790731510.0675,19.4913,0.34580,6.7401
1790731510.1225,19.4913,0.34580,6.7401
1790731510.1769,19.4887,0.35205,6.8610
1790731510.2319,19.4887,0.35205,6.8610
1790731510.2859,19.4887,0.35205,6.8610
1790731510.3373,19.4887,0.35270,6.8737
1790731510.3887,19.4887,0.35270,6.8737
1790731510.4409,19.4887,0.35270,6.8737
1790731510.4923,19.4900,0.34753,6.7733
1790731510.5467,19.4900,0.34753,6.7733
1790731510.5972,19.4900,0.34753,6.7733
1790731510.6515,19.4887,0.35100,6.8406
1790731510.7065,19.4887,0.35100,6.8406
1790731510.7609,19.4887,0.35043,6.8293
1790731510.8145,19.4887,0.35043,6.8293
1790731510.8667,19.4887,0.35043,6.8293
1790731510.9182,19.4875,0.35380,6.8947
1790731510.9732,19.4875,0.35380,6.8947
1790731511.0253,19.4913,0.35380,6.8960
1790731511.0804,19.4913,0.34497,6.7240
1790731511.1354,19.4913,0.34497,6.7240
1790731511.1904,19.4875,0.35410,6.9005
1790731511.2423,19.4875,0.35410,6.9005
1790731511.2942,19.4875,0.35410,6.9005
1790731511.3493,19.4887,0.35145,6.8493
1790731511.4043,19.4887,0.35145,6.8493
1790731511.4550,19.4887,0.35145,6.8493
1790731511.5054,19.4887,0.34962,6.8138
1790731511.5581,19.4887,0.34962,6.8138
1790731511.6101,19.4900,0.34605,6.7445
1790731511.6642,19.4900,0.34605,6.7445
1790731511.7186,19.4900,0.34605,6.7445
1790731511.7701,19.4875,0.35435,6.9054
1790731511.8234,19.4875,0.35435,6.9054
1790731511.8780,19.4875,0.35435,6.9054
1790731511.9282,19.4913,0.34450,6.7147
1790731511.9814,19.4913,0.34450,6.7147
1790731512.0349,19.4913,0.34470,6.7186
1790731512.0899,19.4913,0.34470,6.7186
1790731512.1415,19.4913,0.34470,6.7186
1790731512.1949,19.4825,0.36618,7.1340
1790731512.2499,19.4825,0.36618,7.1340
1790731512.3016,19.4825,0.36618,7.1340
1790731512.3566,19.4825,0.36925,7.1939
1790731512.4116,19.4825,0.36925,7.1939
1790731512.4650,19.4825,0.36765,7.1627
1790731512.5162,19.4825,0.36765,7.1627
1790731512.5681,19.4825,0.36765,7.1627
1790731512.6231,19.4825,0.36715,7.1530
1790731512.6782,19.4825,0.36715,7.1530
1790731512.7328,19.4825,0.36715,7.1530
1790731512.7878,19.4825,0.36728,7.1554
1790731512.8428,19.4825,0.36728,7.1554
1790731512.8965,19.4825,0.36725,7.1549
1790731512.9499,19.4825,0.36725,7.1549
1790731513.0015,19.4825,0.36725,7.1549
1790731513.0562,19.4825,0.36790,7.1676
1790731513.1081,19.4825,0.36790,7.1676
1790731513.1591,19.4825,0.36790,7.1676
1790731513.2141,19.4825,0.36668,7.1437
1790731513.2667,19.4825,0.36668,7.1437
1790731513.3212,19.4825,0.37000,7.2085
1790731513.3729,19.4825,0.37000,7.2085
1790731513.4249,19.4825,0.37000,7.2085
1790731513.4798,19.4825,0.36822,7.1739
1790731513.5348,19.4825,0.36822,7.1739
1790731513.5898,19.4825,0.36822,7.1739
1790731513.6411,19.4825,0.36693,7.1486
1790731513.6955,19.4825,0.36693,7.1486
1790731513.7505,19.4825,0.36743,7.1584
1790731513.8050,19.4825,0.36743,7.1584
1790731513.8600,19.4825,0.36743,7.1584
1790731513.9151,19.4825,0.36797,7.1691
1790731513.9657,19.4825,0.36797,7.1691
1790731514.0207,19.4825,0.36797,7.1691
1790731514.0759,19.4825,0.36805,7.1705
1790731514.1278,19.4825,0.36805,7.1705
1790731514.1785,19.4887,0.35242,6.8683
1790731514.2325,19.4887,0.35242,6.8683
1790731514.2868,19.4887,0.35242,6.8683
1790731514.3406,19.4875,0.35437,6.9059
1790731514.3946,19.4875,0.35437,6.9059
1790731514.4496,19.4875,0.35437,6.9059
1790731514.4996,19.4900,0.34663,6.7557
1790731514.5510,19.4900,0.34663,6.7557
1790731514.6061,19.4900,0.34690,6.7611
1790731514.6611,19.4900,0.34690,6.7611
1790731514.7161,19.4900,0.34690,6.7611
1790731514.7707,19.4913,0.34453,6.7152
1790731514.8218,19.4913,0.34453,6.7152
1790731514.8752,19.4913,0.34453,6.7152
1790731514.9286,19.4900,0.34657,6.7547
1790731514.9836,19.4900,0.34657,6.7547
1790731515.0380,19.4913,0.34343,6.6938
1790731515.0907,19.4913,0.34343,6.6938
1790731515.1408,19.4913,0.34343,6.6938
1790731515.1911,19.4913,0.34485,6.7216
1790731515.2419,19.4913,0.34485,6.7216
1790731515.2969,19.4913,0.34485,6.7216
1790731515.3488,19.4900,0.34900,6.8020
1790731515.4011,19.4900,0.34900,6.8020
1790731515.4520,19.4900,0.34900,6.8020
1790731515.5029,19.4913,0.34680,6.7596
1790731515.5545,19.4913,0.34680,6.7596
1790731515.6086,19.4900,0.34788,6.7801
1790731515.6633,19.4900,0.34788,6.7801
1790731515.7170,19.4900,0.34788,6.7801
1790731515.7698,19.4913,0.34477,6.7201
1790731515.8230,19.4913,0.34477,6.7201
1790731515.8768,19.4913,0.34477,6.7201
1790731515.9319,19.4913,0.34440,6.7128
1790731515.9820,19.4913,0.34440,6.7128
1790731516.0368,19.4913,0.34645,6.7527
1790731516.0904,19.4913,0.34645,6.7527
1790731516.1420,19.4913,0.34645,6.7527
1790731516.1955,19.4900,0.34913,6.8044
1790731516.2497,19.4900,0.34913,6.8044
1790731516.3027,19.4900,0.34913,6.8044
1790731516.3577,19.4913,0.34582,6.7406
1790731516.4096,19.4913,0.34582,6.7406
1790731516.4620,19.4900,0.34920,6.8059
1790731516.5164,19.4900,0.34920,6.8059
1790731516.5694,19.4900,0.34920,6.8059
1790731516.6225,19.4913,0.34570,6.7381
1790731516.6757,19.4913,0.34570,6.7381
1790731516.7293,19.4913,0.34570,6.7381
1790731516.7828,19.4913,0.34593,6.7425
1790731516.8354,19.4913,0.34593,6.7425
1790731516.8879,19.4913,0.34477,6.7201
1790731516.9421,19.4913,0.34477,6.7201
1790731516.9924,19.4913,0.34477,6.7201
1790731517.0434,19.4913,0.34532,6.7308
1790731517.0937,19.4913,0.34532,6.7308
1790731517.1487,19.4913,0.34532,6.7308
1790731517.2011,19.4913,0.34615,6.7469
1790731517.2520,19.4913,0.34615,6.7469
1790731517.3022,19.4913,0.34615,6.7469
1790731517.3572,19.4913,0.34488,6.7220
1790731517.4109,19.4913,0.34488,6.7220
1790731517.4616,19.4900,0.34782,6.7791
1790731517.5151,19.4900,0.34782,6.7791
1790731517.5680,19.4900,0.34782,6.7791
1790731517.6189,19.4900,0.34747,6.7723
1790731517.6739,19.4900,0.34747,6.7723
1790731517.7289,19.4900,0.34747,6.7723
1790731517.7819,19.4913,0.34440,6.7128
1790731517.8370,19.4913,0.34440,6.7128
1790731517.8896,19.4913,0.34568,6.7376
1790731517.9440,19.4913,0.34568,6.7376
1790731517.9968,19.4913,0.34568,6.7376
1790731518.0518,19.4913,0.34473,6.7191
1790731518.1043,19.4913,0.34473,6.7191
1790731518.1587,19.4913,0.34473,6.7191
1790731518.2138,19.4875,0.35605,6.9385
1790731518.2688,19.4875,0.35605,6.9385
1790731518.3190,19.4900,0.34725,6.7679
1790731518.3716,19.4900,0.34725,6.7679
1790731518.4267,19.4900,0.34725,6.7679
1790731518.4799,19.4900,0.34775,6.7776
1790731518.5349,19.4900,0.34775,6.7776
1790731518.5865,19.4900,0.34775,6.7776
1790731518.6385,19.4900,0.34837,6.7898
1790731518.6918,19.4900,0.34837,6.7898
1790731518.7460,19.4913,0.34430,6.7108
1790731518.7969,19.4913,0.34430,6.7108
1790731518.8510,19.4913,0.34430,6.7108
1790731518.9058,19.4913,0.34513,6.7269
1790731518.9579,19.4913,0.34513,6.7269
1790731519.0081,19.4913,0.34513,6.7269
1790731519.0632,19.4913,0.34558,6.7357
1790731519.1192,19.4913,0.34558,6.7357
1790731519.1730,19.4913,0.34483,6.7211
1790731519.2261,19.4913,0.34483,6.7211
1790731519.2795,19.4913,0.34483,6.7211
1790731519.3309,19.4900,0.34855,6.7932
1790731519.3844,19.4900,0.34855,6.7932
1790731519.4395,19.4900,0.34855,6.7932
1790731519.4945,19.4900,0.34710,6.7650
1790731519.5471,19.4900,0.34710,6.7650
1790731519.6019,19.4900,0.34715,6.7660
1790731519.6540,19.4900,0.34715,6.7660
1790731519.7090,19.4900,0.34715,6.7660
1790731519.7595,19.4887,0.35205,6.8610
1790731519.8107,19.4887,0.35205,6.8610
1790731519.8639,19.4887,0.35205,6.8610
1790731519.9174,19.4913,0.34462,6.7172
1790731519.9724,19.4913,0.34462,6.7172
1790731520.0231,19.4887,0.34462,6.7163
1790731520.0782,19.4887,0.35210,6.8620
1790731520.1292,19.4887,0.35210,6.8620
1790731520.1830,19.4812,0.36958,7.1998
1790731520.2375,19.4812,0.36958,7.1998
1790731520.2925,19.4812,0.36958,7.1998
1790731520.3476,19.4887,0.35093,6.8391
1790731520.4009,19.4887,0.35093,6.8391
1790731520.4538,19.4875,0.35523,6.9224
1790731520.5060,19.4875,0.35523,6.9224
1790731520.5602,19.4875,0.35523,6.9224
1790731520.6115,19.4913,0.34602,6.7445
1790731520.6653,19.4913,0.34602,6.7445
1790731520.7168,19.4913,0.34602,6.7445
1790731520.7702,19.4900,0.34685,6.7601
1790731520.8249,19.4900,0.34685,6.7601
1790731520.8799,19.4913,0.34685,6.7605
1790731520.9306,19.4913,0.34450,6.7147
1790731520.9814,19.4913,0.34450,6.7147
1790731521.0351,19.4887,0.35020,6.8250
1790731521.0901,19.4887,0.35020,6.8250
1790731521.1405,19.4887,0.35020,6.8250
1790731521.1955,19.4913,0.34648,6.7532
1790731521.2467,19.4913,0.34648,6.7532
1790731521.2967,19.4913,0.34648,6.7532
1790731521.3517,19.4913,0.34600,6.7440
1790731521.4052,19.4913,0.34600,6.7440
1790731521.4570,19.4875,0.35343,6.8874
1790731521.5084,19.4875,0.35343,6.8874
1790731521.5634,19.4875,0.35343,6.8874
1790731521.6185,19.4913,0.34523,6.7289
1790731521.6697,19.4913,0.34523,6.7289
1790731521.7237,19.4913,0.34523,6.7289
1790731521.7787,19.4887,0.35255,6.8708
1790731521.8333,19.4887,0.35255,6.8708
1790731521.8883,19.4913,0.34398,6.7045
1790731521.9429,19.4913,0.34398,6.7045
1790731521.9965,19.4913,0.34398,6.7045
1790731522.0487,19.4913,0.34473,6.7191
1790731522.1006,19.4913,0.34473,6.7191
1790731522.1552,19.4913,0.34473,6.7191
1790731522.2098,19.4850,0.36028,7.0200
1790731522.2612,19.4850,0.36028,7.0200
1790731522.3162,19.4825,0.36720,7.1540
1790731522.3712,19.4825,0.36720,7.1540
1790731522.4220,19.4825,0.36720,7.1540
1790731522.4756,19.4825,0.36730,7.1559
1790731522.5260,19.4825,0.36730,7.1559
1790731522.5810,19.4825,0.36730,7.1559
1790731522.6360,19.4812,0.37160,7.2392
1790731522.6888,19.4812,0.37160,7.2392
1790731522.7438,19.4825,0.36905,7.1900
1790731522.7966,19.4825,0.36905,7.1900
1790731522.8494,19.4825,0.36905,7.1900
1790731522.9041,19.4825,0.36770,7.1637
1790731522.9566,19.4825,0.36770,7.1637
1790731523.0095,19.4825,0.36770,7.1637
1790731523.0620,19.4825,0.36893,7.1876
1790731523.1163,19.4825,0.36893,7.1876
1790731523.1713,19.4825,0.36795,7.1686
1790731523.2225,19.4825,0.36795,7.1686
1790731523.2771,19.4825,0.36795,7.1686
1790731523.3279,19.4825,0.36743,7.1584
1790731523.3829,19.4825,0.36743,7.1584
1790731523.4379,19.4825,0.36743,7.1584
1790731523.4929,19.4825,0.36645,7.1394
1790731523.5479,19.4825,0.36645,7.1394
1790731523.6014,19.4812,0.36990,7.2061
1790731523.6561,19.4812,0.36990,7.2061
1790731523.7073,19.4812,0.36990,7.2061
1790731523.7608,19.4825,0.36743,7.1584
1790731523.8129,19.4825,0.36743,7.1584
1790731523.8666,19.4825,0.36743,7.1584
1790731523.9216,19.4825,0.36783,7.1662
1790731523.9723,19.4825,0.36783,7.1662
1790731524.0230,19.4825,0.36760,7.1618
1790731524.0780,19.4825,0.36760,7.1618
1790731524.1313,19.4825,0.36760,7.1618
1790731524.1816,19.4825,0.36810,7.1715
1790731524.2364,19.4825,0.36810,7.1715
1790731524.2877,19.4825,0.36810,7.1715
1790731524.3427,19.4887,0.35295,6.8786
1790731524.3948,19.4887,0.35295,6.8786
1790731524.4453,19.4887,0.35295,6.8786
1790731524.4985,19.4913,0.34625,6.7488
1790731524.5499,19.4913,0.34625,6.7488
1790731524.6050,19.4900,0.34808,6.7840
1790731524.6588,19.4900,0.34808,6.7840
1790731524.7110,19.4900,0.34808,6.7840
1790731524.7619,19.4900,0.34703,6.7635
1790731524.8169,19.4900,0.34703,6.7635
1790731524.8703,19.4900,0.34703,6.7635
1790731524.9253,19.4913,0.34420,6.7089
1790731524.9768,19.4913,0.34420,6.7089
1790731525.0318,19.4900,0.34607,6.7450
1790731525.0829,19.4900,0.34607,6.7450
1790731525.1379,19.4900,0.34607,6.7450
1790731525.1906,19.4913,0.34635,6.7508
1790731525.2432,19.4913,0.34635,6.7508
1790731525.2974,19.4913,0.34635,6.7508
1790731525.3525,19.4913,0.34625,6.7488
1790731525.4030,19.4913,0.34625,6.7488
1790731525.4580,19.4863,0.35763,6.9688
1790731525.5131,19.4863,0.35763,6.9688
1790731525.5643,19.4863,0.35763,6.9688
1790731525.6193,19.4913,0.34640,6.7518
1790731525.6744,19.4913,0.34640,6.7518
1790731525.7257,19.4913,0.34640,6.7518
1790731525.7788,19.4900,0.34745,6.7718
1790731525.8331,19.4900,0.34745,6.7718
1790731525.8865,19.4887,0.35287,6.8771
1790731525.9381,19.4887,0.35287,6.8771
1790731525.9897,19.4887,0.35287,6.8771
1790731526.0447,19.4913,0.34500,6.7245
1790731526.0979,19.4913,0.34500,6.7245
1790731526.1519,19.4913,0.34500,6.7245
1790731526.2056,19.4863,0.35758,6.9678
1790731526.2606,19.4863,0.35758,6.9678
1790731526.3156,19.4850,0.35995,7.0136
1790731526.3662,19.4850,0.35995,7.0136
1790731526.4213,19.4850,0.35995,7.0136
1790731526.4738,19.4875,0.35273,6.8737
1790731526.5288,19.4875,0.35273,6.8737
1790731526.5825,19.4875,0.35273,6.8737
1790731526.6375,19.4875,0.35412,6.9010
1790731526.6913,19.4875,0.35412,6.9010
1790731526.7464,19.4913,0.34485,6.7216
1790731526.8014,19.4913,0.34485,6.7216
1790731526.8544,19.4913,0.34485,6.7216
1790731526.9052,19.4900,0.34665,6.7562
1790731526.9582,19.4900,0.34665,6.7562
1790731527.0100,19.4900,0.34665,6.7562
1790731527.0650,19.4913,0.34470,6.7186
1790731527.1160,19.4913,0.34470,6.7186
1790731527.1679,19.4900,0.34708,6.7645
1790731527.2198,19.4900,0.34708,6.7645
1790731527.2736,19.4900,0.34708,6.7645
1790731527.3286,19.4900,0.34778,6.7781
1790731527.3792,19.4900,0.34778,6.7781
1790731527.4295,19.4900,0.34778,6.7781
1790731527.4845,19.4887,0.35282,6.8761
1790731527.5370,19.4887,0.35282,6.8761
1790731527.5920,19.4900,0.34852,6.7928
1790731527.6430,19.4900,0.34852,6.7928
1790731527.6940,19.4900,0.34852,6.7928
1790731527.7490,19.4900,0.34700,6.7630
1790731527.8040,19.4900,0.34700,6.7630
1790731527.8587,19.4900,0.34700,6.7630
1790731527.9129,19.4913,0.34490,6.7225
1790731527.9669,19.4913,0.34490,6.7225
1790731528.0219,19.4913,0.34605,6.7449
1790731528.0769,19.4913,0.34605,6.7449
1790731528.1319,19.4913,0.34605,6.7449
1790731528.1861,19.4913,0.34517,6.7279
1790731528.2362,19.4913,0.34517,6.7279
1790731528.2865,19.4913,0.34517,6.7279
1790731528.3416,19.4825,0.36725,7.1549
1790731528.3925,19.4825,0.36725,7.1549
1790731528.4475,19.4825,0.36725,7.1549
1790731528.4978,19.4825,0.36855,7.1803
1790731528.5526,19.4825,0.36855,7.1803
1790731528.6076,19.4825,0.36810,7.1715
1790731528.6626,19.4825,0.36810,7.1715
1790731528.7170,19.4825,0.36810,7.1715
1790731528.7721,19.4812,0.37040,7.2159
1790731528.8261,19.4812,0.37040,7.2159
1790731528.8811,19.4825,0.36885,7.1861
1790731528.9361,19.4825,0.36885,7.1861
1790731528.9900,19.4825,0.36885,7.1861
1790731529.0403,19.4825,0.36848,7.1788
1790731529.0906,19.4825,0.36848,7.1788
1790731529.1441,19.4825,0.36848,7.1788
1790731529.1990,19.4825,0.36903,7.1895
1790731529.2541,19.4825,0.36903,7.1895
1790731529.3091,19.4825,0.36877,7.1847
1790731529.3611,19.4825,0.36877,7.1847
1790731529.4130,19.4825,0.36877,7.1847
1790731529.4680,19.4825,0.36805,7.1705
1790731529.5195,19.4825,0.36805,7.1705
1790731529.5741,19.4825,0.36805,7.1705
1790731529.6274,19.4825,0.36783,7.1662
1790731529.6822,19.4825,0.36783,7.1662
1790731529.7328,19.4825,0.36783,7.1662
1790731529.7844,19.4825,0.36918,7.1925
1790731529.8374,19.4825,0.36918,7.1925
1790731529.8877,19.4825,0.36763,7.1623
1790731529.9385,19.4825,0.36763,7.1623
1790731529.9935,19.4825,0.36763,7.1623
1790731530.0480,19.4825,0.36758,7.1613
1790731530.1030,19.4825,0.36758,7.1613
1790731530.1580,19.4825,0.36758,7.1613
1790731530.2123,19.4825,0.36778,7.1652
1790731530.2642,19.4825,0.36778,7.1652
1790731530.3192,19.4850,0.35950,7.0049
1790731530.3707,19.4850,0.35950,7.0049
1790731530.4240,19.4850,0.35950,7.0049
1790731530.4786,19.4900,0.34753,6.7733
1790731530.5303,19.4900,0.34753,6.7733
1790731530.5853,19.4900,0.34753,6.7733
1790731530.6399,19.4900,0.34602,6.7440
1790731530.6940,19.4900,0.34602,6.7440
1790731530.7471,19.4900,0.34745,6.7718
1790731530.8021,19.4900,0.34745,6.7718
1790731530.8541,19.4900,0.34745,6.7718
1790731530.9087,19.4900,0.34580,6.7396
1790731530.9637,19.4900,0.34580,6.7396
1790731531.0175,19.4913,0.34580,6.7401
1790731531.0725,19.4913,0.34570,6.7381
1790731531.1228,19.4913,0.34570,6.7381
1790731531.1745,19.4900,0.34692,6.7616
1790731531.2277,19.4900,0.34692,6.7616
1790731531.2800,19.4900,0.34692,6.7616
1790731531.3321,19.4900,0.34808,6.7840
1790731531.3871,19.4900,0.34808,6.7840
1790731531.4377,19.4900,0.34808,6.7840
1790731531.4881,19.4913,0.34650,6.7537
1790731531.5432,19.4913,0.34650,6.7537
1790731531.5982,19.4900,0.34723,6.7674
1790731531.6508,19.4900,0.34723,6.7674
1790731531.7059,19.4900,0.34723,6.7674
1790731531.7609,19.4875,0.35392,6.8971
1790731531.8142,19.4875,0.35392,6.8971
1790731531.8677,19.4875,0.35392,6.8971
1790731531.9227,19.4913,0.34515,6.7274
1790731531.9771,19.4913,0.34515,6.7274
1790731532.0313,19.4887,0.35267,6.8732
1790731532.0863,19.4887,0.35267,6.8732
1790731532.1364,19.4887,0.35267,6.8732
1790731532.1901,19.4913,0.34470,6.7186
1790731532.2440,19.4913,0.34470,6.7186
1790731532.2990,19.4913,0.34470,6.7186
1790731532.3511,19.4825,0.36745,7.1588
1790731532.4061,19.4825,0.36745,7.1588
1790731532.4582,19.4825,0.36910,7.1910
1790731532.5108,19.4825,0.36910,7.1910
1790731532.5658,19.4825,0.36910,7.1910
1790731532.6209,19.4825,0.36888,7.1866
1790731532.6717,19.4825,0.36888,7.1866
1790731532.7230,19.4825,0.36888,7.1866
1790731532.7764,19.4825,0.36920,7.1929
1790731532.8295,19.4825,0.36920,7.1929
1790731532.8846,19.4825,0.36843,7.1778
1790731532.9363,19.4825,0.36843,7.1778
1790731532.9913,19.4825,0.36843,7.1778
1790731533.0433,19.4825,0.36910,7.1910
1790731533.0955,19.4825,0.36910,7.1910
1790731533.1505,19.4825,0.36910,7.1910
1790731533.2028,19.4825,0.36863,7.1817
1790731533.2539,19.4825,0.36863,7.1817
1790731533.3090,19.4812,0.36985,7.2051
1790731533.3629,19.4812,0.36985,7.2051
1790731533.4179,19.4812,0.36985,7.2051
1790731533.4718,19.4825,0.36852,7.1798
1790731533.5229,19.4825,0.36852,7.1798
1790731533.5762,19.4825,0.36852,7.1798
1790731533.6312,19.4825,0.36772,7.1642
1790731533.6862,19.4825,0.36772,7.1642
1790731533.7383,19.4825,0.36807,7.1710
1790731533.7933,19.4825,0.36807,7.1710
1790731533.8483,19.4825,0.36807,7.1710
1790731533.8986,19.4812,0.36875,7.1837
1790731533.9536,19.4812,0.36875,7.1837
1790731534.0074,19.4812,0.36875,7.1837
1790731534.0585,19.4800,0.37528,7.3104
1790731534.1086,19.4800,0.37528,7.3104
1790731534.1636,19.4825,0.36760,7.1618
1790731534.2179,19.4825,0.36760,7.1618
1790731534.2700,19.4825,0.36760,7.1618
1790731534.3250,19.4825,0.36747,7.1593
1790731534.3787,19.4825,0.36747,7.1593
1790731534.4337,19.4825,0.36747,7.1593
1790731534.4861,19.4812,0.36945,7.1973
1790731534.5390,19.4812,0.36945,7.1973
1790731534.5907,19.4825,0.36852,7.1798
1790731534.6456,19.4825,0.36852,7.1798
1790731534.6997,19.4825,0.36852,7.1798
1790731534.7508,19.4825,0.36870,7.1832
1790731534.8058,19.4825,0.36870,7.1832
1790731534.8608,19.4825,0.36870,7.1832
1790731534.9153,19.4812,0.36938,7.1959
1790731534.9664,19.4812,0.36938,7.1959
1790731535.0214,19.4825,0.36700,7.1501
1790731535.0764,19.4825,0.36700,7.1501
1790731535.1305,19.4825,0.36700,7.1501
1790731535.1841,19.4825,0.36865,7.1822
1790731535.2391,19.4825,0.36865,7.1822
1790731535.2908,19.4825,0.36865,7.1822
1790731535.3446,19.4825,0.36920,7.1929
1790731535.3992,19.4825,0.36920,7.1929
1790731535.4542,19.4825,0.36865,7.1822
1790731535.5060,19.4825,0.36865,7.1822
1790731535.5567,19.4825,0.36865,7.1822
1790731535.6091,19.4812,0.36935,7.1954
1790731535.6641,19.4812,0.36935,7.1954
1790731535.7187,19.4812,0.36935,7.1954
1790731535.7702,19.4825,0.36770,7.1637
1790731535.8240,19.4825,0.36770,7.1637
1790731535.8775,19.4812,0.36995,7.2071
1790731535.9324,19.4812,0.36995,7.2071
1790731535.9859,19.4812,0.36995,7.2071
1790731536.0409,19.4825,0.36785,7.1666
1790731536.0919,19.4825,0.36785,7.1666
1790731536.1462,19.4825,0.36785,7.1666
1790731536.2012,19.4825,0.36743,7.1584
1790731536.2562,19.4825,0.36743,7.1584
1790731536.3077,19.4825,0.36938,7.1963
1790731536.3610,19.4825,0.36938,7.1963
1790731536.4160,19.4825,0.36938,7.1963
1790731536.4710,19.4863,0.35975,7.0102
1790731536.5260,19.4863,0.35975,7.0102
1790731536.5802,19.4863,0.35975,7.0102
1790731536.6303,19.4900,0.34680,6.7591
1790731536.6853,19.4900,0.34680,6.7591
1790731536.7384,19.4913,0.34480,6.7206
1790731536.7901,19.4913,0.34480,6.7206
1790731536.8452,19.4913,0.34480,6.7206
1790731536.8983,19.4913,0.34552,6.7347
1790731536.9497,19.4913,0.34552,6.7347
1790731537.0033,19.4913,0.34552,6.7347
1790731537.0541,19.4913,0.34532,6.7308
1790731537.1043,19.4913,0.34532,6.7308
1790731537.1594,19.4913,0.34550,6.7342
1790731537.2109,19.4913,0.34550,6.7342
1790731537.2638,19.4913,0.34550,6.7342
1790731537.3177,19.4900,0.34602,6.7440
1790731537.3700,19.4900,0.34602,6.7440
1790731537.4233,19.4900,0.34602,6.7440
1790731537.4777,19.4900,0.34810,6.7845
1790731537.5305,19.4900,0.34810,6.7845
1790731537.5844,19.4913,0.34810,6.7849
1790731537.6394,19.4913,0.34492,6.7230
1790731537.6940,19.4913,0.34492,6.7230
1790731537.7444,19.4900,0.34665,6.7562
1790731537.7986,19.4900,0.34665,6.7562
1790731537.8486,19.4900,0.34665,6.7562
1790731537.9036,19.4875,0.35430,6.9044
1790731537.9571,19.4875,0.35430,6.9044
1790731538.0108,19.4875,0.35430,6.9044
1790731538.0639,19.4875,0.35290,6.8771
1790731538.1147,19.4875,0.35290,6.8771
1790731538.1667,19.4875,0.35302,6.8796
1790731538.2176,19.4875,0.35302,6.8796
1790731538.2715,19.4875,0.35302,6.8796
1790731538.3266,19.4863,0.35958,7.0068
1790731538.3778,19.4863,0.35958,7.0068
1790731538.4313,19.4863,0.35958,7.0068
1790731538.4840,19.4812,0.36920,7.1925
1790731538.5361,19.4812,0.36920,7.1925
1790731538.5878,19.4812,0.36905,7.1896
1790731538.6388,19.4812,0.36905,7.1896
1790731538.6901,19.4812,0.36905,7.1896
1790731538.7446,19.4825,0.36838,7.1769
1790731538.7979,19.4825,0.36838,7.1769
1790731538.8523,19.4825,0.36838,7.1769
1790731538.9045,19.4812,0.36988,7.2056
1790731538.9595,19.4812,0.36988,7.2056
1790731539.0121,19.4825,0.36988,7.2061
1790731539.0672,19.4825,0.36893,7.1876
1790731539.1222,19.4825,0.36893,7.1876
1790731539.1772,19.4825,0.36848,7.1788
1790731539.2314,19.4825,0.36848,7.1788
1790731539.2864,19.4825,0.36848,7.1788
1790731539.3390,19.4812,0.37017,7.2115
1790731539.3940,19.4812,0.37017,7.2115
1790731539.4468,19.4812,0.36983,7.2047
1790731539.5002,19.4812,0.36983,7.2047
1790731539.5535,19.4812,0.36983,7.2047
1790731539.6083,19.4825,0.36912,7.1915
1790731539.6631,19.4825,0.36912,7.1915
1790731539.7167,19.4825,0.36912,7.1915
1790731539.7717,19.4825,0.36890,7.1871
1790731539.8267,19.4825,0.36890,7.1871
1790731539.8780,19.4825,0.36783,7.1662
1790731539.9313,19.4825,0.36783,7.1662
1790731539.9836,19.4825,0.36783,7.1662
1790731540.0380,19.4812,0.37057,7.2193
1790731540.0913,19.4812,0.37057,7.2193
1790731540.1447,19.4812,0.37057,7.2193
1790731540.1980,19.4825,0.36848,7.1788
1790731540.2523,19.4825,0.36848,7.1788
1790731540.3047,19.4825,0.36855,7.1803
1790731540.3574,19.4825,0.36855,7.1803
1790731540.4107,19.4825,0.36855,7.1803
1790731540.4642,19.4825,0.36920,7.1929
1790731540.5177,19.4825,0.36920,7.1929
1790731540.5691,19.4825,0.36920,7.1929
1790731540.6205,19.4825,0.36738,7.1574
1790731540.6755,19.4825,0.36738,7.1574
1790731540.7305,19.4825,0.36763,7.1623
1790731540.7855,19.4825,0.36763,7.1623
1790731540.8377,19.4825,0.36763,7.1623
1790731540.8927,19.4825,0.36788,7.1671
1790731540.9460,19.4825,0.36788,7.1671
1790731541.0006,19.4825,0.36788,7.1671
1790731541.0513,19.4812,0.36965,7.2012
1790731541.1057,19.4812,0.36965,7.2012
1790731541.1592,19.4825,0.36797,7.1691
1790731541.2142,19.4825,0.36797,7.1691
1790731541.2675,19.4825,0.36797,7.1691
1790731541.3192,19.4825,0.36818,7.1730
1790731541.3742,19.4825,0.36818,7.1730
1790731541.4266,19.4825,0.36818,7.1730
1790731541.4814,19.4812,0.36973,7.2027
1790731541.5343,19.4812,0.36973,7.2027
1790731541.5869,19.4812,0.36955,7.1993
1790731541.6415,19.4812,0.36955,7.1993
1790731541.6941,19.4812,0.36955,7.1993
1790731541.7491,19.4825,0.36870,7.1832
1790731541.8036,19.4825,0.36870,7.1832
1790731541.8586,19.4825,0.36870,7.1832
1790731541.9137,19.4825,0.36802,7.1700
1790731541.9687,19.4825,0.36802,7.1700
1790731542.0212,19.4812,0.37093,7.2261
1790731542.0762,19.4812,0.37093,7.2261
1790731542.1278,19.4812,0.37093,7.2261
1790731542.1828,19.4825,0.36835,7.1764
1790731542.2367,19.4825,0.36835,7.1764
1790731542.2916,19.4825,0.36835,7.1764
1790731542.3459,19.4812,0.36947,7.1978
1790731542.3983,19.4812,0.36947,7.1978
1790731542.4511,19.4887,0.35295,6.8786
1790731542.5061,19.4887,0.35295,6.8786
1790731542.5573,19.4887,0.35295,6.8786
1790731542.6116,19.4913,0.34602,6.7445
1790731542.6660,19.4913,0.34602,6.7445
1790731542.7175,19.4913,0.34602,6.7445
1790731542.7684,19.4913,0.34568,6.7376
1790731542.8196,19.4913,0.34568,6.7376
1790731542.8729,19.4913,0.34558,6.7357
1790731542.9245,19.4913,0.34558,6.7357
1790731542.9791,19.4913,0.34558,6.7357
1790731543.0331,19.4900,0.34728,6.7684
1790731543.0882,19.4900,0.34728,6.7684
1790731543.1404,19.4900,0.34728,6.7684
1790731543.1932,19.4900,0.34685,6.7601
1790731543.2462,19.4900,0.34685,6.7601
1790731543.3013,19.4913,0.34530,6.7303
1790731543.3556,19.4913,0.34530,6.7303
1790731543.4093,19.4913,0.34530,6.7303
1790731543.4643,19.4900,0.34823,6.7869
1790731543.5184,19.4900,0.34823,6.7869
1790731543.5734,19.4900,0.34823,6.7869
1790731543.6254,19.4900,0.34918,6.8054
1790731543.6804,19.4900,0.34918,6.8054
1790731543.7355,19.4913,0.34442,6.7133
1790731543.7905,19.4913,0.34442,6.7133
1790731543.8408,19.4913,0.34442,6.7133
1790731543.8924,19.4900,0.34648,6.7528
1790731543.9457,19.4900,0.34648,6.7528
1790731543.9988,19.4900,0.34648,6.7528
1790731544.0518,19.4900,0.34623,6.7479
1790731544.1057,19.4900,0.34623,6.7479
1790731544.1607,19.4913,0.34450,6.7147
1790731544.2157,19.4913,0.34450,6.7147
1790731544.2695,19.4913,0.34450,6.7147
1790731544.3245,19.4887,0.35165,6.8532
1790731544.3793,19.4887,0.35165,6.8532
1790731544.4295,19.4887,0.35165,6.8532
1790731544.4829,19.4863,0.35692,6.9551
1790731544.5380,19.4863,0.35692,6.9551
1790731544.5899,19.4900,0.34865,6.7952
1790731544.6403,19.4900,0.34865,6.7952
1790731544.6941,19.4900,0.34865,6.7952
1790731544.7491,19.4913,0.34497,6.7240
1790731544.8002,19.4913,0.34497,6.7240
1790731544.8552,19.4913,0.34497,6.7240
1790731544.9103,19.4913,0.34535,6.7313
1790731544.9653,19.4913,0.34535,6.7313
1790731545.0191,19.4900,0.34740,6.7708
1790731545.0741,19.4900,0.34740,6.7708
1790731545.1291,19.4900,0.34740,6.7708
1790731545.1798,19.4913,0.34523,6.7289
1790731545.2348,19.4913,0.34523,6.7289
1790731545.2856,19.4913,0.34523,6.7289
1790731545.3375,19.4900,0.34887,6.7996
1790731545.3884,19.4900,0.34887,6.7996
1790731545.4433,19.4913,0.34485,6.7216
1790731545.4951,19.4913,0.34485,6.7216
1790731545.5453,19.4913,0.34485,6.7216
1790731545.6002,19.4900,0.34630,6.7494
1790731545.6527,19.4900,0.34630,6.7494
1790731545.7045,19.4900,0.34630,6.7494
1790731545.7586,19.4900,0.34637,6.7508
1790731545.8093,19.4900,0.34637,6.7508
1790731545.8644,19.4900,0.34637,6.7508
1790731545.9187,19.4913,0.34435,6.7118
1790731545.9691,19.4913,0.34435,6.7118
1790731546.0200,19.4913,0.34580,6.7401
1790731546.0750,19.4913,0.34580,6.7401
1790731546.1261,19.4913,0.34580,6.7401
1790731546.1768,19.4900,0.34797,6.7820
1790731546.2281,19.4900,0.34797,6.7820
1790731546.2815,19.4900,0.34797,6.7820
1790731546.3320,19.4913,0.34527,6.7298
1790731546.3871,19.4913,0.34527,6.7298
1790731546.4387,19.4900,0.34527,6.7294
1790731546.4920,19.4900,0.34880,6.7981
1790731546.5471,19.4900,0.34880,6.7981
1790731546.6007,19.4900,0.34628,6.7489
1790731546.6551,19.4900,0.34628,6.7489
1790731546.7064,19.4900,0.34628,6.7489
1790731546.7614,19.4887,0.34958,6.8128
1790731546.8152,19.4887,0.34958,6.8128
1790731546.8660,19.4913,0.34958,6.8137
1790731546.9191,19.4913,0.34563,6.7367
1790731546.9711,19.4913,0.34563,6.7367
1790731547.0249,19.4913,0.34503,6.7250
1790731547.0799,19.4913,0.34503,6.7250
1790731547.1349,19.4913,0.34503,6.7250
1790731547.1899,19.4887,0.34910,6.8035
1790731547.2450,19.4887,0.34910,6.8035
1790731547.2960,19.4913,0.34910,6.8044
1790731547.3510,19.4913,0.34650,6.7537
1790731547.4048,19.4913,0.34650,6.7537
1790731547.4579,19.4913,0.34453,6.7152
1790731547.5099,19.4913,0.34453,6.7152
1790731547.5649,19.4913,0.34453,6.7152
1790731547.6189,19.4887,0.35183,6.8566
1790731547.6733,19.4887,0.35183,6.8566
1790731547.7280,19.4913,0.34585,6.7410
1790731547.7831,19.4913,0.34585,6.7410
1790731547.8381,19.4913,0.34585,6.7410
1790731547.8905,19.4900,0.34635,6.7504
1790731547.9423,19.4900,0.34635,6.7504
1790731547.9934,19.4900,0.34635,6.7504
1790731548.0475,19.4913,0.34577,6.7396
1790731548.1026,19.4913,0.34577,6.7396
1790731548.1544,19.4900,0.34680,6.7591
1790731548.2053,19.4900,0.34680,6.7591
1790731548.2562,19.4900,0.34680,6.7591
1790731548.3113,19.4900,0.34947,6.8113
1790731548.3616,19.4900,0.34947,6.8113
1790731548.4118,19.4900,0.34947,6.8113
1790731548.4669,19.4887,0.35060,6.8328
1790731548.5213,19.4887,0.35060,6.8328
1790731548.5728,19.4887,0.35060,6.8328
1790731548.6232,19.4875,0.35447,6.9078
1790731548.6782,19.4875,0.35447,6.9078
1790731548.7292,19.4900,0.34670,6.7572
1790731548.7842,19.4900,0.34670,6.7572
1790731548.8390,19.4900,0.34670,6.7572
1790731548.8940,19.4913,0.34497,6.7240
1790731548.9445,19.4913,0.34497,6.7240
1790731548.9984,19.4913,0.34497,6.7240
1790731549.0534,19.4913,0.34593,6.7425
1790731549.1056,19.4913,0.34593,6.7425
1790731549.1598,19.4900,0.34673,6.7577
1790731549.2148,19.4900,0.34673,6.7577
1790731549.2669,19.4900,0.34673,6.7577
1790731549.3183,19.4900,0.34885,6.7991
1790731549.3734,19.4900,0.34885,6.7991
1790731549.4284,19.4900,0.34885,6.7991
1790731549.4803,19.4900,0.34930,6.8079
1790731549.5330,19.4900,0.34930,6.8079
1790731549.5850,19.4913,0.34530,6.7303
1790731549.6395,19.4913,0.34530,6.7303
1790731549.6913,19.4913,0.34530,6.7303
1790731549.7416,19.4875,0.35462,6.9108
1790731549.7919,19.4875,0.35462,6.9108
1790731549.8420,19.4875,0.35462,6.9108
1790731549.8929,19.4900,0.34637,6.7508
1790731549.9441,19.4900,0.34637,6.7508
1790731549.9950,19.4900,0.34637,6.7508
1790731550.0500,19.4900,0.34705,6.7640
1790731550.1050,19.4900,0.34705,6.7640
1790731550.1582,19.4900,0.34680,6.7591
1790731550.2126,19.4900,0.34680,6.7591
1790731550.2677,19.4900,0.34680,6.7591
1790731550.3186,19.4913,0.34563,6.7367
1790731550.3733,19.4913,0.34563,6.7367
1790731550.4283,19.4913,0.34563,6.7367
1790731550.4809,19.4838,0.36230,7.0590
1790731550.5359,19.4838,0.36230,7.0590
1790731550.5903,19.4900,0.34677,6.7586
1790731550.6415,19.4900,0.34677,6.7586
1790731550.6952,19.4900,0.34677,6.7586
1790731550.7503,19.4900,0.34708,6.7645
1790731550.8053,19.4900,0.34708,6.7645
1790731550.8578,19.4900,0.34708,6.7645
1790731550.9083,19.4900,0.34540,6.7318
1790731550.9608,19.4900,0.34540,6.7318
1790731551.0119,19.4900,0.34580,6.7396
1790731551.0620,19.4900,0.34580,6.7396
1790731551.1171,19.4900,0.34580,6.7396
1790731551.1680,19.4900,0.34825,6.7874
1790731551.2230,19.4900,0.34825,6.7874
1790731551.2770,19.4900,0.34825,6.7874
1790731551.3320,19.4900,0.34820,6.7864
1790731551.3837,19.4900,0.34820,6.7864
1790731551.4387,19.4875,0.35418,6.9020
1790731551.4914,19.4875,0.35418,6.9020
1790731551.5464,19.4875,0.35418,6.9020
1790731551.6014,19.4875,0.35363,6.8913
1790731551.6547,19.4875,0.35363,6.8913
1790731551.7066,19.4875,0.35363,6.8913
1790731551.7616,19.4900,0.34675,6.7582
1790731551.8121,19.4900,0.34675,6.7582
1790731551.8671,19.4900,0.34830,6.7884
1790731551.9221,19.4900,0.34830,6.7884
1790731551.9762,19.4900,0.34830,6.7884
1790731552.0312,19.4900,0.34720,6.7669
1790731552.0834,19.4900,0.34720,6.7669
1790731552.1385,19.4900,0.34720,6.7669
1790731552.1897,19.4900,0.34770,6.7767
1790731552.2447,19.4900,0.34770,6.7767
1790731552.2998,19.4887,0.35003,6.8215
1790731552.3537,19.4887,0.35003,6.8215
1790731552.4062,19.4887,0.35003,6.8215
1790731552.4573,19.4850,0.35978,7.0102
1790731552.5123,19.4850,0.35978,7.0102
1790731552.5673,19.4850,0.35978,7.0102
1790731552.6215,19.4887,0.35090,6.8386
1790731552.6748,19.4887,0.35090,6.8386
1790731552.7296,19.4900,0.34637,6.7508
1790731552.7840,19.4900,0.34637,6.7508
1790731552.8390,19.4900,0.34637,6.7508
1790731552.8910,19.4900,0.34575,6.7387
1790731552.9417,19.4900,0.34575,6.7387
1790731552.9937,19.4900,0.34575,6.7387
1790731553.0457,19.4913,0.34525,6.7294
1790731553.0986,19.4913,0.34525,6.7294
1790731553.1536,19.4913,0.34430,6.7108
1790731553.2085,19.4913,0.34430,6.7108
1790731553.2635,19.4913,0.34430,6.7108
1790731553.3186,19.4887,0.34985,6.8181
1790731553.3722,19.4887,0.34985,6.8181
1790731553.4232,19.4887,0.34985,6.8181
1790731553.4782,19.4913,0.34445,6.7138
1790731553.5333,19.4913,0.34445,6.7138
1790731553.5857,19.4913,0.34465,6.7177
1790731553.6407,19.4913,0.34465,6.7177
1790731553.6944,19.4913,0.34465,6.7177
1790731553.7466,19.4913,0.34527,6.7298
1790731553.7973,19.4913,0.34527,6.7298
1790731553.8523,19.4913,0.34527,6.7298
1790731553.9054,19.4900,0.34692,6.7616
1790731553.9574,19.4900,0.34692,6.7616
1790731554.0095,19.4900,0.34705,6.7640
1790731554.0635,19.4900,0.34705,6.7640
1790731554.1156,19.4900,0.34705,6.7640
1790731554.1691,19.4900,0.34585,6.7406
1790731554.2210,19.4900,0.34585,6.7406
1790731554.2758,19.4900,0.34585,6.7406
1790731554.3309,19.4900,0.34753,6.7733
1790731554.3853,19.4900,0.34753,6.7733
1790731554.4354,19.4875,0.35533,6.9244
1790731554.4867,19.4875,0.35533,6.9244
1790731554.5371,19.4875,0.35533,6.9244
1790731554.5919,19.4863,0.35697,6.9561
1790731554.6428,19.4863,0.35697,6.9561
1790731554.6964,19.4863,0.35697,6.9561
1790731554.7501,19.4900,0.34880,6.7981
1790731554.8039,19.4900,0.34880,6.7981
1790731554.8571,19.4900,0.34880,6.7981
1790731554.9100,19.4900,0.34593,6.7421
1790731554.9650,19.4900,0.34593,6.7421
1790731555.0156,19.4913,0.34488,6.7220
1790731555.0706,19.4913,0.34488,6.7220
1790731555.1256,19.4913,0.34488,6.7220
1790731555.1797,19.4900,0.34613,6.7460
1790731555.2309,19.4900,0.34613,6.7460
1790731555.2858,19.4900,0.34613,6.7460
1790731555.3361,19.4900,0.34677,6.7586
1790731555.3911,19.4900,0.34677,6.7586
1790731555.4420,19.4900,0.34708,6.7645
1790731555.4940,19.4900,0.34708,6.7645
1790731555.5464,19.4900,0.34708,6.7645
1790731555.5965,19.4913,0.34580,6.7401
1790731555.6479,19.4913,0.34580,6.7401
1790731555.7029,19.4913,0.34580,6.7401
1790731555.7547,19.4913,0.34527,6.7298
1790731555.8090,19.4913,0.34527,6.7298
1790731555.8622,19.4900,0.34527,6.7294
1790731555.9156,19.4900,0.34732,6.7694
1790731555.9680,19.4900,0.34732,6.7694
1790731556.0217,19.4913,0.34360,6.6972
1790731556.0730,19.4913,0.34360,6.6972
1790731556.1265,19.4913,0.34360,6.6972
1790731556.1815,19.4900,0.34675,6.7582
1790731556.2350,19.4900,0.34675,6.7582
1790731556.2900,19.4900,0.34675,6.7582
1790731556.3438,19.4900,0.34645,6.7523
1790731556.3989,19.4900,0.34645,6.7523
1790731556.4539,19.4875,0.35267,6.8728
1790731556.5067,19.4875,0.35267,6.8728
1790731556.5610,19.4875,0.35267,6.8728
1790731556.6140,19.4887,0.35107,6.8420
1790731556.6669,19.4887,0.35107,6.8420
1790731556.7219,19.4913,0.34465,6.7177
1790731556.7737,19.4913,0.34465,6.7177
1790731556.8287,19.4913,0.34465,6.7177
1790731556.8792,19.4900,0.34497,6.7236
1790731556.9333,19.4900,0.34497,6.7236
1790731556.9883,19.4900,0.34497,6.7236
1790731557.0420,19.4900,0.34630,6.7494
1790731557.0970,19.4900,0.34630,6.7494
1790731557.1520,19.4900,0.34555,6.7348
1790731557.2070,19.4900,0.34555,6.7348
1790731557.2620,19.4900,0.34555,6.7348
1790731557.3171,19.4887,0.35005,6.8220
1790731557.3684,19.4887,0.35005,6.8220
1790731557.4206,19.4887,0.35005,6.8220
1790731557.4756,19.4900,0.34780,6.7786
1790731557.5307,19.4900,0.34780,6.7786
1790731557.5840,19.4913,0.34580,6.7401
1790731557.6390,19.4913,0.34580,6.7401
1790731557.6911,19.4913,0.34580,6.7401
1790731557.7448,19.4900,0.34780,6.7786
1790731557.7998,19.4900,0.34780,6.7786
1790731557.8511,19.4900,0.34780,6.7786
1790731557.9054,19.4913,0.34508,6.7259
1790731557.9604,19.4913,0.34508,6.7259
1790731558.0135,19.4900,0.34657,6.7547
1790731558.0685,19.4900,0.34657,6.7547
1790731558.1195,19.4900,0.34657,6.7547
1790731558.1722,19.4900,0.34577,6.7392
1790731558.2241,19.4900,0.34577,6.7392
1790731558.2791,19.4900,0.34577,6.7392
1790731558.3307,19.4900,0.34760,6.7747
1790731558.3857,19.4900,0.34760,6.7747
1790731558.4361,19.4863,0.35543,6.9259
1790731558.4898,19.4863,0.35543,6.9259
1790731558.5408,19.4863,0.35543,6.9259
1790731558.5958,19.4863,0.35780,6.9722
1790731558.6459,19.4863,0.35780,6.9722
1790731558.6983,19.4863,0.35780,6.9722
1790731558.7496,19.4900,0.34668,6.7567
1790731558.8016,19.4900,0.34668,6.7567
1790731558.8566,19.4900,0.34668,6.7567
1790731558.9102,19.4900,0.34635,6.7504
1790731558.9653,19.4900,0.34635,6.7504
1790731559.0162,19.4913,0.34420,6.7089
1790731559.0673,19.4913,0.34420,6.7089
1790731559.1177,19.4913,0.34420,6.7089
1790731559.1702,19.4913,0.34490,6.7225
1790731559.2212,19.4913,0.34490,6.7225
1790731559.2722,19.4913,0.34490,6.7225
1790731559.3256,19.4913,0.34513,6.7269
1790731559.3806,19.4913,0.34513,6.7269
1790731559.4330,19.4900,0.34513,6.7265
1790731559.4855,19.4900,0.34870,6.7962
1790731559.5405,19.4900,0.34870,6.7962
1790731559.5954,19.4887,0.35105,6.8415
1790731559.6504,19.4887,0.35105,6.8415
1790731559.7054,19.4887,0.35105,6.8415
1790731559.7579,19.4913,0.34508,6.7259
1790731559.8127,19.4913,0.34508,6.7259
1790731559.8677,19.4875,0.35293,6.8776
1790731559.9228,19.4875,0.35293,6.8776
1790731559.9778,19.4875,0.35293,6.8776
1790731560.0294,19.4913,0.34495,6.7235
1790731560.0805,19.4913,0.34495,6.7235
1790731560.1355,19.4913,0.34495,6.7235
1790731560.1884,19.4900,0.34640,6.7513
1790731560.2429,19.4900,0.34640,6.7513
1790731560.2947,19.4913,0.34580,6.7401
1790731560.3468,19.4913,0.34580,6.7401
1790731560.4018,19.4913,0.34580,6.7401
1790731560.4534,19.4887,0.34905,6.8025
1790731560.5050,19.4887,0.34905,6.8025
1790731560.5590,19.4887,0.34905,6.8025
1790731560.6137,19.4900,0.34705,6.7640
1790731560.6683,19.4900,0.34705,6.7640
1790731560.7189,19.4913,0.34470,6.7186
1790731560.7706,19.4913,0.34470,6.7186
1790731560.8257,19.4913,0.34470,6.7186
1790731560.8807,19.4913,0.34523,6.7289
1790731560.9357,19.4913,0.34523,6.7289
1790731560.9907,19.4913,0.34523,6.7289
1790731561.0408,19.4913,0.34453,6.7152
1790731561.0919,19.4913,0.34453,6.7152
1790731561.1436,19.4913,0.34453,6.7152
1790731561.1962,19.4913,0.34503,6.7250
1790731561.2489,19.4913,0.34503,6.7250
1790731561.3014,19.4900,0.34773,6.7772
1790731561.3525,19.4900,0.34773,6.7772
1790731561.4075,19.4900,0.34773,6.7772
1790731561.4616,19.4900,0.34805,6.7835
1790731561.5167,19.4900,0.34805,6.7835
1790731561.5717,19.4900,0.34805,6.7835
1790731561.6233,19.4900,0.34742,6.7713
1790731561.6750,19.4900,0.34742,6.7713
1790731561.7301,19.4913,0.34503,6.7250
1790731561.7807,19.4913,0.34503,6.7250
1790731561.8333,19.4913,0.34503,6.7250
1790731561.8833,19.4900,0.34618,6.7470
1790731561.9354,19.4900,0.34618,6.7470
1790731561.9860,19.4900,0.34618,6.7470
1790731562.0398,19.4900,0.34630,6.7494
1790731562.0946,19.4900,0.34630,6.7494
1790731562.1476,19.4913,0.34442,6.7133
1790731562.2003,19.4913,0.34442,6.7133
1790731562.2553,19.4913,0.34442,6.7133
1790731562.3103,19.4900,0.34593,6.7421
1790731562.3604,19.4900,0.34593,6.7421
1790731562.4144,19.4900,0.34593,6.7421
1790731562.4694,19.4875,0.35308,6.8805
1790731562.5196,19.4875,0.35308,6.8805
1790731562.5699,19.4875,0.35308,6.8805
1790731562.6204,19.4875,0.35403,6.8991
1790731562.6714,19.4875,0.35403,6.8991
1790731562.7264,19.4900,0.34605,6.7445
1790731562.7798,19.4900,0.34605,6.7445
1790731562.8334,19.4900,0.34605,6.7445
1790731562.8884,19.4913,0.34495,6.7235
1790731562.9404,19.4913,0.34495,6.7235
1790731562.9939,19.4913,0.34495,6.7235
1790731563.0467,19.4913,0.34547,6.7337
1790731563.1017,19.4913,0.34547,6.7337
1790731563.1568,19.4913,0.34577,6.7396
1790731563.2118,19.4913,0.34577,6.7396
1790731563.2621,19.4913,0.34577,6.7396
1790731563.3150,19.4913,0.34517,6.7279
1790731563.3700,19.4913,0.34517,6.7279
1790731563.4250,19.4913,0.34517,6.7279
1790731563.4795,19.4887,0.34968,6.8147
1790731563.5340,19.4887,0.34968,6.8147
1790731563.5854,19.4900,0.34738,6.7703
1790731563.6357,19.4900,0.34738,6.7703
1790731563.6890,19.4900,0.34738,6.7703
1790731563.7441,19.4900,0.34602,6.7440
1790731563.7981,19.4900,0.34602,6.7440
1790731563.8529,19.4900,0.34602,6.7440
1790731563.9075,19.4913,0.34630,6.7498
1790731563.9607,19.4913,0.34630,6.7498
1790731564.0155,19.4913,0.34527,6.7298
1790731564.0698,19.4913,0.34527,6.7298
1790731564.1223,19.4913,0.34527,6.7298
1790731564.1758,19.4900,0.34732,6.7694
1790731564.2274,19.4900,0.34732,6.7694
1790731564.2823,19.4900,0.34732,6.7694
1790731564.3340,19.4900,0.34618,6.7470
1790731564.3863,19.4900,0.34618,6.7470
1790731564.4413,19.4900,0.34668,6.7567
1790731564.4956,19.4900,0.34668,6.7567
1790731564.5471,19.4900,0.34668,6.7567
1790731564.5996,19.4838,0.36388,7.0896
1790731564.6536,19.4838,0.36388,7.0896
1790731564.7071,19.4838,0.36388,7.0896
1790731564.7618,19.4913,0.34500,6.7245
1790731564.8151,19.4913,0.34500,6.7245
1790731564.8693,19.4900,0.34613,6.7460
1790731564.9202,19.4900,0.34613,6.7460
1790731564.9735,19.4900,0.34613,6.7460
1790731565.0275,19.4913,0.34462,6.7172
1790731565.0822,19.4913,0.34462,6.7172
1790731565.1341,19.4913,0.34462,6.7172
1790731565.1891,19.4913,0.34510,6.7264
1790731565.2442,19.4913,0.34510,6.7264
1790731565.2992,19.4900,0.34755,6.7737
1790731565.3542,19.4900,0.34755,6.7737
1790731565.4092,19.4900,0.34755,6.7737
1790731565.4642,19.4900,0.34610,6.7455
1790731565.5192,19.4900,0.34610,6.7455
1790731565.5716,19.4887,0.34610,6.7451
1790731565.6266,19.4887,0.35060,6.8328
1790731565.6798,19.4887,0.35060,6.8328
1790731565.7342,19.4900,0.34632,6.7499
1790731565.7875,19.4900,0.34632,6.7499
1790731565.8424,19.4900,0.34632,6.7499
1790731565.8967,19.4913,0.34503,6.7250
1790731565.9500,19.4913,0.34503,6.7250
1790731566.0014,19.4900,0.34650,6.7533
1790731566.0546,19.4900,0.34650,6.7533
1790731566.1076,19.4900,0.34650,6.7533
1790731566.1615,19.4913,0.34462,6.7172
1790731566.2143,19.4913,0.34462,6.7172
1790731566.2679,19.4913,0.34462,6.7172
1790731566.3209,19.4913,0.34545,6.7333
1790731566.3747,19.4913,0.34545,6.7333
1790731566.4274,19.4913,0.34545,6.7333
1790731566.4776,19.4913,0.34585,6.7410
1790731566.5287,19.4913,0.34585,6.7410
1790731566.5837,19.4838,0.36300,7.0726
1790731566.6358,19.4838,0.36300,7.0726
1790731566.6865,19.4838,0.36300,7.0726
1790731566.7384,19.4887,0.35020,6.8250
1790731566.7932,19.4887,0.35020,6.8250
1790731566.8482,19.4887,0.35020,6.8250
1790731566.9033,19.4913,0.34535,6.7313
1790731566.9583,19.4913,0.34535,6.7313
1790731567.0132,19.4900,0.34602,6.7440
1790731567.0677,19.4900,0.34602,6.7440
1790731567.1210,19.4900,0.34602,6.7440
1790731567.1761,19.4900,0.34632,6.7499
1790731567.2277,19.4900,0.34632,6.7499
1790731567.2828,19.4900,0.34632,6.7499
1790731567.3348,19.4913,0.34505,6.7255
1790731567.3898,19.4913,0.34505,6.7255
1790731567.4435,19.4900,0.34773,6.7772
1790731567.4986,19.4900,0.34773,6.7772
1790731567.5511,19.4900,0.34773,6.7772
1790731567.6018,19.4900,0.34805,6.7835
1790731567.6561,19.4900,0.34805,6.7835
1790731567.7078,19.4900,0.34805,6.7835
1790731567.7621,19.4913,0.34563,6.7367
1790731567.8134,19.4913,0.34563,6.7367
1790731567.8683,19.4913,0.34605,6.7449
1790731567.9233,19.4913,0.34605,6.7449
1790731567.9744,19.4913,0.34605,6.7449
1790731568.0278,19.4913,0.34435,6.7118
1790731568.0817,19.4913,0.34435,6.7118
1790731568.1367,19.4913,0.34435,6.7118
1790731568.1895,19.4900,0.34573,6.7382
1790731568.2439,19.4900,0.34573,6.7382
1790731568.2955,19.4913,0.34625,6.7488
1790731568.3505,19.4913,0.34625,6.7488
1790731568.4022,19.4913,0.34625,6.7488
1790731568.4545,19.4913,0.34642,6.7523
1790731568.5088,19.4913,0.34642,6.7523
1790731568.5612,19.4913,0.34642,6.7523
1790731568.6153,19.4863,0.35770,6.9702
1790731568.6691,19.4863,0.35770,6.9702
1790731568.7241,19.4900,0.34657,6.7547
1790731568.7750,19.4900,0.34657,6.7547
1790731568.8284,19.4900,0.34657,6.7547
1790731568.8818,19.4913,0.34590,6.7420
1790731568.9347,19.4913,0.34590,6.7420
1790731568.9896,19.4913,0.34590,6.7420
1790731569.0413,19.4913,0.34515,6.7274
1790731569.0930,19.4913,0.34515,6.7274
1790731569.1479,19.4913,0.34640,6.7518
1790731569.2013,19.4913,0.34640,6.7518
1790731569.2529,19.4913,0.34640,6.7518
1790731569.3069,19.4900,0.34657,6.7547
1790731569.3575,19.4900,0.34657,6.7547
1790731569.4109,19.4900,0.34657,6.7547
1790731569.4644,19.4913,0.34580,6.7401
1790731569.5190,19.4913,0.34580,6.7401
1790731569.5692,19.4913,0.34580,6.7401
1790731569.6202,19.4913,0.34580,6.7401
1790731569.6745,19.4913,0.34580,6.7401
1790731569.7295,19.4900,0.34735,6.7699
1790731569.7804,19.4900,0.34735,6.7699
1790731569.8349,19.4900,0.34735,6.7699
1790731569.8899,19.4913,0.34410,6.7069
1790731569.9404,19.4913,0.34410,6.7069
1790731569.9954,19.4913,0.34410,6.7069
1790731570.0504,19.4913,0.34513,6.7269
1790731570.1054,19.4913,0.34513,6.7269
1790731570.1605,19.4900,0.34767,6.7762
1790731570.2105,19.4900,0.34767,6.7762
1790731570.2655,19.4900,0.34767,6.7762
1790731570.3190,19.4887,0.35163,6.8527
1790731570.3740,19.4887,0.35163,6.8527
1790731570.4275,19.4913,0.34513,6.7269
1790731570.4824,19.4913,0.34513,6.7269
1790731570.5360,19.4913,0.34513,6.7269
1790731570.5910,19.4863,0.35795,6.9751
1790731570.6452,19.4863,0.35795,6.9751
1790731570.7002,19.4863,0.35795,6.9751
1790731570.7531,19.4887,0.35132,6.8469
1790731570.8082,19.4887,0.35132,6.8469
1790731570.8632,19.4913,0.34440,6.7128
1790731570.9152,19.4913,0.34440,6.7128
1790731570.9691,19.4913,0.34440,6.7128
1790731571.0210,19.4900,0.34610,6.7455
1790731571.0743,19.4900,0.34610,6.7455
1790731571.1293,19.4900,0.34610,6.7455
1790731571.1843,19.4913,0.34418,6.7084
1790731571.2358,19.4913,0.34418,6.7084
1790731571.2905,19.4913,0.34732,6.7698
1790731571.3418,19.4913,0.34732,6.7698
1790731571.3968,19.4913,0.34732,6.7698
1790731571.4478,19.4913,0.34625,6.7488
1790731571.4992,19.4913,0.34625,6.7488
1790731571.5532,19.4913,0.34625,6.7488
1790731571.6041,19.4887,0.35082,6.8371
1790731571.6577,19.4887,0.35082,6.8371
1790731571.7113,19.4900,0.35082,6.8376
1790731571.7644,19.4900,0.34758,6.7742
1790731571.8159,19.4900,0.34758,6.7742
1790731571.8709,19.4913,0.34462,6.7172
1790731571.9216,19.4913,0.34462,6.7172
1790731571.9749,19.4913,0.34462,6.7172
1790731572.0299,19.4913,0.34455,6.7157
1790731572.0849,19.4913,0.34455,6.7157
1790731572.1358,19.4913,0.34455,6.7157
1790731572.1893,19.4913,0.34510,6.7264
1790731572.2406,19.4913,0.34510,6.7264
1790731572.2939,19.4913,0.34505,6.7255
1790731572.3473,19.4913,0.34505,6.7255
1790731572.4007,19.4913,0.34505,6.7255
1790731572.4542,19.4900,0.34718,6.7664
1790731572.5076,19.4900,0.34718,6.7664
1790731572.5583,19.4900,0.34718,6.7664
1790731572.6102,19.4913,0.34705,6.7644
1790731572.6653,19.4913,0.34705,6.7644
1790731572.7203,19.4900,0.34673,6.7577
1790731572.7753,19.4900,0.34673,6.7577
1790731572.8295,19.4900,0.34673,6.7577
1790731572.8846,19.4913,0.34635,6.7508
1790731572.9369,19.4913,0.34635,6.7508
1790731572.9917,19.4913,0.34635,6.7508
1790731573.0468,19.4913,0.34455,6.7157
1790731573.0986,19.4913,0.34455,6.7157
1790731573.1504,19.4913,0.34490,6.7225
1790731573.2017,19.4913,0.34490,6.7225
1790731573.2557,19.4913,0.34490,6.7225
1790731573.3070,19.4900,0.34738,6.7703
1790731573.3620,19.4900,0.34738,6.7703
1790731573.4151,19.4900,0.34738,6.7703
1790731573.4676,19.4913,0.34488,6.7220
1790731573.5226,19.4913,0.34488,6.7220
1790731573.5751,19.4900,0.34785,6.7796
1790731573.6284,19.4900,0.34785,6.7796
1790731573.6805,19.4900,0.34785,6.7796
1790731573.7355,19.4913,0.34618,6.7474
1790731573.7884,19.4913,0.34618,6.7474
1790731573.8434,19.4913,0.34618,6.7474
1790731573.8950,19.4913,0.34530,6.7303
1790731573.9466,19.4913,0.34530,6.7303
1790731574.0017,19.4913,0.34535,6.7313
1790731574.0528,19.4913,0.34535,6.7313
1790731574.1078,19.4913,0.34535,6.7313
1790731574.1628,19.4913,0.34418,6.7084
1790731574.2178,19.4913,0.34418,6.7084
1790731574.2681,19.4913,0.34418,6.7084
1790731574.3192,19.4900,0.34930,6.8079
1790731574.3712,19.4900,0.34930,6.8079
1790731574.4223,19.4900,0.34930,6.8079
1790731574.4774,19.4900,0.34923,6.8064
1790731574.5324,19.4900,0.34923,6.8064
1790731574.5875,19.4887,0.35080,6.8367
1790731574.6419,19.4887,0.35080,6.8367
1790731574.6952,19.4887,0.35080,6.8367
1790731574.7503,19.4838,0.36602,7.1315
1790731574.8032,19.4838,0.36602,7.1315
1790731574.8552,19.4913,0.34535,6.7313
1790731574.9086,19.4913,0.34535,6.7313
1790731574.9619,19.4913,0.34535,6.7313
1790731575.0143,19.4900,0.34730,6.7689
1790731575.0692,19.4900,0.34730,6.7689
1790731575.1219,19.4900,0.34730,6.7689
1790731575.1746,19.4913,0.34587,6.7415
1790731575.2296,19.4913,0.34587,6.7415
1790731575.2820,19.4900,0.34587,6.7411
1790731575.3365,19.4900,0.34698,6.7625
1790731575.3895,19.4900,0.34698,6.7625
1790731575.4430,19.4900,0.34930,6.8079
1790731575.4943,19.4900,0.34930,6.8079
1790731575.5476,19.4900,0.34930,6.8079
1790731575.6007,19.4913,0.34648,6.7532
1790731575.6525,19.4913,0.34648,6.7532
1790731575.7054,19.4913,0.34648,6.7532
1790731575.7570,19.4900,0.34763,6.7752
1790731575.8120,19.4900,0.34763,6.7752
1790731575.8622,19.4900,0.34728,6.7684
1790731575.9172,19.4900,0.34728,6.7684
1790731575.9673,19.4900,0.34728,6.7684
1790731576.0210,19.4913,0.34497,6.7240
1790731576.0760,19.4913,0.34497,6.7240
1790731576.1307,19.4913,0.34497,6.7240
1790731576.1851,19.4887,0.34982,6.8177
1790731576.2395,19.4887,0.34982,6.8177
1790731576.2920,19.4863,0.35673,6.9512
1790731576.3433,19.4863,0.35673,6.9512
1790731576.3983,19.4863,0.35673,6.9512
1790731576.4520,19.4887,0.34928,6.8069
1790731576.5069,19.4887,0.34928,6.8069
1790731576.5586,19.4887,0.34928,6.8069
1790731576.6136,19.4900,0.35010,6.8234
1790731576.6686,19.4900,0.35010,6.8234
1790731576.7225,19.4838,0.36593,7.1296
1790731576.7754,19.4838,0.36593,7.1296
1790731576.8288,19.4838,0.36593,7.1296
1790731576.8827,19.4887,0.35253,6.8703
1790731576.9360,19.4887,0.35253,6.8703
1790731576.9905,19.4887,0.35253,6.8703
1790731577.0445,19.4900,0.34910,6.8040
1790731577.0960,19.4900,0.34910,6.8040
1790731577.1510,19.4900,0.34547,6.7333
1790731577.2056,19.4900,0.34547,6.7333
1790731577.2606,19.4900,0.34547,6.7333
1790731577.3129,19.4913,0.34642,6.7523
1790731577.3679,19.4913,0.34642,6.7523
1790731577.4196,19.4913,0.34642,6.7523
1790731577.4745,19.4913,0.34605,6.7449
1790731577.5294,19.4913,0.34605,6.7449
1790731577.5816,19.4900,0.34882,6.7986
1790731577.6366,19.4900,0.34882,6.7986
1790731577.6909,19.4900,0.34882,6.7986
1790731577.7452,19.4900,0.34655,6.7543
1790731577.7983,19.4900,0.34655,6.7543
1790731577.8533,19.4875,0.35433,6.9049
1790731577.9083,19.4875,0.35433,6.9049
1790731577.9633,19.4875,0.35433,6.9049
1790731578.0184,19.4913,0.34552,6.7347
1790731578.0729,19.4913,0.34552,6.7347
1790731578.1247,19.4913,0.34552,6.7347
1790731578.1785,19.4913,0.34468,6.7181
1790731578.2305,19.4913,0.34468,6.7181
1790731578.2820,19.4900,0.34758,6.7742
1790731578.3338,19.4900,0.34758,6.7742
1790731578.3888,19.4900,0.34758,6.7742
1790731578.4438,19.4900,0.34767,6.7762
1790731578.4988,19.4900,0.34767,6.7762
1790731578.5539,19.4900,0.34767,6.7762
1790731578.6081,19.4875,0.35318,6.8825
1790731578.6582,19.4875,0.35318,6.8825
1790731578.7132,19.4825,0.36868,7.1827
1790731578.7682,19.4825,0.36868,7.1827
1790731578.8233,19.4825,0.36868,7.1827
1790731578.8783,19.4812,0.37068,7.2212
1790731578.9333,19.4812,0.37068,7.2212
1790731578.9883,19.4812,0.37068,7.2212
1790731579.0403,19.4825,0.36788,7.1671
1790731579.0953,19.4825,0.36788,7.1671
1790731579.1477,19.4825,0.36895,7.1881
1790731579.2027,19.4825,0.36895,7.1881
1790731579.2575,19.4825,0.36895,7.1881
1790731579.3125,19.4825,0.36915,7.1920
1790731579.3636,19.4825,0.36915,7.1920
1790731579.4184,19.4825,0.36915,7.1920
1790731579.4734,19.4825,0.36883,7.1856
1790731579.5250,19.4825,0.36883,7.1856
1790731579.5800,19.4825,0.36890,7.1871
1790731579.6350,19.4825,0.36890,7.1871
1790731579.6860,19.4825,0.36890,7.1871
1790731579.7405,19.4825,0.36783,7.1662
1790731579.7923,19.4825,0.36783,7.1662
1790731579.8427,19.4825,0.36783,7.1662
1790731579.8974,19.4825,0.36985,7.2056
1790731579.9509,19.4825,0.36985,7.2056
1790731580.0035,19.4825,0.36813,7.1720
1790731580.0571,19.4825,0.36813,7.1720
1790731580.1088,19.4825,0.36813,7.1720
1790731580.1590,19.4825,0.36733,7.1564
1790731580.2105,19.4825,0.36733,7.1564
1790731580.2655,19.4825,0.36733,7.1564
1790731580.3175,19.4825,0.36813,7.1720
1790731580.3725,19.4825,0.36813,7.1720
1790731580.4259,19.4825,0.36938,7.1963
1790731580.4809,19.4825,0.36938,7.1963
1790731580.5349,19.4825,0.36938,7.1963
1790731580.5899,19.4812,0.37010,7.2100
1790731580.6423,19.4812,0.37010,7.2100
1790731580.6942,19.4812,0.37010,7.2100
1790731580.7493,19.4825,0.36945,7.1978
1790731580.8017,19.4825,0.36945,7.1978
1790731580.8549,19.4900,0.34915,6.8049
1790731580.9057,19.4900,0.34915,6.8049
1790731580.9586,19.4900,0.34915,6.8049
1790731581.0093,19.4913,0.34568,6.7376
1790731581.0616,19.4913,0.34568,6.7376
1790731581.1166,19.4913,0.34568,6.7376
1790731581.1689,19.4900,0.34740,6.7708
1790731581.2204,19.4900,0.34740,6.7708
1790731581.2754,19.4900,0.34740,6.7708
1790731581.3267,19.4900,0.34725,6.7679
1790731581.3797,19.4900,0.34725,6.7679
1790731581.4347,19.4900,0.34705,6.7640
1790731581.4897,19.4900,0.34705,6.7640
1790731581.5401,19.4900,0.34705,6.7640
1790731581.5934,19.4900,0.34800,6.7825
1790731581.6483,19.4900,0.34800,6.7825
1790731581.7033,19.4900,0.34800,6.7825
1790731581.7581,19.4913,0.34427,6.7104
1790731581.8127,19.4913,0.34427,6.7104
1790731581.8678,19.4913,0.34600,6.7440
1790731581.9217,19.4913,0.34600,6.7440
1790731581.9724,19.4913,0.34600,6.7440
1790731582.0267,19.4913,0.34637,6.7513
1790731582.0817,19.4913,0.34637,6.7513
1790731582.1363,19.4913,0.34455,6.7157
1790731582.1913,19.4913,0.34455,6.7157
1790731582.2436,19.4913,0.34455,6.7157
1790731582.2939,19.4900,0.34857,6.7937
1790731582.3484,19.4900,0.34857,6.7937
1790731582.4017,19.4900,0.34857,6.7937
1790731582.4524,19.4900,0.34797,6.7820
1790731582.5038,19.4900,0.34797,6.7820
1790731582.5568,19.4900,0.34797,6.7820
1790731582.6103,19.4900,0.34773,6.7772
1790731582.6650,19.4900,0.34773,6.7772
1790731582.7201,19.4875,0.35630,6.9434
1790731582.7751,19.4875,0.35630,6.9434
1790731582.8294,19.4875,0.35630,6.9434
1790731582.8828,19.4913,0.34577,6.7396
1790731582.9361,19.4913,0.34577,6.7396
1790731582.9895,19.4913,0.34577,6.7396
1790731583.0440,19.4900,0.34918,6.8054
1790731583.0944,19.4900,0.34918,6.8054
1790731583.1447,19.4913,0.34477,6.7201
1790731583.1967,19.4913,0.34477,6.7201
1790731583.2517,19.4913,0.34477,6.7201
1790731583.3068,19.4913,0.34618,6.7474
1790731583.3612,19.4913,0.34618,6.7474
1790731583.4138,19.4913,0.34618,6.7474
1790731583.4653,19.4913,0.34590,6.7420
1790731583.5203,19.4913,0.34590,6.7420
1790731583.5754,19.4887,0.35185,6.8571
1790731583.6281,19.4887,0.35185,6.8571
1790731583.6831,19.4887,0.35185,6.8571
1790731583.7344,19.4900,0.34823,6.7869
1790731583.7894,19.4900,0.34823,6.7869
1790731583.8444,19.4900,0.34823,6.7869
1790731583.8995,19.4913,0.34527,6.7298
1790731583.9545,19.4913,0.34527,6.7298
1790731584.0095,19.4900,0.34770,6.7767
1790731584.0617,19.4900,0.34770,6.7767
1790731584.1164,19.4900,0.34770,6.7767
1790731584.1685,19.4900,0.34760,6.7747
1790731584.2235,19.4900,0.34760,6.7747
1790731584.2775,19.4913,0.34760,6.7752
1790731584.3290,19.4913,0.34488,6.7220
1790731584.3823,19.4913,0.34488,6.7220
1790731584.4374,19.4900,0.34978,6.8171
1790731584.4886,19.4900,0.34978,6.8171
1790731584.5419,19.4900,0.34978,6.8171
1790731584.5953,19.4913,0.34525,6.7294
1790731584.6503,19.4913,0.34525,6.7294
1790731584.7023,19.4913,0.34525,6.7294
1790731584.7533,19.4863,0.35933,7.0019
1790731584.8083,19.4863,0.35933,7.0019
1790731584.8621,19.4913,0.34738,6.7708
1790731584.9154,19.4913,0.34738,6.7708
1790731584.9703,19.4913,0.34738,6.7708
1790731585.0253,19.4913,0.34605,6.7449
1790731585.0804,19.4913,0.34605,6.7449
1790731585.1353,19.4913,0.34605,6.7449
1790731585.1891,19.4913,0.34605,6.7449
1790731585.2441,19.4913,0.34605,6.7449
1790731585.2958,19.4913,0.34632,6.7503
1790731585.3465,19.4913,0.34632,6.7503
1790731585.4015,19.4913,0.34632,6.7503
1790731585.4566,19.4913,0.34530,6.7303
1790731585.5097,19.4913,0.34530,6.7303
1790731585.5639,19.4900,0.34942,6.8103
1790731585.6155,19.4900,0.34942,6.8103
1790731585.6706,19.4900,0.34942,6.8103
1790731585.7231,19.4913,0.34570,6.7381
1790731585.7773,19.4913,0.34570,6.7381
1790731585.8277,19.4913,0.34570,6.7381
1790731585.8821,19.4913,0.34695,6.7625
1790731585.9361,19.4913,0.34695,6.7625
1790731585.9873,19.4913,0.34695,6.7625
1790731586.0407,19.4900,0.34760,6.7747
1790731586.0955,19.4900,0.34760,6.7747
1790731586.1455,19.4913,0.34602,6.7445
1790731586.1965,19.4913,0.34602,6.7445
1790731586.2481,19.4913,0.34602,6.7445
1790731586.3001,19.4887,0.35263,6.8722
1790731586.3526,19.4887,0.35263,6.8722
1790731586.4076,19.4887,0.35263,6.8722
1790731586.4627,19.4913,0.34642,6.7523
1790731586.5128,19.4913,0.34642,6.7523
1790731586.5633,19.4900,0.34845,6.7913
1790731586.6183,19.4900,0.34845,6.7913
1790731586.6727,19.4900,0.34845,6.7913
1790731586.7277,19.4900,0.35045,6.8303
1790731586.7796,19.4900,0.35045,6.8303
1790731586.8310,19.4900,0.35045,6.8303
1790731586.8827,19.4913,0.34538,6.7318
1790731586.9343,19.4913,0.34538,6.7318
1790731586.9889,19.4913,0.34538,6.7318
1790731587.0432,19.4900,0.34808,6.7840
1790731587.0966,19.4900,0.34808,6.7840
1790731587.1495,19.4900,0.34823,6.7869
1790731587.2043,19.4900,0.34823,6.7869
1790731587.2564,19.4900,0.34823,6.7869
1790731587.3099,19.4913,0.34732,6.7698
1790731587.3634,19.4913,0.34732,6.7698
1790731587.4167,19.4900,0.34732,6.7694
1790731587.4690,19.4900,0.34937,6.8093
1790731587.5233,19.4900,0.34937,6.8093
1790731587.5770,19.4900,0.35052,6.8317
1790731587.6302,19.4900,0.35052,6.8317
1790731587.6833,19.4900,0.35052,6.8317
1790731587.7383,19.4900,0.34895,6.8010
1790731587.7890,19.4900,0.34895,6.8010
1790731587.8433,19.4900,0.34895,6.8010
1790731587.8977,19.4913,0.34618,6.7474
1790731587.9505,19.4913,0.34618,6.7474
1790731588.0019,19.4913,0.34497,6.7240
1790731588.0567,19.4913,0.34497,6.7240
1790731588.1117,19.4913,0.34497,6.7240
1790731588.1667,19.4900,0.35047,6.8308
1790731588.2218,19.4900,0.35047,6.8308
1790731588.2725,19.4900,0.35047,6.8308
1790731588.3275,19.4913,0.34593,6.7425
1790731588.3824,19.4913,0.34593,6.7425
1790731588.4331,19.4913,0.34675,6.7586
1790731588.4837,19.4913,0.34675,6.7586
1790731588.5367,19.4913,0.34675,6.7586
1790731588.5891,19.4900,0.34910,6.8040
1790731588.6434,19.4900,0.34910,6.8040
1790731588.6973,19.4900,0.34910,6.8040
1790731588.7523,19.4875,0.35503,6.9185
1790731588.8074,19.4875,0.35503,6.9185
1790731588.8588,19.4913,0.34675,6.7586
1790731588.9102,19.4913,0.34675,6.7586
1790731588.9650,19.4913,0.34675,6.7586
1790731589.0183,19.4913,0.34640,6.7518
1790731589.0693,19.4913,0.34640,6.7518
1790731589.1243,19.4913,0.34640,6.7518
1790731589.1758,19.4900,0.34710,6.7650
1790731589.2308,19.4900,0.34710,6.7650
1790731589.2830,19.4913,0.34523,6.7289
1790731589.3380,19.4913,0.34523,6.7289
1790731589.3918,19.4913,0.34523,6.7289
1790731589.4468,19.4913,0.34630,6.7498
1790731589.4979,19.4913,0.34630,6.7498
1790731589.5530,19.4913,0.34630,6.7498
1790731589.6080,19.4913,0.34593,6.7425
1790731589.6630,19.4913,0.34593,6.7425
1790731589.7167,19.4900,0.34763,6.7752
1790731589.7698,19.4900,0.34763,6.7752
1790731589.8248,19.4900,0.34763,6.7752
1790731589.8798,19.4913,0.34670,6.7576
1790731589.9322,19.4913,0.34670,6.7576
1790731589.9831,19.4913,0.34670,6.7576
1790731590.0381,19.4913,0.34575,6.7391
1790731590.0892,19.4913,0.34575,6.7391
1790731590.1429,19.4900,0.34823,6.7869
1790731590.1943,19.4900,0.34823,6.7869
1790731590.2493,19.4900,0.34823,6.7869
1790731590.3043,19.4900,0.34680,6.7591
1790731590.3575,19.4900,0.34680,6.7591
1790731590.4125,19.4900,0.34680,6.7591
1790731590.4674,19.4913,0.34623,6.7484
1790731590.5224,19.4913,0.34623,6.7484
1790731590.5770,19.4900,0.34970,6.8157
1790731590.6273,19.4900,0.34970,6.8157
1790731590.6776,19.4900,0.34970,6.8157
1790731590.7326,19.4887,0.35157,6.8518
1790731590.7865,19.4887,0.35157,6.8518
1790731590.8416,19.4887,0.35157,6.8518
1790731590.8920,19.4887,0.35340,6.8873
1790731590.9452,19.4887,0.35340,6.8873
1790731590.9995,19.4913,0.34545,6.7333
1790731591.0499,19.4913,0.34545,6.7333
1790731591.1032,19.4913,0.34545,6.7333
1790731591.1581,19.4900,0.34785,6.7796
1790731591.2100,19.4900,0.34785,6.7796
1790731591.2632,19.4900,0.34785,6.7796
1790731591.3149,19.4900,0.34825,6.7874
1790731591.3654,19.4900,0.34825,6.7874
1790731591.4171,19.4913,0.34538,6.7318
1790731591.4672,19.4913,0.34538,6.7318
1790731591.5223,19.4913,0.34538,6.7318
1790731591.5771,19.4913,0.34613,6.7464
1790731591.6319,19.4913,0.34613,6.7464
1790731591.6865,19.4913,0.34613,6.7464
1790731591.7396,19.4913,0.34763,6.7756
1790731591.7946,19.4913,0.34763,6.7756
1790731591.8497,19.4913,0.34445,6.7138
1790731591.9033,19.4913,0.34445,6.7138
1790731591.9583,19.4913,0.34445,6.7138
1790731592.0126,19.4913,0.34690,6.7615
1790731592.0676,19.4913,0.34690,6.7615
1790731592.1227,19.4913,0.34690,6.7615
1790731592.1760,19.4913,0.34600,6.7440
1790731592.2305,19.4913,0.34600,6.7440
1790731592.2809,19.4913,0.34483,6.7211
1790731592.3347,19.4913,0.34483,6.7211
1790731592.3855,19.4913,0.34483,6.7211
1790731592.4405,19.4913,0.34668,6.7571
1790731592.4943,19.4913,0.34668,6.7571
1790731592.5473,19.4913,0.34668,6.7571
1790731592.6005,19.4913,0.34515,6.7274
1790731592.6538,19.4913,0.34515,6.7274
1790731592.7067,19.4900,0.35132,6.8473
1790731592.7617,19.4900,0.35132,6.8473
1790731592.8165,19.4900,0.35132,6.8473
1790731592.8706,19.4925,0.34513,6.7273
1790731592.9240,19.4925,0.34513,6.7273
1790731592.9790,19.4925,0.34513,6.7273
1790731593.0306,19.4913,0.34433,6.7113
1790731593.0840,19.4913,0.34433,6.7113
1790731593.1373,19.4913,0.34708,6.7649
1790731593.1909,19.4913,0.34708,6.7649
1790731593.2440,19.4913,0.34708,6.7649
1790731593.2983,19.4913,0.34698,6.7630
1790731593.3533,19.4913,0.34698,6.7630
1790731593.4083,19.4913,0.34698,6.7630
1790731593.4599,19.4913,0.34585,6.7410
1790731593.5117,19.4913,0.34585,6.7410
1790731593.5640,19.4913,0.34815,6.7859
1790731593.6183,19.4913,0.34815,6.7859
1790731593.6716,19.4913,0.34815,6.7859
1790731593.7230,19.4913,0.34475,6.7196
1790731593.7774,19.4913,0.34475,6.7196
1790731593.8308,19.4913,0.34475,6.7196
1790731593.8831,19.4913,0.34698,6.7630
1790731593.9374,19.4913,0.34698,6.7630
1790731593.9916,19.4913,0.34538,6.7318
1790731594.0448,19.4913,0.34538,6.7318
1790731594.1008,19.4913,0.34538,6.7318
1790731594.1530,19.4900,0.35015,6.8244
1790731594.2041,19.4900,0.35015,6.8244
1790731594.2574,19.4900,0.35015,6.8244
1790731594.3125,19.4875,0.35665,6.9502
1790731594.3661,19.4875,0.35665,6.9502
1790731594.4196,19.4913,0.34650,6.7537
1790731594.4708,19.4913,0.34650,6.7537
1790731594.5241,19.4913,0.34650,6.7537
1790731594.5775,19.4900,0.34903,6.8025
1790731594.6311,19.4900,0.34903,6.8025
1790731594.6842,19.4900,0.34903,6.8025
1790731594.7377,19.4913,0.34723,6.7678
1790731594.7919,19.4913,0.34723,6.7678
1790731594.8442,19.4825,0.36822,7.1739
1790731594.8975,19.4825,0.36822,7.1739
1790731594.9508,19.4825,0.36822,7.1739
1790731595.0042,19.4900,0.34840,6.7903
1790731595.0575,19.4900,0.34840,6.7903
1790731595.1109,19.4900,0.34840,6.7903
1790731595.1643,19.4913,0.34523,6.7289
1790731595.2159,19.4913,0.34523,6.7289
1790731595.2710,19.4900,0.34523,6.7284
1790731595.3242,19.4900,0.34935,6.8088
1790731595.3791,19.4900,0.34935,6.8088
1790731595.4294,19.4913,0.34680,6.7596
1790731595.4842,19.4913,0.34680,6.7596
1790731595.5358,19.4913,0.34680,6.7596
1790731595.5875,19.4900,0.35078,6.8366
1790731595.6424,19.4900,0.35078,6.8366
1790731595.6965,19.4900,0.35078,6.8366
1790731595.7492,19.4913,0.34692,6.7620
1790731595.8026,19.4913,0.34692,6.7620
1790731595.8576,19.4913,0.34497,6.7240
1790731595.9109,19.4913,0.34497,6.7240
1790731595.9640,19.4913,0.34497,6.7240
1790731596.0176,19.4913,0.34637,6.7513
1790731596.0709,19.4913,0.34637,6.7513
1790731596.1243,19.4913,0.34637,6.7513
1790731596.1786,19.4913,0.34503,6.7250
1790731596.2325,19.4913,0.34503,6.7250
1790731596.2844,19.4913,0.34632,6.7503
1790731596.3378,19.4913,0.34632,6.7503
1790731596.3911,19.4913,0.34632,6.7503
1790731596.4435,19.4900,0.34832,6.7889
1790731596.4980,19.4900,0.34832,6.7889
1790731596.5523,19.4900,0.34832,6.7889
1790731596.6043,19.4913,0.34483,6.7211
1790731596.6594,19.4913,0.34483,6.7211
1790731596.7115,19.4913,0.34558,6.7357
1790731596.7628,19.4913,0.34558,6.7357
1790731596.8177,19.4913,0.34558,6.7357
1790731596.8700,19.4863,0.36002,7.0155
1790731596.9244,19.4863,0.36002,7.0155
1790731596.9787,19.4863,0.36002,7.0155
1790731597.0311,19.4913,0.34560,6.7362
1790731597.0847,19.4913,0.34560,6.7362
1790731597.1358,19.4913,0.34720,6.7674
1790731597.1877,19.4913,0.34720,6.7674
1790731597.2423,19.4913,0.34720,6.7674
1790731597.2967,19.4900,0.34875,6.7971
1790731597.3514,19.4900,0.34875,6.7971
1790731597.4062,19.4900,0.34875,6.7971
1790731597.4567,19.4900,0.34805,6.7835
1790731597.5118,19.4900,0.34805,6.7835
1790731597.5645,19.4913,0.34840,6.7908
1790731597.6192,19.4913,0.34840,6.7908
1790731597.6733,19.4913,0.34840,6.7908
1790731597.7255,19.4913,0.34573,6.7386
1790731597.7805,19.4913,0.34573,6.7386
1790731597.8354,19.4913,0.34573,6.7386
1790731597.8905,19.4913,0.34720,6.7674
1790731597.9443,19.4913,0.34720,6.7674
1790731597.9970,19.4913,0.34543,6.7328
1790731598.0485,19.4913,0.34543,6.7328
1790731598.1036,19.4913,0.34543,6.7328
1790731598.1586,19.4913,0.34530,6.7303
1790731598.2136,19.4913,0.34530,6.7303
1790731598.2640,19.4913,0.34530,6.7303
1790731598.3153,19.4900,0.35005,6.8225
1790731598.3704,19.4900,0.35005,6.8225
1790731598.4238,19.4900,0.34887,6.7996
1790731598.4788,19.4900,0.34887,6.7996
1790731598.5338,19.4900,0.34887,6.7996
1790731598.5869,19.4913,0.34670,6.7576
1790731598.6374,19.4913,0.34670,6.7576
1790731598.6880,19.4913,0.34670,6.7576
1790731598.7397,19.4913,0.34598,6.7435
1790731598.7947,19.4913,0.34598,6.7435
1790731598.8471,19.4913,0.34785,6.7800
1790731598.8980,19.4913,0.34785,6.7800
1790731598.9530,19.4913,0.34785,6.7800
1790731599.0046,19.4913,0.34797,6.7825
1790731599.0592,19.4913,0.34797,6.7825
1790731599.1166,19.4913,0.34797,6.7825
1790731599.1716,19.4913,0.34585,6.7410
1790731599.2266,19.4913,0.34585,6.7410
1790731599.2817,19.4863,0.35887,6.9931
1790731599.3335,19.4863,0.35887,6.9931
1790731599.3885,19.4863,0.35887,6.9931
1790731599.4422,19.4875,0.35575,6.9327
1790731599.4969,19.4875,0.35575,6.9327
1790731599.5519,19.4875,0.35575,6.9327
1790731599.6040,19.4913,0.34820,6.7869
1790731599.6573,19.4913,0.34820,6.7869
1790731599.7113,19.4913,0.34720,6.7674
1790731599.7664,19.4913,0.34720,6.7674
1790731599.8192,19.4913,0.34720,6.7674
1790731599.8714,19.4913,0.34665,6.7566
1790731599.9248,19.4913,0.34665,6.7566
1790731599.9792,19.4913,0.34665,6.7566
1790731600.0305,19.4913,0.34660,6.7557
1790731600.0847,19.4913,0.34660,6.7557
1790731600.1390,19.4913,0.34540,6.7323
1790731600.1914,19.4913,0.34540,6.7323
1790731600.2455,19.4913,0.34540,6.7323
1790731600.2981,19.4913,0.34595,6.7430
1790731600.3514,19.4913,0.34595,6.7430
1790731600.4039,19.4913,0.34595,6.7430
1790731600.4581,19.4900,0.34880,6.7981
1790731600.5131,19.4900,0.34880,6.7981
1790731600.5648,19.4900,0.34820,6.7864
1790731600.6181,19.4900,0.34820,6.7864
1790731600.6724,19.4900,0.34820,6.7864
1790731600.7248,19.4913,0.34753,6.7737
1790731600.7791,19.4913,0.34753,6.7737
1790731600.8315,19.4913,0.34753,6.7737
1790731600.8857,19.4887,0.35223,6.8644
1790731600.9393,19.4887,0.35223,6.8644
1790731600.9915,19.4913,0.34700,6.7635
1790731601.0449,19.4913,0.34700,6.7635
1790731601.0991,19.4913,0.34700,6.7635
1790731601.1525,19.4913,0.34632,6.7503
1790731601.2039,19.4913,0.34632,6.7503
1790731601.2574,19.4913,0.34632,6.7503
1790731601.3115,19.4913,0.34590,6.7420
1790731601.3641,19.4913,0.34590,6.7420
1790731601.4182,19.4900,0.35038,6.8288
1790731601.4709,19.4900,0.35038,6.8288
1790731601.5249,19.4900,0.35038,6.8288
1790731601.5792,19.4913,0.34685,6.7605
1790731601.6337,19.4913,0.34685,6.7605
1790731601.6868,19.4913,0.34685,6.7605
1790731601.7401,19.4900,0.34845,6.7913
1790731601.7950,19.4900,0.34845,6.7913
1790731601.8501,19.4913,0.34670,6.7576
1790731601.9013,19.4913,0.34670,6.7576
1790731601.9516,19.4913,0.34670,6.7576
1790731602.0067,19.4913,0.34582,6.7406
1790731602.0599,19.4913,0.34582,6.7406
1790731602.1111,19.4913,0.34582,6.7406
1790731602.1645,19.4913,0.34745,6.7722
1790731602.2183,19.4913,0.34745,6.7722
1790731602.2717,19.4913,0.34653,6.7542
1790731602.3250,19.4913,0.34653,6.7542
1790731602.3783,19.4913,0.34653,6.7542
1790731602.4310,19.4913,0.34720,6.7674
1790731602.4860,19.4913,0.34720,6.7674
1790731602.5383,19.4913,0.34720,6.7674
1790731602.5921,19.4900,0.35028,6.8269
1790731602.6459,19.4900,0.35028,6.8269
1790731602.7000,19.4913,0.34685,6.7605
1790731602.7521,19.4913,0.34685,6.7605
1790731602.8050,19.4913,0.34685,6.7605
1790731602.8584,19.4863,0.35933,7.0019
1790731602.9121,19.4863,0.35933,7.0019
1790731602.9651,19.4863,0.35933,7.0019
1790731603.0165,19.4913,0.34618,6.7474
1790731603.0715,19.4913,0.34618,6.7474
1790731603.1251,19.4913,0.34545,6.7333
1790731603.1784,19.4913,0.34545,6.7333
1790731603.2327,19.4913,0.34545,6.7333
1790731603.2850,19.4913,0.34723,6.7678
1790731603.3385,19.4913,0.34723,6.7678
1790731603.3918,19.4913,0.34723,6.7678
1790731603.4452,19.4913,0.34642,6.7523
1790731603.4983,19.4913,0.34642,6.7523
