epoch_s,bus_V,current_A,power_W
1790731762.5803,19.4350,0.50315,9.7787
1790731762.6354,19.4350,0.50315,9.7787
1790731762.6904,19.4350,0.50315,9.7787
1790731762.7454,19.4625,0.42625,8.2959
1790731762.8004,19.4625,0.42625,8.2959
1790731762.8505,19.4625,0.42625,8.2959
1790731762.9052,19.4825,0.37945,7.3926
1790731762.9575,19.4825,0.37945,7.3926
1790731763.0119,19.4825,0.37612,7.3279
1790731763.0669,19.4825,0.37612,7.3279
1790731763.1206,19.4825,0.37612,7.3279
1790731763.1732,19.4825,0.37737,7.3522
1790731763.2263,19.4825,0.37737,7.3522
1790731763.2783,19.4825,0.37737,7.3522
1790731763.3324,19.4825,0.37662,7.3376
1790731763.3863,19.4825,0.37662,7.3376
1790731763.4413,19.4825,0.37577,7.3210
1790731763.4963,19.4825,0.37577,7.3210
1790731763.5490,19.4825,0.37577,7.3210
1790731763.6040,19.4825,0.37670,7.3391
1790731763.6590,19.4825,0.37670,7.3391
1790731763.7140,19.4825,0.37670,7.3391
1790731763.7690,19.4825,0.37673,7.3395
1790731763.8240,19.4825,0.37673,7.3395
1790731763.8790,19.4838,0.37515,7.3093
1790731763.9340,19.4838,0.37515,7.3093
1790731763.9891,19.4838,0.37515,7.3093
1790731764.0441,19.4838,0.37525,7.3113
1790731764.0991,19.4838,0.37525,7.3113
1790731764.1535,19.4825,0.37695,7.3439
1790731764.2085,19.4825,0.37695,7.3439
1790731764.2621,19.4825,0.37695,7.3439
1790731764.3174,19.4838,0.37557,7.3176
1790731764.3723,19.4838,0.37557,7.3176
1790731764.4225,19.4838,0.37557,7.3176
1790731764.4764,19.4825,0.37612,7.3279
1790731764.5275,19.4825,0.37612,7.3279
1790731764.5781,19.4812,0.38063,7.4151
1790731764.6285,19.4812,0.38063,7.4151
1790731764.6807,19.4812,0.38063,7.4151
1790731764.7329,19.4788,0.38705,7.5393
1790731764.7879,19.4788,0.38705,7.5393
1790731764.8390,19.4788,0.38705,7.5393
1790731764.8940,19.4588,0.43955,8.5531
1790731764.9450,19.4588,0.43955,8.5531
1790731765.0000,19.4588,0.43955,8.5531
1790731765.0551,19.4337,0.50410,9.7966
1790731765.1101,19.4337,0.50410,9.7966
1790731765.1605,19.4438,0.47968,9.3267
1790731765.2117,19.4438,0.47968,9.3267
1790731765.2655,19.4438,0.47968,9.3267
1790731765.3165,19.4462,0.47660,9.2681
1790731765.3694,19.4462,0.47660,9.2681
1790731765.4217,19.4462,0.47660,9.2681
1790731765.4728,19.4438,0.48448,9.4200
1790731765.5228,19.4438,0.48448,9.4200
1790731765.5779,19.4475,0.47248,9.1885
1790731765.6329,19.4475,0.47248,9.1885
1790731765.6841,19.4475,0.47248,9.1885
1790731765.7391,19.4488,0.46592,9.0617
1790731765.7941,19.4488,0.46592,9.0617
1790731765.8491,19.4488,0.46592,9.0617
1790731765.9010,19.4500,0.46635,9.0705
1790731765.9540,19.4500,0.46635,9.0705
1790731766.0073,19.4488,0.46608,9.0646
1790731766.0614,19.4488,0.46608,9.0646
1790731766.1124,19.4488,0.46608,9.0646
1790731766.1639,19.4513,0.46240,8.9943
1790731766.2189,19.4513,0.46240,8.9943
1790731766.2739,19.4513,0.46240,8.9943
1790731766.3240,19.4525,0.45625,8.8752
1790731766.3783,19.4525,0.45625,8.8752
1790731766.4287,19.4525,0.45625,8.8752
1790731766.4811,19.4438,0.48045,9.3417
1790731766.5359,19.4438,0.48045,9.3417
1790731766.5902,19.4425,0.48187,9.3689
1790731766.6415,19.4425,0.48187,9.3689
1790731766.6951,19.4425,0.48187,9.3689
1790731766.7459,19.4425,0.48185,9.3684
1790731766.7999,19.4425,0.48185,9.3684
1790731766.8520,19.4425,0.48185,9.3684
1790731766.9070,19.4438,0.48173,9.3665
1790731766.9585,19.4438,0.48173,9.3665
1790731767.0131,19.4438,0.48363,9.4035
1790731767.0637,19.4438,0.48363,9.4035
1790731767.1187,19.4438,0.48363,9.4035
1790731767.1737,19.4438,0.48023,9.3374
1790731767.2287,19.4438,0.48023,9.3374
1790731767.2797,19.4438,0.48023,9.3374
1790731767.3348,19.4425,0.48257,9.3825
1790731767.3898,19.4425,0.48257,9.3825
1790731767.4448,19.4438,0.48318,9.3947
1790731767.4968,19.4438,0.48318,9.3947
1790731767.5518,19.4438,0.48318,9.3947
1790731767.6052,19.4438,0.48223,9.3763
1790731767.6602,19.4438,0.48223,9.3763
1790731767.7125,19.4438,0.48223,9.3763
1790731767.7659,19.4438,0.48263,9.3840
1790731767.8200,19.4438,0.48263,9.3840
1790731767.8743,19.4438,0.48018,9.3364
1790731767.9293,19.4438,0.48018,9.3364
1790731767.9816,19.4438,0.48018,9.3364
1790731768.0359,19.4438,0.48168,9.3656
1790731768.0909,19.4438,0.48168,9.3656
1790731768.1425,19.4438,0.48168,9.3656
1790731768.1975,19.4450,0.47507,9.2378
1790731768.2528,19.4450,0.47507,9.2378
1790731768.3065,19.4525,0.45728,8.8951
1790731768.3575,19.4525,0.45728,8.8951
1790731768.4097,19.4525,0.45728,8.8951
1790731768.4632,19.4500,0.46425,9.0297
1790731768.5140,19.4500,0.46425,9.0297
1790731768.5679,19.4500,0.46425,9.0297
1790731768.6229,19.4525,0.45820,8.9131
1790731768.6758,19.4525,0.45820,8.9131
1790731768.7298,19.4525,0.45758,8.9010
1790731768.7809,19.4525,0.45758,8.9010
1790731768.8323,19.4525,0.45758,8.9010
1790731768.8873,19.4438,0.47890,9.3116
1790731768.9423,19.4438,0.47890,9.3116
1790731768.9976,19.4438,0.47890,9.3116
1790731769.0520,19.4625,0.43338,8.4346
1790731769.1050,19.4625,0.43338,8.4346
1790731769.1560,19.4650,0.42650,8.3018
1790731769.2075,19.4650,0.42650,8.3018
1790731769.2578,19.4650,0.42650,8.3018
1790731769.3128,19.4650,0.42255,8.2249
1790731769.3654,19.4650,0.42255,8.2249
1790731769.4194,19.4650,0.42255,8.2249
1790731769.4730,19.4662,0.42152,8.2055
1790731769.5280,19.4662,0.42152,8.2055
1790731769.5813,19.4662,0.42150,8.2050
1790731769.6363,19.4662,0.42150,8.2050
1790731769.6904,19.4662,0.42150,8.2050
1790731769.7454,19.4638,0.42665,8.3042
1790731769.7969,19.4638,0.42665,8.3042
1790731769.8503,19.4638,0.42665,8.3042
1790731769.9017,19.4650,0.42625,8.2970
1790731769.9532,19.4650,0.42625,8.2970
1790731770.0050,19.4675,0.42095,8.1948
1790731770.0600,19.4675,0.42095,8.1948
1790731770.1129,19.4675,0.42095,8.1948
1790731770.1679,19.4563,0.45067,8.7684
1790731770.2215,19.4563,0.45067,8.7684
1790731770.2765,19.4563,0.45067,8.7684
1790731770.3315,19.4525,0.46040,8.9559
1790731770.3866,19.4525,0.46040,8.9559
1790731770.4416,19.4537,0.45325,8.8174
1790731770.4966,19.4537,0.45325,8.8174
1790731770.5501,19.4537,0.45325,8.8174
1790731770.6052,19.4563,0.44585,8.6746
1790731770.6561,19.4563,0.44585,8.6746
1790731770.7111,19.4563,0.44585,8.6746
1790731770.7652,19.4563,0.45195,8.7933
1790731770.8202,19.4563,0.45195,8.7933
1790731770.8710,19.4313,0.51413,9.9901
1790731770.9225,19.4313,0.51413,9.9901
1790731770.9775,19.4313,0.51413,9.9901
1790731771.0307,19.4187,0.54905,10.6619
1790731771.0835,19.4187,0.54905,10.6619
1790731771.1356,19.4187,0.54905,10.6619
1790731771.1906,19.4238,0.53445,10.3810
1790731771.2457,19.4238,0.53445,10.3810
1790731771.2986,19.4600,0.43710,8.5060
1790731771.3515,19.4600,0.43710,8.5060
1790731771.4025,19.4600,0.43710,8.5060
1790731771.4531,19.4550,0.44550,8.6672
1790731771.5037,19.4550,0.44550,8.6672
1790731771.5565,19.4550,0.44550,8.6672
1790731771.6115,19.4575,0.44748,8.7067
1790731771.6654,19.4575,0.44748,8.7067
1790731771.7160,19.4600,0.44748,8.7079
1790731771.7695,19.4600,0.43710,8.5060
1790731771.8196,19.4600,0.43710,8.5060
1790731771.8746,19.4638,0.42810,8.3324
1790731771.9284,19.4638,0.42810,8.3324
1790731771.9828,19.4638,0.42810,8.3324
1790731772.0358,19.4688,0.41405,8.0610
1790731772.0896,19.4688,0.41405,8.0610
1790731772.1407,19.4688,0.41405,8.0610
1790731772.1951,19.4625,0.42973,8.3635
1790731772.2496,19.4625,0.42973,8.3635
1790731772.3045,19.4550,0.45217,8.7971
1790731772.3595,19.4550,0.45217,8.7971
1790731772.4106,19.4550,0.45217,8.7971
1790731772.4648,19.4612,0.43630,8.4909
1790731772.5165,19.4612,0.43630,8.4909
1790731772.5715,19.4662,0.43630,8.4931
1790731772.6265,19.4662,0.42205,8.2157
1790731772.6816,19.4662,0.42205,8.2157
1790731772.7356,19.4675,0.41987,8.1739
1790731772.7902,19.4675,0.41987,8.1739
1790731772.8452,19.4675,0.41987,8.1739
1790731772.9002,19.4675,0.41973,8.1710
1790731772.9544,19.4675,0.41973,8.1710
1790731773.0048,19.4625,0.43457,8.4579
1790731773.0598,19.4625,0.43457,8.4579
1790731773.1102,19.4625,0.43457,8.4579
1790731773.1650,19.4625,0.42945,8.3582
1790731773.2164,19.4625,0.42945,8.3582
1790731773.2681,19.4625,0.42945,8.3582
1790731773.3195,19.4650,0.42605,8.2931
1790731773.3734,19.4650,0.42605,8.2931
1790731773.4246,19.4650,0.42605,8.2931
1790731773.4797,19.4600,0.43898,8.5425
1790731773.5333,19.4600,0.43898,8.5425
1790731773.5849,19.4612,0.43852,8.5342
1790731773.6399,19.4612,0.43852,8.5342
1790731773.6908,19.4612,0.43852,8.5342
1790731773.7441,19.4550,0.44470,8.6516
1790731773.7975,19.4550,0.44470,8.6516
1790731773.8507,19.4550,0.44470,8.6516
1790731773.9057,19.4563,0.44633,8.6838
1790731773.9566,19.4563,0.44633,8.6838
1790731774.0108,19.4600,0.42955,8.3590
1790731774.0641,19.4600,0.42955,8.3590
1790731774.1175,19.4600,0.42955,8.3590
1790731774.1687,19.4612,0.44230,8.6077
1790731774.2206,19.4612,0.44230,8.6077
1790731774.2756,19.4612,0.44230,8.6077
1790731774.3306,19.4700,0.41332,8.0474
1790731774.3844,19.4700,0.41332,8.0474
1790731774.4394,19.4625,0.43063,8.3810
1790731774.4944,19.4625,0.43063,8.3810
1790731774.5481,19.4625,0.43063,8.3810
1790731774.5987,19.4575,0.44555,8.6693
1790731774.6537,19.4575,0.44555,8.6693
1790731774.7062,19.4575,0.44555,8.6693
1790731774.7612,19.4600,0.43630,8.4904
1790731774.8128,19.4600,0.43630,8.4904
1790731774.8678,19.4600,0.43628,8.4899
1790731774.9195,19.4600,0.43628,8.4899
1790731774.9707,19.4600,0.43628,8.4899
1790731775.0240,19.4612,0.43330,8.4326
1790731775.0754,19.4612,0.43330,8.4326
1790731775.1297,19.4612,0.43330,8.4326
1790731775.1847,19.4563,0.44760,8.7086
1790731775.2386,19.4563,0.44760,8.7086
1790731775.2915,19.4575,0.45342,8.8225
1790731775.3458,19.4575,0.45342,8.8225
1790731775.4008,19.4575,0.45342,8.8225
1790731775.4558,19.4563,0.44758,8.7081
1790731775.5108,19.4563,0.44758,8.7081
1790731775.5613,19.4563,0.44758,8.7081
1790731775.6163,19.4588,0.43912,8.5448
1790731775.6708,19.4588,0.43912,8.5448
1790731775.7259,19.4513,0.45450,8.8406
1790731775.7794,19.4513,0.45450,8.8406
1790731775.8344,19.4513,0.45450,8.8406
1790731775.8853,19.4662,0.42338,8.2415
1790731775.9404,19.4662,0.42338,8.2415
1790731775.9907,19.4662,0.42338,8.2415
1790731776.0457,19.4575,0.44825,8.7218
1790731776.0973,19.4575,0.44825,8.7218
1790731776.1487,19.4500,0.46503,9.0447
1790731776.1998,19.4500,0.46503,9.0447
1790731776.2531,19.4500,0.46503,9.0447
1790731776.3078,19.4475,0.46968,9.1340
1790731776.3596,19.4475,0.46968,9.1340
1790731776.4111,19.4475,0.46968,9.1340
1790731776.4661,19.4563,0.44848,8.7256
1790731776.5191,19.4563,0.44848,8.7256
1790731776.5727,19.4363,0.50325,9.7813
1790731776.6244,19.4363,0.50325,9.7813
1790731776.6758,19.4363,0.50325,9.7813
1790731776.7308,19.4300,0.51927,10.0895
1790731776.7845,19.4300,0.51927,10.0895
1790731776.8397,19.4300,0.51927,10.0895
1790731776.8918,19.4288,0.52040,10.1107
1790731776.9460,19.4288,0.52040,10.1107
1790731776.9992,19.4537,0.52040,10.1237
1790731777.0504,19.4537,0.45803,8.9103
1790731777.1036,19.4537,0.45803,8.9103
1790731777.1577,19.4600,0.43638,8.4919
1790731777.2102,19.4600,0.43638,8.4919
1790731777.2618,19.4600,0.43638,8.4919
1790731777.3130,19.4625,0.43102,8.3888
1790731777.3654,19.4625,0.43102,8.3888
1790731777.4204,19.4625,0.43102,8.3888
1790731777.4754,19.4662,0.42300,8.2342
1790731777.5304,19.4662,0.42300,8.2342
1790731777.5825,19.4638,0.42930,8.3558
1790731777.6375,19.4638,0.42930,8.3558
1790731777.6923,19.4638,0.42930,8.3558
1790731777.7446,19.4713,0.41265,8.0348
1790731777.7967,19.4713,0.41265,8.0348
1790731777.8474,19.4713,0.41265,8.0348
1790731777.9024,19.4688,0.41185,8.0182
1790731777.9569,19.4688,0.41185,8.0182
1790731778.0102,19.4725,0.40608,7.9073
1790731778.0624,19.4725,0.40608,7.9073
1790731778.1125,19.4725,0.40608,7.9073
1790731778.1671,19.4700,0.40985,7.9798
1790731778.2202,19.4700,0.40985,7.9798
1790731778.2702,19.4700,0.40985,7.9798
1790731778.3249,19.4638,0.43052,8.3796
1790731778.3769,19.4638,0.43052,8.3796
1790731778.4303,19.4688,0.41378,8.0557
1790731778.4853,19.4688,0.41378,8.0557
1790731778.5381,19.4688,0.41378,8.0557
1790731778.5931,19.4650,0.42305,8.2347
1790731778.6442,19.4650,0.42305,8.2347
1790731778.6944,19.4650,0.42305,8.2347
1790731778.7457,19.4650,0.42175,8.2094
1790731778.7990,19.4650,0.42175,8.2094
1790731778.8523,19.4650,0.42175,8.2094
1790731778.9047,19.4675,0.42128,8.2012
1790731778.9597,19.4675,0.42128,8.2012
1790731779.0114,19.4662,0.42102,8.1958
1790731779.0637,19.4662,0.42102,8.1958
1790731779.1181,19.4662,0.42102,8.1958
1790731779.1714,19.4700,0.41465,8.0732
1790731779.2247,19.4700,0.41465,8.0732
1790731779.2798,19.4700,0.41465,8.0732
1790731779.3342,19.4662,0.42550,8.2829
1790731779.3870,19.4662,0.42550,8.2829
1790731779.4386,19.4662,0.41957,8.1676
1790731779.4915,19.4662,0.41957,8.1676
1790731779.5419,19.4662,0.41957,8.1676
1790731779.5952,19.4688,0.41745,8.1272
1790731779.6456,19.4688,0.41745,8.1272
1790731779.6977,19.4688,0.41745,8.1272
1790731779.7489,19.4650,0.42740,8.3193
1790731779.7999,19.4650,0.42740,8.3193
1790731779.8545,19.4625,0.42740,8.3183
1790731779.9062,19.4625,0.43508,8.4676
1790731779.9612,19.4625,0.43508,8.4676
1790731780.0129,19.4638,0.42820,8.3344
1790731780.0648,19.4638,0.42820,8.3344
1790731780.1198,19.4638,0.42820,8.3344
1790731780.1715,19.4638,0.43093,8.3874
1790731780.2248,19.4638,0.43093,8.3874
1790731780.2799,19.4638,0.43093,8.3874
1790731780.3319,19.4675,0.41968,8.1700
1790731780.3844,19.4675,0.41968,8.1700
1790731780.4380,19.4575,0.44495,8.6576
1790731780.4884,19.4575,0.44495,8.6576
1790731780.5408,19.4575,0.44495,8.6576
1790731780.5959,19.4537,0.45765,8.9030
1790731780.6465,19.4537,0.45765,8.9030
1790731780.6995,19.4537,0.45765,8.9030
1790731780.7508,19.4537,0.45397,8.8315
1790731780.8059,19.4537,0.45397,8.8315
1790731780.8609,19.4475,0.47410,9.2201
1790731780.9126,19.4475,0.47410,9.2201
1790731780.9676,19.4475,0.47410,9.2201
1790731781.0220,19.4525,0.45665,8.8830
1790731781.0770,19.4525,0.45665,8.8830
1790731781.1316,19.4525,0.45665,8.8830
1790731781.1849,19.4488,0.47390,9.2168
1790731781.2392,19.4488,0.47390,9.2168
1790731781.2907,19.4425,0.48823,9.4923
1790731781.3450,19.4425,0.48823,9.4923
1790731781.4000,19.4425,0.48823,9.4923
1790731781.4550,19.4413,0.48922,9.5111
1790731781.5069,19.4413,0.48922,9.5111
1790731781.5583,19.4413,0.48922,9.5111
1790731781.6092,19.4425,0.48255,9.3820
1790731781.6639,19.4425,0.48255,9.3820
1790731781.7183,19.4550,0.45303,8.8136
1790731781.7717,19.4550,0.45303,8.8136
1790731781.8260,19.4550,0.45303,8.8136
1790731781.8773,19.4537,0.45732,8.8967
1790731781.9306,19.4537,0.45732,8.8967
1790731781.9850,19.4537,0.45732,8.8967
1790731782.0352,19.4563,0.45293,8.8122
1790731782.0903,19.4563,0.45293,8.8122
1790731782.1425,19.4575,0.44940,8.7442
1790731782.1945,19.4575,0.44940,8.7442
1790731782.2468,19.4575,0.44940,8.7442
1790731782.2991,19.4662,0.42215,8.2177
1790731782.3541,19.4662,0.42215,8.2177
1790731782.4056,19.4662,0.42215,8.2177
1790731782.4562,19.4688,0.41423,8.0644
1790731782.5079,19.4688,0.41423,8.0644
1790731782.5618,19.4688,0.41423,8.0644
1790731782.6168,19.4625,0.43500,8.4662
1790731782.6713,19.4625,0.43500,8.4662
1790731782.7231,19.4650,0.42428,8.2585
1790731782.7781,19.4650,0.42428,8.2585
1790731782.8331,19.4650,0.42428,8.2585
1790731782.8841,19.4688,0.41400,8.0601
1790731782.9392,19.4688,0.41400,8.0601
1790731782.9943,19.4662,0.41400,8.0590
1790731783.0493,19.4662,0.42608,8.2941
1790731783.1030,19.4662,0.42608,8.2941
1790731783.1578,19.4662,0.42778,8.3272
1790731783.2118,19.4662,0.42778,8.3272
1790731783.2628,19.4662,0.42778,8.3272
1790731783.3142,19.4650,0.43080,8.3855
1790731783.3675,19.4650,0.43080,8.3855
1790731783.4223,19.4650,0.43080,8.3855
1790731783.4763,19.4713,0.40978,7.9788
1790731783.5274,19.4713,0.40978,7.9788
1790731783.5823,19.4662,0.42192,8.2133
1790731783.6351,19.4662,0.42192,8.2133
1790731783.6872,19.4662,0.42192,8.2133
1790731783.7423,19.4750,0.39960,7.7822
1790731783.7954,19.4750,0.39960,7.7822
1790731783.8495,19.4750,0.39960,7.7822
1790731783.9045,19.4737,0.40428,7.8728
1790731783.9586,19.4737,0.40428,7.8728
1790731784.0136,19.4737,0.40463,7.8796
1790731784.0641,19.4737,0.40463,7.8796
1790731784.1157,19.4737,0.40463,7.8796
1790731784.1707,19.4550,0.45210,8.7956
1790731784.2253,19.4550,0.45210,8.7956
1790731784.2796,19.4588,0.45210,8.7973
1790731784.3335,19.4588,0.44462,8.6518
1790731784.3880,19.4588,0.44462,8.6518
1790731784.4416,19.4675,0.42240,8.2231
1790731784.4920,19.4675,0.42240,8.2231
1790731784.5453,19.4675,0.42240,8.2231
1790731784.5984,19.4688,0.41730,8.1243
1790731784.6520,19.4688,0.41730,8.1243
1790731784.7053,19.4688,0.41730,8.1243
1790731784.7601,19.4638,0.42820,8.3344
1790731784.8120,19.4638,0.42820,8.3344
1790731784.8667,19.4638,0.43052,8.3796
1790731784.9168,19.4638,0.43052,8.3796
1790731784.9702,19.4638,0.43052,8.3796
1790731785.0245,19.4675,0.41887,8.1544
1790731785.0787,19.4675,0.41887,8.1544
1790731785.1332,19.4675,0.41887,8.1544
1790731785.1866,19.4638,0.43017,8.3728
1790731785.2387,19.4638,0.43017,8.3728
1790731785.2920,19.4638,0.43095,8.3879
1790731785.3464,19.4638,0.43095,8.3879
1790731785.4000,19.4638,0.43095,8.3879
1790731785.4514,19.4588,0.44173,8.5954
1790731785.5054,19.4588,0.44173,8.5954
1790731785.5582,19.4588,0.44173,8.5954
1790731785.6121,19.4600,0.43888,8.5405
1790731785.6631,19.4600,0.43888,8.5405
1790731785.7181,19.4638,0.42910,8.3519
1790731785.7721,19.4638,0.42910,8.3519
1790731785.8255,19.4638,0.42910,8.3519
1790731785.8804,19.4675,0.42030,8.1822
1790731785.9338,19.4675,0.42030,8.1822
1790731785.9871,19.4675,0.42030,8.1822
1790731786.0388,19.4688,0.41300,8.0406
1790731786.0932,19.4688,0.41300,8.0406
1790731786.1482,19.4688,0.41455,8.0708
1790731786.1988,19.4688,0.41455,8.0708
1790731786.2534,19.4688,0.41455,8.0708
1790731786.3079,19.4650,0.42413,8.2556
1790731786.3588,19.4650,0.42413,8.2556
1790731786.4138,19.4650,0.42413,8.2556
1790731786.4656,19.4625,0.43235,8.4146
1790731786.5169,19.4625,0.43235,8.4146
1790731786.5673,19.4650,0.42520,8.2765
1790731786.6223,19.4650,0.42520,8.2765
1790731786.6751,19.4650,0.42520,8.2765
1790731786.7256,19.4625,0.43595,8.4847
1790731786.7807,19.4625,0.43595,8.4847
1790731786.8311,19.4625,0.43595,8.4847
1790731786.8814,19.4638,0.42960,8.3616
1790731786.9319,19.4638,0.42960,8.3616
1790731786.9870,19.4638,0.42960,8.3616
1790731787.0395,19.4638,0.43043,8.3777
1790731787.0925,19.4638,0.43043,8.3777
1790731787.1476,19.4638,0.42933,8.3563
1790731787.2026,19.4638,0.42933,8.3563
1790731787.2533,19.4638,0.42933,8.3563
1790731787.3036,19.4638,0.42935,8.3568
1790731787.3587,19.4638,0.42935,8.3568
1790731787.4129,19.4638,0.42935,8.3568
1790731787.4680,19.4713,0.40900,7.9637
1790731787.5199,19.4713,0.40900,7.9637
1790731787.5720,19.4713,0.40957,7.9749
1790731787.6270,19.4713,0.40957,7.9749
1790731787.6794,19.4713,0.40957,7.9749
1790731787.7344,19.4675,0.41978,8.1720
1790731787.7856,19.4675,0.41978,8.1720
1790731787.8407,19.4675,0.41978,8.1720
1790731787.8950,19.4513,0.46427,9.0307
1790731787.9499,19.4513,0.46427,9.0307
1790731788.0047,19.4600,0.44010,8.5643
1790731788.0561,19.4600,0.44010,8.5643
1790731788.1112,19.4600,0.44010,8.5643
1790731788.1662,19.4588,0.44415,8.6426
1790731788.2193,19.4588,0.44415,8.6426
1790731788.2743,19.4588,0.44415,8.6426
1790731788.3259,19.4662,0.42190,8.2128
1790731788.3765,19.4662,0.42190,8.2128
1790731788.4278,19.4625,0.43352,8.4375
1790731788.4789,19.4625,0.43352,8.4375
1790731788.5324,19.4625,0.43352,8.4375
1790731788.5847,19.4612,0.43648,8.4943
1790731788.6380,19.4612,0.43648,8.4943
1790731788.6931,19.4612,0.43648,8.4943
1790731788.7468,19.4638,0.42933,8.3563
1790731788.8018,19.4638,0.42933,8.3563
1790731788.8568,19.4575,0.44717,8.7009
1790731788.9086,19.4575,0.44717,8.7009
1790731788.9598,19.4575,0.44717,8.7009
1790731789.0099,19.4600,0.43883,8.5395
1790731789.0604,19.4600,0.43883,8.5395
1790731789.1122,19.4600,0.43883,8.5395
1790731789.1625,19.4625,0.43300,8.4273
1790731789.2169,19.4625,0.43300,8.4273
1790731789.2719,19.4625,0.43300,8.4273
1790731789.3269,19.4650,0.42738,8.3189
1790731789.3820,19.4650,0.42738,8.3189
1790731789.4370,19.4725,0.40555,7.8971
1790731789.4890,19.4725,0.40555,7.8971
1790731789.5420,19.4725,0.40555,7.8971
1790731789.5971,19.4725,0.40813,7.9472
1790731789.6521,19.4725,0.40813,7.9472
1790731789.7071,19.4775,0.40813,7.9493
1790731789.7582,19.4775,0.39160,7.6274
1790731789.8126,19.4775,0.39160,7.6274
1790731789.8659,19.4763,0.39643,7.7209
1790731789.9193,19.4763,0.39643,7.7209
1790731789.9702,19.4763,0.39643,7.7209
1790731790.0252,19.4750,0.40065,7.8027
1790731790.0770,19.4750,0.40065,7.8027
1790731790.1312,19.4750,0.40065,7.8027
1790731790.1862,19.4713,0.40965,7.9764
1790731790.2388,19.4713,0.40965,7.9764
1790731790.2933,19.4737,0.40190,7.8265
1790731790.3483,19.4737,0.40190,7.8265
1790731790.3986,19.4737,0.40190,7.8265
1790731790.4503,19.4700,0.41393,8.0591
1790731790.5008,19.4700,0.41393,8.0591
1790731790.5558,19.4700,0.41393,8.0591
1790731790.6060,19.4713,0.40910,7.9657
1790731790.6610,19.4713,0.40910,7.9657
1790731790.7161,19.4625,0.43088,8.3859
1790731790.7684,19.4625,0.43088,8.3859
1790731790.8217,19.4625,0.43088,8.3859
1790731790.8746,19.4612,0.43523,8.4700
1790731790.9284,19.4612,0.43523,8.4700
1790731790.9798,19.4612,0.43523,8.4700
1790731791.0298,19.4600,0.44017,8.5658
1790731791.0824,19.4600,0.44017,8.5658
1790731791.1374,19.4662,0.42223,8.2191
1790731791.1874,19.4662,0.42223,8.2191
1790731791.2424,19.4662,0.42223,8.2191
1790731791.2949,19.4638,0.42995,8.3684
1790731791.3500,19.4638,0.42995,8.3684
1790731791.4032,19.4638,0.42995,8.3684
1790731791.4582,19.4638,0.42995,8.3684
1790731791.5099,19.4638,0.42995,8.3684
1790731791.5636,19.4625,0.42995,8.3679
1790731791.6186,19.4625,0.43583,8.4822
1790731791.6736,19.4625,0.43583,8.4822
1790731791.7240,19.4638,0.42980,8.3655
1790731791.7768,19.4638,0.42980,8.3655
1790731791.8309,19.4638,0.42980,8.3655
1790731791.8851,19.4700,0.41487,8.0776
1790731791.9401,19.4700,0.41487,8.0776
1790731791.9930,19.4612,0.43212,8.4097
1790731792.0472,19.4612,0.43212,8.4097
1790731792.1023,19.4612,0.43212,8.4097
1790731792.1573,19.4625,0.43363,8.4394
1790731792.2086,19.4625,0.43363,8.4394
1790731792.2596,19.4625,0.43363,8.4394
1790731792.3146,19.4600,0.44118,8.5853
1790731792.3696,19.4600,0.44118,8.5853
1790731792.4247,19.4588,0.44438,8.6470
1790731792.4797,19.4588,0.44438,8.6470
1790731792.5329,19.4588,0.44438,8.6470
1790731792.5879,19.4600,0.43935,8.5498
1790731792.6416,19.4600,0.43935,8.5498
1790731792.6963,19.4600,0.43935,8.5498
1790731792.7476,19.4675,0.42093,8.1944
1790731792.8007,19.4675,0.42093,8.1944
1790731792.8510,19.4612,0.43775,8.5192
1790731792.9017,19.4612,0.43775,8.5192
1790731792.9533,19.4612,0.43775,8.5192
1790731793.0083,19.4638,0.42852,8.3407
1790731793.0606,19.4638,0.42852,8.3407
1790731793.1126,19.4638,0.42852,8.3407
1790731793.1632,19.4638,0.43135,8.3957
1790731793.2182,19.4638,0.43135,8.3957
1790731793.2686,19.4638,0.43135,8.3957
1790731793.3202,19.4662,0.41968,8.1695
1790731793.3712,19.4662,0.41968,8.1695
1790731793.4262,19.4638,0.43030,8.3753
1790731793.4812,19.4638,0.43030,8.3753
1790731793.5362,19.4638,0.43030,8.3753
1790731793.5908,19.4662,0.42350,8.2440
1790731793.6458,19.4662,0.42350,8.2440
1790731793.7005,19.4662,0.42350,8.2440
1790731793.7556,19.4650,0.42745,8.3203
1790731793.8074,19.4650,0.42745,8.3203
1790731793.8586,19.4675,0.41805,8.1384
1790731793.9136,19.4675,0.41805,8.1384
1790731793.9656,19.4675,0.41805,8.1384
1790731794.0190,19.4688,0.41685,8.1155
1790731794.0719,19.4688,0.41685,8.1155
1790731794.1269,19.4688,0.41685,8.1155
1790731794.1819,19.4650,0.42875,8.3456
1790731794.2363,19.4650,0.42875,8.3456
1790731794.2913,19.4675,0.41817,8.1408
1790731794.3463,19.4675,0.41817,8.1408
1790731794.4014,19.4675,0.41817,8.1408
1790731794.4564,19.4588,0.44273,8.6149
1790731794.5114,19.4588,0.44273,8.6149
1790731794.5640,19.4600,0.43933,8.5493
1790731794.6158,19.4600,0.43933,8.5493
1790731794.6683,19.4600,0.43933,8.5493
1790731794.7233,19.4625,0.43323,8.4316
1790731794.7754,19.4625,0.43323,8.4316
1790731794.8256,19.4625,0.43323,8.4316
1790731794.8800,19.4588,0.44383,8.6363
1790731794.9317,19.4588,0.44383,8.6363
1790731794.9820,19.4588,0.44383,8.6363
1790731795.0320,19.4600,0.43857,8.5347
1790731795.0840,19.4600,0.43857,8.5347
1790731795.1386,19.4575,0.44660,8.6897
1790731795.1921,19.4575,0.44660,8.6897
1790731795.2471,19.4575,0.44660,8.6897
1790731795.2996,19.4612,0.43845,8.5328
1790731795.3506,19.4612,0.43845,8.5328
1790731795.4038,19.4612,0.43845,8.5328
1790731795.4560,19.4625,0.43585,8.4827
1790731795.5069,19.4625,0.43585,8.4827
1790731795.5577,19.4625,0.43585,8.4827
1790731795.6127,19.4662,0.42450,8.2634
1790731795.6645,19.4662,0.42450,8.2634
1790731795.7178,19.4700,0.41268,8.0348
1790731795.7711,19.4700,0.41268,8.0348
1790731795.8261,19.4700,0.41268,8.0348
1790731795.8811,19.4725,0.40855,7.9555
1790731795.9316,19.4725,0.40855,7.9555
1790731795.9824,19.4725,0.40855,7.9555
1790731796.0326,19.4713,0.41050,7.9929
1790731796.0868,19.4713,0.41050,7.9929
1790731796.1368,19.4750,0.40068,7.8031
1790731796.1918,19.4750,0.40068,7.8031
1790731796.2468,19.4750,0.40068,7.8031
1790731796.3012,19.4737,0.40270,7.8421
1790731796.3562,19.4737,0.40270,7.8421
1790731796.4113,19.4737,0.40270,7.8421
1790731796.4652,19.4662,0.42365,8.2469
1790731796.5182,19.4662,0.42365,8.2469
1790731796.5701,19.4675,0.41852,8.1476
1790731796.6251,19.4675,0.41852,8.1476
1790731796.6792,19.4675,0.41852,8.1476
1790731796.7315,19.4700,0.41242,8.0299
1790731796.7816,19.4700,0.41242,8.0299
1790731796.8366,19.4700,0.41242,8.0299
1790731796.8895,19.4662,0.42250,8.2245
1790731796.9444,19.4662,0.42250,8.2245
1790731796.9961,19.4700,0.41380,8.0567
1790731797.0493,19.4700,0.41380,8.0567
1790731797.0993,19.4700,0.41380,8.0567
1790731797.1522,19.4638,0.42985,8.3665
1790731797.2036,19.4638,0.42985,8.3665
1790731797.2586,19.4638,0.42985,8.3665
1790731797.3129,19.4675,0.42247,8.2245
1790731797.3637,19.4675,0.42247,8.2245
1790731797.4160,19.4675,0.42247,8.2245
1790731797.4673,19.4662,0.42168,8.2084
1790731797.5223,19.4662,0.42168,8.2084
1790731797.5734,19.4688,0.41707,8.1199
1790731797.6284,19.4688,0.41707,8.1199
1790731797.6817,19.4688,0.41707,8.1199
1790731797.7327,19.4662,0.42565,8.2858
1790731797.7838,19.4662,0.42565,8.2858
1790731797.8385,19.4662,0.42565,8.2858
1790731797.8936,19.4713,0.41047,7.9925
1790731797.9486,19.4713,0.41047,7.9925
1790731797.9994,19.4713,0.41090,8.0007
1790731798.0496,19.4713,0.41090,8.0007
1790731798.1047,19.4713,0.41090,8.0007
1790731798.1592,19.4700,0.41323,8.0455
1790731798.2142,19.4700,0.41323,8.0455
1790731798.2664,19.4700,0.41323,8.0455
1790731798.3194,19.4675,0.41997,8.1759
1790731798.3728,19.4675,0.41997,8.1759
1790731798.4238,19.4675,0.41790,8.1355
1790731798.4758,19.4675,0.41790,8.1355
1790731798.5274,19.4675,0.41790,8.1355
1790731798.5799,19.4662,0.42423,8.2581
1790731798.6349,19.4662,0.42423,8.2581
1790731798.6865,19.4662,0.42423,8.2581
1790731798.7382,19.4650,0.42905,8.3515
1790731798.7910,19.4650,0.42905,8.3515
1790731798.8441,19.4650,0.42905,8.3515
1790731798.8959,19.4600,0.43890,8.5410
1790731798.9464,19.4600,0.43890,8.5410
1790731799.0014,19.4588,0.44680,8.6942
1790731799.0553,19.4588,0.44680,8.6942
1790731799.1103,19.4588,0.44680,8.6942
1790731799.1653,19.4612,0.43785,8.5211
1790731799.2203,19.4612,0.43785,8.5211
1790731799.2723,19.4612,0.43785,8.5211
1790731799.3273,19.4588,0.44250,8.6105
1790731799.3813,19.4588,0.44250,8.6105
1790731799.4338,19.4600,0.44005,8.5634
1790731799.4869,19.4600,0.44005,8.5634
1790731799.5405,19.4600,0.44005,8.5634
1790731799.5928,19.4650,0.42657,8.3033
1790731799.6478,19.4650,0.42657,8.3033
1790731799.7019,19.4625,0.42657,8.3022
1790731799.7569,19.4625,0.43488,8.4638
1790731799.8105,19.4625,0.43488,8.4638
1790731799.8655,19.4588,0.44528,8.6645
1790731799.9193,19.4588,0.44528,8.6645
1790731799.9701,19.4588,0.44528,8.6645
1790731800.0251,19.4588,0.44618,8.6820
1790731800.0774,19.4588,0.44618,8.6820
1790731800.1306,19.4600,0.44618,8.6826
1790731800.1853,19.4600,0.43900,8.5429
1790731800.2403,19.4600,0.43900,8.5429
1790731800.2924,19.4625,0.43368,8.4404
1790731800.3474,19.4625,0.43368,8.4404
1790731800.4011,19.4625,0.43368,8.4404
1790731800.4531,19.4550,0.45408,8.8340
1790731800.5081,19.4550,0.45408,8.8340
1790731800.5598,19.4537,0.45408,8.8335
1790731800.6140,19.4537,0.45543,8.8597
1790731800.6669,19.4537,0.45543,8.8597
1790731800.7190,19.4575,0.44748,8.7067
1790731800.7696,19.4575,0.44748,8.7067
1790731800.8214,19.4575,0.44748,8.7067
1790731800.8736,19.4537,0.45845,8.9186
1790731800.9286,19.4537,0.45845,8.9186
1790731800.9836,19.4537,0.45845,8.9186
1790731801.0380,19.4588,0.44350,8.6300
1790731801.0930,19.4588,0.44350,8.6300
1790731801.1445,19.4575,0.44790,8.7150
1790731801.1952,19.4575,0.44790,8.7150
1790731801.2501,19.4575,0.44790,8.7150
1790731801.3020,19.4612,0.43420,8.4501
1790731801.3555,19.4612,0.43420,8.4501
1790731801.4069,19.4612,0.43420,8.4501
1790731801.4619,19.4588,0.44445,8.6484
1790731801.5169,19.4588,0.44445,8.6484
1790731801.5707,19.4600,0.43968,8.5561
1790731801.6258,19.4600,0.43968,8.5561
1790731801.6808,19.4600,0.43968,8.5561
1790731801.7319,19.4600,0.43973,8.5570
1790731801.7862,19.4600,0.43973,8.5570
1790731801.8412,19.4600,0.43973,8.5570
1790731801.8940,19.4588,0.44638,8.6859
1790731801.9452,19.4588,0.44638,8.6859
1790731802.0002,19.4600,0.44185,8.5984
1790731802.0544,19.4600,0.44185,8.5984
1790731802.1078,19.4600,0.44185,8.5984
1790731802.1612,19.4650,0.42720,8.3154
1790731802.2116,19.4650,0.42720,8.3154
1790731802.2657,19.4650,0.42720,8.3154
1790731802.3185,19.4688,0.41813,8.1404
1790731802.3687,19.4688,0.41813,8.1404
1790731802.4215,19.4675,0.41950,8.1666
1790731802.4765,19.4675,0.41950,8.1666
1790731802.5291,19.4675,0.41950,8.1666
1790731802.5834,19.4650,0.42615,8.2950
1790731802.6384,19.4650,0.42615,8.2950
1790731802.6933,19.4650,0.42615,8.2950
1790731802.7466,19.4662,0.42462,8.2659
1790731802.7989,19.4662,0.42462,8.2659
1790731802.8529,19.4650,0.42855,8.3417
1790731802.9063,19.4650,0.42855,8.3417
1790731802.9607,19.4650,0.42855,8.3417
1790731803.0157,19.4650,0.42652,8.3023
1790731803.0674,19.4650,0.42652,8.3023
1790731803.1207,19.4650,0.42652,8.3023
1790731803.1741,19.4625,0.43445,8.4555
1790731803.2266,19.4625,0.43445,8.4555
1790731803.2808,19.4650,0.42703,8.3120
1790731803.3341,19.4650,0.42703,8.3120
1790731803.3859,19.4650,0.42703,8.3120
1790731803.4408,19.4675,0.42283,8.2313
1790731803.4930,19.4675,0.42283,8.2313
1790731803.5475,19.4675,0.42283,8.2313
1790731803.6009,19.4662,0.42258,8.2260
1790731803.6541,19.4662,0.42258,8.2260
1790731803.7045,19.4625,0.43258,8.4190
1790731803.7553,19.4625,0.43258,8.4190
1790731803.8066,19.4625,0.43258,8.4190
1790731803.8580,19.4662,0.42500,8.2732
1790731803.9098,19.4662,0.42500,8.2732
1790731803.9649,19.4662,0.42500,8.2732
1790731804.0168,19.4638,0.43183,8.4049
1790731804.0709,19.4638,0.43183,8.4049
1790731804.1234,19.4638,0.43183,8.4049
1790731804.1761,19.4650,0.42495,8.2717
1790731804.2311,19.4650,0.42495,8.2717
1790731804.2862,19.4638,0.43015,8.3723
1790731804.3370,19.4638,0.43015,8.3723
1790731804.3876,19.4638,0.43015,8.3723
1790731804.4389,19.4625,0.43418,8.4501
1790731804.4939,19.4625,0.43418,8.4501
1790731804.5476,19.4625,0.43418,8.4501
1790731804.6009,19.4500,0.46623,9.0681
1790731804.6542,19.4500,0.46623,9.0681
1790731804.7057,19.4475,0.47385,9.2152
1790731804.7589,19.4475,0.47385,9.2152
1790731804.8095,19.4475,0.47385,9.2152
1790731804.8645,19.4600,0.43962,8.5551
1790731804.9157,19.4600,0.43962,8.5551
1790731804.9699,19.4600,0.43962,8.5551
1790731805.0249,19.4600,0.44160,8.5935
1790731805.0765,19.4600,0.44160,8.5935
1790731805.1301,19.4612,0.43793,8.5226
1790731805.1851,19.4612,0.43793,8.5226
1790731805.2385,19.4612,0.43793,8.5226
1790731805.2913,19.4600,0.44017,8.5658
1790731805.3425,19.4600,0.44017,8.5658
1790731805.3925,19.4600,0.44017,8.5658
1790731805.4475,19.4600,0.44245,8.6101
1790731805.4978,19.4600,0.44245,8.6101
1790731805.5528,19.4600,0.44245,8.6101
1790731805.6078,19.4588,0.44523,8.6635
1790731805.6628,19.4588,0.44523,8.6635
1790731805.7153,19.4563,0.45020,8.7592
1790731805.7683,19.4563,0.45020,8.7592
1790731805.8196,19.4563,0.45020,8.7592
1790731805.8714,19.4588,0.44478,8.6548
1790731805.9224,19.4588,0.44478,8.6548
1790731805.9735,19.4588,0.44478,8.6548
1790731806.0280,19.4662,0.42512,8.2756
1790731806.0811,19.4662,0.42512,8.2756
1790731806.1344,19.4688,0.41983,8.1735
1790731806.1854,19.4688,0.41983,8.1735
1790731806.2400,19.4688,0.41983,8.1735
1790731806.2950,19.4700,0.41355,8.0518
1790731806.3463,19.4700,0.41355,8.0518
1790731806.4011,19.4700,0.41355,8.0518
1790731806.4541,19.4688,0.41665,8.1117
1790731806.5078,19.4688,0.41665,8.1117
1790731806.5628,19.4675,0.42185,8.2124
1790731806.6164,19.4675,0.42185,8.2124
1790731806.6709,19.4675,0.42185,8.2124
1790731806.7211,19.4638,0.43198,8.4079
1790731806.7745,19.4638,0.43198,8.4079
1790731806.8249,19.4638,0.43198,8.4079
1790731806.8768,19.4662,0.42742,8.3204
1790731806.9318,19.4662,0.42742,8.3204
1790731806.9864,19.4700,0.41668,8.1127
1790731807.0412,19.4700,0.41668,8.1127
1790731807.0945,19.4700,0.41668,8.1127
1790731807.1467,19.4662,0.42540,8.2809
1790731807.2012,19.4662,0.42540,8.2809
1790731807.2562,19.4662,0.42540,8.2809
1790731807.3113,19.4638,0.43125,8.3937
1790731807.3663,19.4638,0.43125,8.3937
1790731807.4201,19.4575,0.44753,8.7077
1790731807.4745,19.4575,0.44753,8.7077
1790731807.5260,19.4575,0.44753,8.7077
1790731807.5810,19.4612,0.43778,8.5196
1790731807.6326,19.4612,0.43778,8.5196
1790731807.6841,19.4612,0.43778,8.5196
1790731807.7391,19.4662,0.42583,8.2892
1790731807.7903,19.4662,0.42583,8.2892
1790731807.8423,19.4625,0.42583,8.2876
1790731807.8951,19.4625,0.43347,8.4365
1790731807.9502,19.4625,0.43347,8.4365
1790731808.0017,19.4625,0.43317,8.4307
1790731808.0539,19.4625,0.43317,8.4307
1790731808.1080,19.4625,0.43317,8.4307
1790731808.1613,19.4650,0.42995,8.3690
1790731808.2136,19.4650,0.42995,8.3690
1790731808.2685,19.4650,0.42995,8.3690
1790731808.3218,19.4575,0.44293,8.6182
1790731808.3747,19.4575,0.44293,8.6182
1790731808.4284,19.4612,0.43515,8.4686
1790731808.4830,19.4612,0.43515,8.4686
1790731808.5347,19.4612,0.43515,8.4686
1790731808.5892,19.4588,0.44600,8.6786
1790731808.6414,19.4588,0.44600,8.6786
1790731808.6947,19.4588,0.44600,8.6786
1790731808.7480,19.4638,0.43183,8.4049
1790731808.8014,19.4638,0.43183,8.4049
1790731808.8547,19.4638,0.43205,8.4093
1790731808.9073,19.4638,0.43205,8.4093
1790731808.9623,19.4638,0.43205,8.4093
1790731809.0140,19.4625,0.43310,8.4292
1790731809.0681,19.4625,0.43310,8.4292
1790731809.1214,19.4625,0.43310,8.4292
1790731809.1730,19.4625,0.43310,8.4292
1790731809.2237,19.4625,0.43310,8.4292
1790731809.2771,19.4638,0.43058,8.3806
1790731809.3321,19.4638,0.43058,8.3806
1790731809.3835,19.4638,0.43058,8.3806
1790731809.4383,19.4625,0.43583,8.4822
1790731809.4918,19.4625,0.43583,8.4822
1790731809.5452,19.4625,0.43583,8.4822
1790731809.6003,19.4650,0.43003,8.3704
1790731809.6548,19.4650,0.43003,8.3704
1790731809.7098,19.4638,0.43052,8.3796
1790731809.7615,19.4638,0.43052,8.3796
1790731809.8156,19.4638,0.43052,8.3796
1790731809.8690,19.4638,0.43093,8.3874
1790731809.9215,19.4638,0.43093,8.3874
1790731809.9740,19.4638,0.43093,8.3874
1790731810.0272,19.4600,0.44088,8.5794
1790731810.0815,19.4600,0.44088,8.5794
1790731810.1354,19.4600,0.44075,8.5770
1790731810.1905,19.4600,0.44075,8.5770
1790731810.2410,19.4600,0.44075,8.5770
1790731810.2953,19.4638,0.43052,8.3796
1790731810.3504,19.4638,0.43052,8.3796
1790731810.4015,19.4638,0.43052,8.3796
1790731810.4549,19.4662,0.42555,8.2839
1790731810.5099,19.4662,0.42555,8.2839
1790731810.5628,19.4638,0.43270,8.4220
1790731810.6167,19.4638,0.43270,8.4220
1790731810.6703,19.4638,0.43270,8.4220
1790731810.7253,19.4675,0.42125,8.2007
1790731810.7803,19.4675,0.42125,8.2007
1790731810.8344,19.4675,0.42125,8.2007
1790731810.8851,19.4713,0.41023,7.9876
1790731810.9401,19.4713,0.41023,7.9876
1790731810.9909,19.4688,0.41792,8.1365
1790731811.0413,19.4688,0.41792,8.1365
1790731811.0946,19.4688,0.41792,8.1365
1790731811.1493,19.4700,0.41347,8.0504
1790731811.2011,19.4700,0.41347,8.0504
1790731811.2550,19.4700,0.41347,8.0504
1790731811.3080,19.4700,0.41538,8.0874
1790731811.3609,19.4700,0.41538,8.0874
1790731811.4139,19.4700,0.41273,8.0358
1790731811.4672,19.4700,0.41273,8.0358
1790731811.5217,19.4700,0.41273,8.0358
1790731811.5750,19.4713,0.41258,8.0334
1790731811.6254,19.4713,0.41258,8.0334
1790731811.6767,19.4713,0.41258,8.0334
1790731811.7301,19.4713,0.41068,7.9964
1790731811.7851,19.4713,0.41068,7.9964
1790731811.8363,19.4713,0.41068,7.9964
1790731811.8877,19.4725,0.40850,7.9545
1790731811.9418,19.4725,0.40850,7.9545
1790731811.9968,19.4700,0.41478,8.0757
1790731812.0518,19.4700,0.41478,8.0757
1790731812.1069,19.4700,0.41478,8.0757
1790731812.1627,19.4737,0.40480,7.8830
1790731812.2177,19.4737,0.40480,7.8830
1790731812.2710,19.4737,0.40508,7.8883
1790731812.3260,19.4737,0.40508,7.8883
1790731812.3807,19.4737,0.40508,7.8883
1790731812.4308,19.4750,0.40203,7.8294
1790731812.4821,19.4750,0.40203,7.8294
1790731812.5351,19.4750,0.40203,7.8294
1790731812.5852,19.4725,0.40928,7.9696
1790731812.6362,19.4725,0.40928,7.9696
1790731812.6912,19.4725,0.40928,7.9696
1790731812.7462,19.4750,0.40160,7.8212
1790731812.8012,19.4750,0.40160,7.8212
1790731812.8562,19.4750,0.40222,7.8333
1790731812.9098,19.4750,0.40222,7.8333
1790731812.9637,19.4750,0.40222,7.8333
1790731813.0178,19.4725,0.40658,7.9170
1790731813.0686,19.4725,0.40658,7.9170
1790731813.1192,19.4725,0.40658,7.9170
1790731813.1715,19.4750,0.40125,7.8143
1790731813.2256,19.4750,0.40125,7.8143
1790731813.2781,19.4700,0.41345,8.0499
1790731813.3332,19.4700,0.41345,8.0499
1790731813.3882,19.4700,0.41345,8.0499
1790731813.4419,19.4700,0.41508,8.0815
1790731813.4952,19.4700,0.41508,8.0815
1790731813.5496,19.4700,0.41508,8.0815
1790731813.6019,19.4713,0.41273,8.0363
1790731813.6568,19.4713,0.41273,8.0363
1790731813.7089,19.4688,0.41753,8.1287
1790731813.7639,19.4688,0.41753,8.1287
1790731813.8169,19.4688,0.41753,8.1287
1790731813.8686,19.4675,0.42122,8.2002
1790731813.9236,19.4675,0.42122,8.2002
1790731813.9758,19.4675,0.42122,8.2002
1790731814.0304,19.4700,0.41505,8.0810
1790731814.0830,19.4700,0.41505,8.0810
1790731814.1353,19.4688,0.41928,8.1628
1790731814.1886,19.4688,0.41928,8.1628
1790731814.2407,19.4688,0.41928,8.1628
1790731814.2958,19.4713,0.41325,8.0465
1790731814.3507,19.4713,0.41325,8.0465
1790731814.4024,19.4713,0.41325,8.0465
1790731814.4574,19.4700,0.41775,8.1336
1790731814.5091,19.4700,0.41775,8.1336
1790731814.5627,19.4625,0.43488,8.4638
1790731814.6167,19.4625,0.43488,8.4638
1790731814.6687,19.4625,0.43488,8.4638
1790731814.7220,19.4700,0.41685,8.1161
1790731814.7732,19.4700,0.41685,8.1161
1790731814.8276,19.4700,0.41685,8.1161
1790731814.8827,19.4713,0.41297,8.0411
1790731814.9355,19.4713,0.41297,8.0411
1790731814.9897,19.4725,0.40492,7.8849
1790731815.0432,19.4725,0.40492,7.8849
1790731815.0954,19.4725,0.40492,7.8849
1790731815.1482,19.4688,0.41515,8.0825
1790731815.2012,19.4688,0.41515,8.0825
1790731815.2545,19.4688,0.41515,8.0825
1790731815.3080,19.4725,0.40957,7.9754
1790731815.3621,19.4725,0.40957,7.9754
1790731815.4172,19.4700,0.41788,8.1360
1790731815.4689,19.4700,0.41788,8.1360
1790731815.5227,19.4700,0.41788,8.1360
1790731815.5748,19.4688,0.41725,8.1233
1790731815.6287,19.4688,0.41725,8.1233
1790731815.6821,19.4688,0.41725,8.1233
1790731815.7361,19.4662,0.42258,8.2260
1790731815.7905,19.4662,0.42258,8.2260
1790731815.8441,19.4713,0.41190,8.0202
1790731815.8985,19.4713,0.41190,8.0202
1790731815.9528,19.4713,0.41190,8.0202
1790731816.0078,19.4638,0.43285,8.4249
1790731816.0629,19.4638,0.43285,8.4249
1790731816.1129,19.4638,0.43285,8.4249
1790731816.1680,19.4462,0.47890,9.3128
1790731816.2201,19.4462,0.47890,9.3128
1790731816.2738,19.4525,0.46355,9.0172
1790731816.3272,19.4525,0.46355,9.0172
1790731816.3816,19.4525,0.46355,9.0172
1790731816.4367,19.4563,0.45305,8.8147
1790731816.4906,19.4563,0.45305,8.8147
1790731816.5457,19.4563,0.45305,8.8147
1790731816.6007,19.4488,0.45838,8.9148
1790731816.6556,19.4488,0.45838,8.9148
1790731816.7058,19.4488,0.47290,9.1973
1790731816.7601,19.4488,0.47290,9.1973
1790731816.8117,19.4488,0.47290,9.1973
1790731816.8667,19.4450,0.48638,9.4576
1790731816.9174,19.4450,0.48638,9.4576
1790731816.9725,19.4450,0.48638,9.4576
1790731817.0275,19.4638,0.43038,8.3767
1790731817.0812,19.4638,0.43038,8.3767
1790731817.1348,19.4575,0.44457,8.6503
1790731817.1862,19.4575,0.44457,8.6503
1790731817.2377,19.4575,0.44457,8.6503
1790731817.2927,19.4662,0.42573,8.2873
1790731817.3454,19.4662,0.42573,8.2873
1790731817.4004,19.4662,0.42573,8.2873
1790731817.4553,19.4612,0.43940,8.5513
1790731817.5062,19.4612,0.43940,8.5513
1790731817.5563,19.4612,0.43750,8.5143
1790731817.6085,19.4612,0.43750,8.5143
1790731817.6635,19.4612,0.43750,8.5143
1790731817.7152,19.4662,0.42485,8.2702
1790731817.7696,19.4662,0.42485,8.2702
1790731817.8243,19.4662,0.42485,8.2702
1790731817.8793,19.4638,0.43195,8.4074
1790731817.9344,19.4638,0.43195,8.4074
1790731817.9844,19.4575,0.44450,8.6489
1790731818.0402,19.4575,0.44450,8.6489
1790731818.0950,19.4575,0.44450,8.6489
1790731818.1491,19.4475,0.47465,9.2308
1790731818.2013,19.4475,0.47465,9.2308
1790731818.2550,19.4475,0.47465,9.2308
1790731818.3083,19.4475,0.47410,9.2201
1790731818.3618,19.4475,0.47410,9.2201
1790731818.4169,19.4488,0.47510,9.2401
1790731818.4719,19.4488,0.47510,9.2401
1790731818.5259,19.4488,0.47510,9.2401
1790731818.5793,19.4462,0.47925,9.3196
1790731818.6301,19.4462,0.47925,9.3196
1790731818.6851,19.4462,0.47925,9.3196
1790731818.7353,19.4475,0.47583,9.2536
1790731818.7881,19.4475,0.47583,9.2536
1790731818.8431,19.4488,0.47218,9.1832
1790731818.8981,19.4488,0.47218,9.1832
1790731818.9492,19.4488,0.47218,9.1832
1790731819.0025,19.4500,0.46877,9.1177
1790731819.0557,19.4500,0.46877,9.1177
1790731819.1071,19.4500,0.46877,9.1177
1790731819.1614,19.4488,0.47035,9.1477
1790731819.2165,19.4488,0.47035,9.1477
1790731819.2689,19.4488,0.46985,9.1380
1790731819.3225,19.4488,0.46985,9.1380
1790731819.3753,19.4488,0.46985,9.1380
1790731819.4293,19.4475,0.48193,9.3722
1790731819.4824,19.4475,0.48193,9.3722
1790731819.5354,19.4475,0.48193,9.3722
1790731819.5856,19.4225,0.54033,10.4945
1790731819.6357,19.4225,0.54033,10.4945
1790731819.6908,19.4225,0.54033,10.4945
1790731819.7424,19.4325,0.51125,9.9349
1790731819.7940,19.4325,0.51125,9.9349
1790731819.8470,19.4350,0.50828,9.8783
1790731819.8972,19.4350,0.50828,9.8783
1790731819.9523,19.4350,0.50828,9.8783
1790731820.0026,19.4350,0.50925,9.8973
1790731820.0536,19.4350,0.50925,9.8973
1790731820.1052,19.4350,0.50925,9.8973
1790731820.1565,19.4350,0.50610,9.8361
1790731820.2096,19.4350,0.50610,9.8361
1790731820.2634,19.4350,0.50610,9.8361
1790731820.3140,19.4300,0.52270,10.1561
1790731820.3690,19.4300,0.52270,10.1561
1790731820.4227,19.4238,0.54022,10.4932
1790731820.4755,19.4238,0.54022,10.4932
1790731820.5300,19.4238,0.54022,10.4932
1790731820.5826,19.4200,0.55638,10.8048
1790731820.6337,19.4200,0.55638,10.8048
1790731820.6876,19.4200,0.55638,10.8048
1790731820.7427,19.4175,0.56263,10.9248
1790731820.7944,19.4175,0.56263,10.9248
1790731820.8489,19.4125,0.56645,10.9962
1790731820.9030,19.4125,0.56645,10.9962
1790731820.9581,19.4125,0.56645,10.9962
1790731821.0108,19.4125,0.56998,11.0646
1790731821.0636,19.4125,0.56998,11.0646
1790731821.1145,19.4125,0.56998,11.0646
1790731821.1696,19.4025,0.59565,11.5571
1790731821.2222,19.4025,0.59565,11.5571
1790731821.2773,19.4037,0.58975,11.4434
1790731821.3307,19.4037,0.58975,11.4434
1790731821.3813,19.4037,0.58975,11.4434
1790731821.4356,19.4013,0.59915,11.6243
1790731821.4893,19.4013,0.59915,11.6243
1790731821.5427,19.4013,0.59915,11.6243
1790731821.5977,19.4050,0.59415,11.5295
1790731821.6522,19.4050,0.59415,11.5295
1790731821.7073,19.4025,0.59825,11.6075
1790731821.7623,19.4025,0.59825,11.6075
1790731821.8127,19.4025,0.59825,11.6075
1790731821.8643,19.4037,0.59513,11.5477
1790731821.9151,19.4037,0.59513,11.5477
1790731821.9690,19.4037,0.59513,11.5477
1790731822.0240,19.4025,0.59298,11.5052
1790731822.0754,19.4025,0.59298,11.5052
1790731822.1274,19.4013,0.60070,11.6543
1790731822.1819,19.4013,0.60070,11.6543
1790731822.2369,19.4013,0.60070,11.6543
1790731822.2884,19.4037,0.59580,11.5608
1790731822.3434,19.4037,0.59580,11.5608
1790731822.3962,19.4037,0.59580,11.5608
1790731822.4512,19.4037,0.59247,11.4962
1790731822.5028,19.4037,0.59247,11.4962
1790731822.5560,19.4013,0.59813,11.6044
1790731822.6110,19.4013,0.59813,11.6044
1790731822.6647,19.4013,0.59813,11.6044
1790731822.7198,19.4000,0.60172,11.6735
1790731822.7748,19.4000,0.60172,11.6735
1790731822.8296,19.4000,0.60172,11.6735
1790731822.8819,19.3987,0.60725,11.7799
1790731822.9369,19.3987,0.60725,11.7799
1790731822.9871,19.4037,0.59420,11.5297
1790731823.0376,19.4037,0.59420,11.5297
1790731823.0911,19.4037,0.59420,11.5297
1790731823.1411,19.4013,0.60052,11.6509
1790731823.1953,19.4013,0.60052,11.6509
1790731823.2478,19.4013,0.60052,11.6509
1790731823.3028,19.4025,0.59483,11.5411
1790731823.3558,19.4025,0.59483,11.5411
1790731823.4109,19.4025,0.59790,11.6008
1790731823.4609,19.4025,0.59790,11.6008
1790731823.5149,19.4025,0.59790,11.6008
1790731823.5704,19.4025,0.59700,11.5833
1790731823.6254,19.4025,0.59700,11.5833
1790731823.6759,19.4025,0.59700,11.5833
1790731823.7310,19.4013,0.59920,11.6252
1790731823.7860,19.4013,0.59920,11.6252
1790731823.8411,19.4025,0.59823,11.6071
1790731823.8931,19.4025,0.59823,11.6071
1790731823.9481,19.4025,0.59823,11.6071
1790731823.9985,19.4037,0.59815,11.6064
1790731824.0506,19.4037,0.59815,11.6064
1790731824.1011,19.4037,0.59815,11.6064
1790731824.1517,19.4013,0.59610,11.5651
1790731824.2068,19.4013,0.59610,11.5651
1790731824.2612,19.4013,0.59610,11.5651
1790731824.3130,19.4025,0.59655,11.5746
1790731824.3661,19.4025,0.59655,11.5746
1790731824.4211,19.4013,0.60120,11.6640
1790731824.4750,19.4013,0.60120,11.6640
1790731824.5265,19.4013,0.60120,11.6640
1790731824.5778,19.4013,0.60203,11.6800
1790731824.6326,19.4013,0.60203,11.6800
1790731824.6835,19.4013,0.60203,11.6800
1790731824.7361,19.4025,0.60115,11.6638
1790731824.7892,19.4025,0.60115,11.6638
1790731824.8425,19.4025,0.60032,11.6478
1790731824.8965,19.4025,0.60032,11.6478
1790731824.9488,19.4025,0.60032,11.6478
1790731825.0032,19.4013,0.59542,11.5520
1790731825.0577,19.4013,0.59542,11.5520
1790731825.1088,19.4013,0.59542,11.5520
1790731825.1605,19.4025,0.59532,11.5508
1790731825.2118,19.4025,0.59532,11.5508
1790731825.2656,19.4037,0.59310,11.5084
1790731825.3170,19.4037,0.59310,11.5084
1790731825.3720,19.4037,0.59310,11.5084
1790731825.4270,19.4037,0.59400,11.5258
1790731825.4788,19.4037,0.59400,11.5258
1790731825.5338,19.4037,0.59400,11.5258
1790731825.5882,19.3975,0.61120,11.8558
1790731825.6389,19.3975,0.61120,11.8558
1790731825.6923,19.4013,0.60137,11.6674
1790731825.7474,19.4013,0.60137,11.6674
1790731825.8003,19.4013,0.60137,11.6674
1790731825.8536,19.4163,0.56540,10.9779
1790731825.9038,19.4163,0.56540,10.9779
1790731825.9558,19.4163,0.56540,10.9779
1790731826.0086,19.4600,0.44360,8.6325
1790731826.0636,19.4600,0.44360,8.6325
1790731826.1186,19.4625,0.44360,8.6336
1790731826.1715,19.4625,0.43652,8.4959
1790731826.2228,19.4625,0.43652,8.4959
1790731826.2778,19.4662,0.42455,8.2644
1790731826.3323,19.4662,0.42455,8.2644
1790731826.3849,19.4662,0.42455,8.2644
1790731826.4399,19.4575,0.44890,8.7345
1790731826.4949,19.4575,0.44890,8.7345
1790731826.5499,19.4612,0.44135,8.5892
1790731826.6038,19.4612,0.44135,8.5892
1790731826.6571,19.4612,0.44135,8.5892
1790731826.7121,19.4688,0.41950,8.1671
1790731826.7663,19.4688,0.41950,8.1671
1790731826.8174,19.4688,0.41950,8.1671
1790731826.8703,19.4612,0.43948,8.5527
1790731826.9234,19.4612,0.43948,8.5527
1790731826.9784,19.4588,0.44525,8.6640
1790731827.0293,19.4588,0.44525,8.6640
1790731827.0843,19.4588,0.44525,8.6640
1790731827.1393,19.4662,0.42593,8.2912
1790731827.1912,19.4662,0.42593,8.2912
1790731827.2415,19.4662,0.42593,8.2912
1790731827.2965,19.4713,0.41215,8.0251
1790731827.3483,19.4713,0.41215,8.0251
1790731827.3986,19.4713,0.41215,8.0251
1790731827.4522,19.4750,0.40015,7.7929
1790731827.5070,19.4750,0.40015,7.7929
1790731827.5620,19.4800,0.38962,7.5899
1790731827.6128,19.4800,0.38962,7.5899
1790731827.6678,19.4800,0.38962,7.5899
1790731827.7188,19.4800,0.39035,7.6040
1790731827.7738,19.4800,0.39035,7.6040
1790731827.8288,19.4800,0.39035,7.6040
1790731827.8828,19.4812,0.38708,7.5407
1790731827.9342,19.4812,0.38708,7.5407
1790731827.9856,19.4812,0.38412,7.4832
1790731828.0406,19.4812,0.38412,7.4832
1790731828.0956,19.4812,0.38412,7.4832
1790731828.1506,19.4763,0.39902,7.7715
1790731828.2057,19.4763,0.39902,7.7715
1790731828.2607,19.4675,0.39902,7.7680
1790731828.3116,19.4675,0.42265,8.2279
1790731828.3628,19.4675,0.42265,8.2279
1790731828.4157,19.4650,0.43010,8.3719
1790731828.4704,19.4650,0.43010,8.3719
1790731828.5247,19.4650,0.43010,8.3719
1790731828.5763,19.4675,0.42233,8.2216
1790731828.6296,19.4675,0.42233,8.2216
1790731828.6810,19.4675,0.42233,8.2216
1790731828.7355,19.4638,0.43365,8.4405
1790731828.7875,19.4638,0.43365,8.4405
1790731828.8410,19.4650,0.42815,8.3339
1790731828.8912,19.4650,0.42815,8.3339
1790731828.9462,19.4650,0.42815,8.3339
1790731829.0011,19.4662,0.42742,8.3204
1790731829.0529,19.4662,0.42742,8.3204
1790731829.1079,19.4662,0.42742,8.3204
1790731829.1629,19.4688,0.42058,8.1881
1790731829.2163,19.4688,0.42058,8.1881
1790731829.2693,19.4625,0.43660,8.4973
1790731829.3212,19.4625,0.43660,8.4973
1790731829.3762,19.4625,0.43660,8.4973
1790731829.4279,19.4662,0.42835,8.3384
1790731829.4829,19.4662,0.42835,8.3384
1790731829.5379,19.4662,0.42835,8.3384
1790731829.5921,19.4650,0.42868,8.3442
1790731829.6453,19.4650,0.42868,8.3442
1790731829.7003,19.4662,0.42490,8.2712
1790731829.7521,19.4662,0.42490,8.2712
1790731829.8029,19.4662,0.42490,8.2712
1790731829.8534,19.4675,0.42195,8.2143
1790731829.9069,19.4675,0.42195,8.2143
1790731829.9582,19.4675,0.42195,8.2143
1790731830.0119,19.4600,0.44295,8.6198
1790731830.0669,19.4600,0.44295,8.6198
1790731830.1203,19.4525,0.46395,9.0250
1790731830.1753,19.4525,0.46395,9.0250
1790731830.2294,19.4525,0.46395,9.0250
1790731830.2811,19.4625,0.43745,8.5139
1790731830.3359,19.4625,0.43745,8.5139
1790731830.3901,19.4625,0.43745,8.5139
1790731830.4402,19.4650,0.42792,8.3296
1790731830.4914,19.4650,0.42792,8.3296
1790731830.5427,19.4650,0.42792,8.3296
1790731830.5960,19.4662,0.42670,8.3062
1790731830.6470,19.4662,0.42670,8.3062
1790731830.7020,19.4625,0.43700,8.5051
1790731830.7526,19.4625,0.43700,8.5051
1790731830.8076,19.4625,0.43700,8.5051
1790731830.8591,19.4550,0.45365,8.8258
1790731830.9107,19.4550,0.45365,8.8258
1790731830.9619,19.4550,0.45365,8.8258
1790731831.0132,19.4537,0.45870,8.9234
1790731831.0647,19.4537,0.45870,8.9234
1790731831.1197,19.4563,0.45290,8.8117
1790731831.1747,19.4563,0.45290,8.8117
1790731831.2270,19.4563,0.45290,8.8117
1790731831.2793,19.4550,0.45503,8.8525
1790731831.3313,19.4550,0.45503,8.8525
1790731831.3864,19.4550,0.45503,8.8525
1790731831.4384,19.4475,0.47833,9.3022
1790731831.4918,19.4475,0.47833,9.3022
1790731831.5431,19.4475,0.47833,9.3022
1790731831.5979,19.4475,0.47937,9.3226
1790731831.6529,19.4475,0.47937,9.3226
1790731831.7041,19.4488,0.47465,9.2313
1790731831.7592,19.4488,0.47465,9.2313
1790731831.8127,19.4488,0.47465,9.2313
1790731831.8642,19.4513,0.46113,8.9695
1790731831.9192,19.4513,0.46113,8.9695
1790731831.9720,19.4250,0.46113,8.9574
1790731832.0270,19.4250,0.53897,10.4696
1790731832.0808,19.4250,0.53897,10.4696
1790731832.1327,19.4175,0.55883,10.8510
1790731832.1834,19.4175,0.55883,10.8510
1790731832.2367,19.4175,0.55883,10.8510
1790731832.2903,19.4150,0.56183,10.9078
1790731832.3453,19.4150,0.56183,10.9078
1790731832.3986,19.4150,0.56183,10.9078
1790731832.4501,19.4475,0.48005,9.3358
1790731832.5051,19.4475,0.48005,9.3358
1790731832.5601,19.4475,0.48235,9.3805
1790731832.6102,19.4475,0.48235,9.3805
1790731832.6652,19.4475,0.48235,9.3805
1790731832.7202,19.4475,0.47180,9.1753
1790731832.7753,19.4475,0.47180,9.1753
1790731832.8253,19.4475,0.47180,9.1753
1790731832.8767,19.4500,0.46810,9.1045
1790731832.9317,19.4500,0.46810,9.1045
1790731832.9856,19.4513,0.46598,9.0638
1790731833.0386,19.4513,0.46598,9.0638
1790731833.0936,19.4513,0.46598,9.0638
1790731833.1466,19.4612,0.44055,8.5737
1790731833.1970,19.4612,0.44055,8.5737
1790731833.2482,19.4612,0.44055,8.5737
1790731833.3018,19.4638,0.43517,8.4701
1790731833.3569,19.4638,0.43517,8.4701
1790731833.4103,19.4575,0.44870,8.7306
1790731833.4653,19.4575,0.44870,8.7306
1790731833.5203,19.4575,0.44870,8.7306
1790731833.5705,19.4575,0.44895,8.7354
1790731833.6226,19.4575,0.44895,8.7354
1790731833.6776,19.4575,0.44895,8.7354
1790731833.7326,19.4600,0.44280,8.6169
1790731833.7876,19.4600,0.44280,8.6169
1790731833.8399,19.4600,0.44225,8.6062
1790731833.8949,19.4600,0.44225,8.6062
1790731833.9464,19.4600,0.44225,8.6062
1790731833.9973,19.4550,0.45817,8.9138
1790731834.0505,19.4550,0.45817,8.9138
1790731834.1055,19.4550,0.45817,8.9138
1790731834.1606,19.4550,0.45668,8.8846
1790731834.2115,19.4550,0.45668,8.8846
1790731834.2665,19.4563,0.45182,8.7908
1790731834.3212,19.4563,0.45182,8.7908
1790731834.3762,19.4563,0.45182,8.7908
1790731834.4309,19.4550,0.45432,8.8389
1790731834.4814,19.4550,0.45432,8.8389
1790731834.5327,19.4550,0.45432,8.8389
1790731834.5877,19.4575,0.44790,8.7150
1790731834.6389,19.4575,0.44790,8.7150
1790731834.6901,19.4513,0.46723,9.0881
1790731834.7452,19.4513,0.46723,9.0881
1790731834.7971,19.4513,0.46723,9.0881
1790731834.8510,19.4588,0.44875,8.7321
1790731834.9022,19.4588,0.44875,8.7321
1790731834.9572,19.4588,0.44875,8.7321
1790731835.0100,19.4638,0.43712,8.5081
1790731835.0650,19.4638,0.43712,8.5081
1790731835.1181,19.4612,0.43857,8.5352
1790731835.1691,19.4612,0.43857,8.5352
1790731835.2242,19.4612,0.43857,8.5352
1790731835.2792,19.4750,0.40072,7.8041
1790731835.3293,19.4750,0.40072,7.8041
1790731835.3833,19.4750,0.40072,7.8041
1790731835.4383,19.4650,0.43035,8.3768
1790731835.4928,19.4650,0.43035,8.3768
1790731835.5444,19.4612,0.43035,8.3751
1790731835.5995,19.4612,0.43998,8.5625
1790731835.6545,19.4612,0.43998,8.5625
1790731835.7095,19.4650,0.43715,8.5091
1790731835.7634,19.4650,0.43715,8.5091
1790731835.8171,19.4650,0.43715,8.5091
1790731835.8679,19.4625,0.43528,8.4715
1790731835.9230,19.4625,0.43528,8.4715
1790731835.9780,19.4638,0.42753,8.3212
1790731836.0320,19.4638,0.42753,8.3212
1790731836.0852,19.4638,0.42753,8.3212
1790731836.1377,19.4588,0.44750,8.7078
1790731836.1920,19.4588,0.44750,8.7078
1790731836.2464,19.4588,0.44750,8.7078
1790731836.3008,19.4600,0.44403,8.6407
1790731836.3542,19.4600,0.44403,8.6407
1790731836.4082,19.4588,0.44427,8.6450
1790731836.4607,19.4588,0.44427,8.6450
1790731836.5140,19.4588,0.44427,8.6450
1790731836.5655,19.4600,0.43838,8.5308
1790731836.6205,19.4600,0.43838,8.5308
1790731836.6755,19.4600,0.43838,8.5308
1790731836.7305,19.4525,0.46598,9.0644
1790731836.7849,19.4525,0.46598,9.0644
1790731836.8369,19.4650,0.42690,8.3096
1790731836.8913,19.4650,0.42690,8.3096
1790731836.9463,19.4650,0.42690,8.3096
1790731836.9995,19.4612,0.43888,8.5411
1790731837.0502,19.4612,0.43888,8.5411
1790731837.1040,19.4612,0.43888,8.5411
1790731837.1581,19.4563,0.45248,8.8035
1790731837.2102,19.4563,0.45248,8.8035
1790731837.2652,19.4513,0.46945,9.1314
1790731837.3177,19.4513,0.46945,9.1314
1790731837.3727,19.4513,0.46945,9.1314
1790731837.4250,19.4575,0.45140,8.7831
1790731837.4800,19.4575,0.45140,8.7831
1790731837.5350,19.4575,0.45140,8.7831
1790731837.5901,19.4375,0.50310,9.7790
1790731837.6413,19.4375,0.50310,9.7790
1790731837.6918,19.4375,0.51020,9.9170
1790731837.7427,19.4375,0.51020,9.9170
1790731837.7974,19.4375,0.51020,9.9170
1790731837.8503,19.4262,0.52730,10.2435
1790731837.9041,19.4262,0.52730,10.2435
1790731837.9592,19.4262,0.52730,10.2435
1790731838.0103,19.4425,0.49350,9.5949
1790731838.0653,19.4425,0.49350,9.5949
1790731838.1203,19.4638,0.43223,8.4127
1790731838.1706,19.4638,0.43223,8.4127
1790731838.2256,19.4638,0.43223,8.4127
1790731838.2773,19.4638,0.43407,8.4487
1790731838.3323,19.4638,0.43407,8.4487
1790731838.3829,19.4638,0.43407,8.4487
1790731838.4380,19.4638,0.43425,8.4521
1790731838.4926,19.4638,0.43425,8.4521
1790731838.5437,19.4650,0.42817,8.3344
1790731838.5970,19.4650,0.42817,8.3344
1790731838.6521,19.4650,0.42817,8.3344
1790731838.7045,19.4700,0.41605,8.1005
1790731838.7553,19.4700,0.41605,8.1005
1790731838.8104,19.4700,0.41605,8.1005
1790731838.8654,19.4725,0.40957,7.9754
1790731838.9173,19.4725,0.40957,7.9754
1790731838.9723,19.4725,0.40895,7.9633
1790731839.0273,19.4725,0.40895,7.9633
1790731839.0815,19.4725,0.40895,7.9633
1790731839.1365,19.4725,0.40945,7.9730
1790731839.1916,19.4725,0.40945,7.9730
1790731839.2449,19.4725,0.40945,7.9730
1790731839.2971,19.4713,0.41260,8.0338
1790731839.3476,19.4713,0.41260,8.0338
1790731839.4026,19.4700,0.41635,8.1063
1790731839.4536,19.4700,0.41635,8.1063
1790731839.5038,19.4700,0.41635,8.1063
1790731839.5580,19.4688,0.42080,8.1925
1790731839.6105,19.4688,0.42080,8.1925
1790731839.6650,19.4688,0.42080,8.1925
1790731839.7156,19.4675,0.42462,8.2664
1790731839.7659,19.4675,0.42462,8.2664
1790731839.8210,19.4675,0.42462,8.2664
1790731839.8760,19.4675,0.42338,8.2421
1790731839.9266,19.4675,0.42338,8.2421
1790731839.9798,19.4688,0.41925,8.1623
1790731840.0348,19.4688,0.41925,8.1623
1790731840.0857,19.4688,0.41925,8.1623
1790731840.1389,19.4675,0.42278,8.2304
1790731840.1934,19.4675,0.42278,8.2304
1790731840.2456,19.4675,0.42278,8.2304
1790731840.3006,19.4688,0.41830,8.1438
1790731840.3556,19.4688,0.41830,8.1438
1790731840.4107,19.4662,0.42260,8.2264
1790731840.4628,19.4662,0.42260,8.2264
1790731840.5141,19.4662,0.42260,8.2264
1790731840.5659,19.4675,0.42260,8.2270
1790731840.6190,19.4675,0.42260,8.2270
1790731840.6716,19.4675,0.42260,8.2270
1790731840.7259,19.4650,0.42797,8.3305
1790731840.7790,19.4650,0.42797,8.3305
1790731840.8302,19.4612,0.43872,8.5381
1790731840.8848,19.4612,0.43872,8.5381
1790731840.9383,19.4612,0.43872,8.5381
1790731840.9927,19.4650,0.43028,8.3753
1790731841.0477,19.4650,0.43028,8.3753
1790731841.0979,19.4650,0.43028,8.3753
1790731841.1494,19.4662,0.42795,8.3306
1790731841.2032,19.4662,0.42795,8.3306
1790731841.2567,19.4662,0.43012,8.3729
1790731841.3117,19.4662,0.43012,8.3729
1790731841.3650,19.4662,0.43012,8.3729
1790731841.4165,19.4600,0.44320,8.6247
1790731841.4715,19.4600,0.44320,8.6247
1790731841.5254,19.4600,0.44320,8.6247
1790731841.5776,19.4563,0.45563,8.8648
1790731841.6317,19.4563,0.45563,8.8648
1790731841.6851,19.4537,0.46075,8.9633
1790731841.7384,19.4537,0.46075,8.9633
1790731841.7932,19.4537,0.46075,8.9633
1790731841.8483,19.4488,0.47165,9.1730
1790731841.8984,19.4488,0.47165,9.1730
1790731841.9534,19.4488,0.47165,9.1730
1790731842.0054,19.4513,0.46682,9.0803
1790731842.0584,19.4513,0.46682,9.0803
1790731842.1109,19.4500,0.46682,9.0797
1790731842.1614,19.4500,0.46795,9.1016
1790731842.2164,19.4500,0.46795,9.1016
1790731842.2708,19.4413,0.49543,9.6317
1790731842.3210,19.4413,0.49543,9.6317
1790731842.3761,19.4413,0.49543,9.6317
1790731842.4308,19.4400,0.49755,9.6724
1790731842.4851,19.4400,0.49755,9.6724
1790731842.5385,19.4450,0.49755,9.6749
1790731842.5934,19.4450,0.48117,9.3564
1790731842.6450,19.4450,0.48117,9.3564
1790731842.6981,19.4488,0.47615,9.2605
1790731842.7531,19.4488,0.47615,9.2605
1790731842.8052,19.4488,0.47615,9.2605
1790731842.8595,19.4488,0.46880,9.1176
1790731842.9119,19.4488,0.46880,9.1176
1790731842.9648,19.4488,0.46880,9.1176
1790731843.0185,19.4450,0.48358,9.4031
1790731843.0735,19.4450,0.48358,9.4031
1790731843.1277,19.4488,0.47273,9.1939
1790731843.1817,19.4488,0.47273,9.1939
1790731843.2319,19.4488,0.47273,9.1939
1790731843.2852,19.4600,0.44423,8.6446
1790731843.3386,19.4600,0.44423,8.6446
1790731843.3909,19.4600,0.44423,8.6446
1790731843.4447,19.4600,0.44390,8.6383
1790731843.4989,19.4600,0.44390,8.6383
1790731843.5539,19.4537,0.45923,8.9336
1790731843.6053,19.4537,0.45923,8.9336
1790731843.6584,19.4537,0.45923,8.9336
1790731843.7119,19.4575,0.44990,8.7539
1790731843.7653,19.4575,0.44990,8.7539
1790731843.8186,19.4575,0.44990,8.7539
1790731843.8720,19.4612,0.44043,8.5712
1790731843.9269,19.4612,0.44043,8.5712
1790731843.9819,19.4575,0.45138,8.7826
1790731844.0369,19.4575,0.45138,8.7826
1790731844.0893,19.4575,0.45138,8.7826
1790731844.1439,19.4575,0.45055,8.7666
1790731844.1989,19.4575,0.45055,8.7666
1790731844.2510,19.4575,0.45055,8.7666
1790731844.3020,19.4563,0.44845,8.7252
1790731844.3520,19.4563,0.44845,8.7252
1790731844.4063,19.4662,0.42718,8.3155
1790731844.4580,19.4662,0.42718,8.3155
1790731844.5089,19.4662,0.42718,8.3155
1790731844.5621,19.4612,0.44093,8.5810
1790731844.6155,19.4612,0.44093,8.5810
1790731844.6671,19.4612,0.44093,8.5810
1790731844.7205,19.4638,0.43383,8.4439
1790731844.7710,19.4638,0.43383,8.4439
1790731844.8261,19.4612,0.43383,8.4428
1790731844.8773,19.4612,0.44010,8.5649
1790731844.9298,19.4612,0.44010,8.5649
1790731844.9848,19.4600,0.44325,8.6256
1790731845.0377,19.4600,0.44325,8.6256
1790731845.0927,19.4600,0.44325,8.6256
1790731845.1461,19.4450,0.48275,9.3871
1790731845.1981,19.4450,0.48275,9.3871
1790731845.2522,19.4563,0.48275,9.3925
1790731845.3062,19.4563,0.45348,8.8229
1790731845.3567,19.4563,0.45348,8.8229
1790731845.4117,19.4638,0.43843,8.5334
1790731845.4651,19.4638,0.43843,8.5334
1790731845.5202,19.4638,0.43843,8.5334
1790731845.5717,19.4600,0.44360,8.6325
1790731845.6250,19.4600,0.44360,8.6325
1790731845.6798,19.4600,0.44360,8.6325
1790731845.7303,19.4575,0.45150,8.7851
1790731845.7812,19.4575,0.45150,8.7851
1790731845.8322,19.4575,0.45162,8.7875
1790731845.8855,19.4575,0.45162,8.7875
1790731845.9393,19.4575,0.45162,8.7875
1790731845.9932,19.4600,0.44445,8.6490
1790731846.0455,19.4600,0.44445,8.6490
1790731846.0972,19.4600,0.44445,8.6490
1790731846.1522,19.4550,0.45698,8.8904
1790731846.2055,19.4550,0.45698,8.8904
1790731846.2606,19.4537,0.45915,8.9322
1790731846.3146,19.4537,0.45915,8.9322
1790731846.3696,19.4537,0.45915,8.9322
1790731846.4228,19.4537,0.46135,8.9750
1790731846.4741,19.4537,0.46135,8.9750
1790731846.5291,19.4537,0.46135,8.9750
1790731846.5804,19.4525,0.46220,8.9909
1790731846.6342,19.4525,0.46220,8.9909
1790731846.6892,19.4575,0.44890,8.7345
1790731846.7407,19.4575,0.44890,8.7345
1790731846.7957,19.4575,0.44890,8.7345
1790731846.8505,19.4650,0.43067,8.3831
1790731846.9046,19.4650,0.43067,8.3831
1790731846.9595,19.4650,0.43067,8.3831
1790731847.0131,19.4713,0.41145,8.0114
1790731847.0645,19.4713,0.41145,8.0114
1790731847.1161,19.4700,0.41402,8.0611
1790731847.1675,19.4700,0.41402,8.0611
1790731847.2186,19.4700,0.41402,8.0611
1790731847.2736,19.4688,0.41753,8.1287
1790731847.3287,19.4688,0.41753,8.1287
1790731847.3803,19.4688,0.41753,8.1287
1790731847.4354,19.4688,0.42163,8.2085
1790731847.4862,19.4688,0.42163,8.2085
1790731847.5407,19.4650,0.43250,8.4186
1790731847.5912,19.4650,0.43250,8.4186
1790731847.6419,19.4650,0.43250,8.4186
1790731847.6969,19.4625,0.43535,8.4730
1790731847.7475,19.4625,0.43535,8.4730
1790731847.7983,19.4625,0.43535,8.4730
1790731847.8494,19.4650,0.43095,8.3884
1790731847.9044,19.4650,0.43095,8.3884
1790731847.9595,19.4650,0.43095,8.3884
1790731848.0130,19.4700,0.41847,8.1477
1790731848.0652,19.4700,0.41847,8.1477
1790731848.1182,19.4638,0.43023,8.3738
1790731848.1733,19.4638,0.43023,8.3738
1790731848.2283,19.4638,0.43023,8.3738
1790731848.2833,19.4713,0.41355,8.0523
1790731848.3348,19.4713,0.41355,8.0523
1790731848.3898,19.4713,0.41355,8.0523
1790731848.4415,19.4725,0.40980,7.9798
1790731848.4940,19.4725,0.40980,7.9798
1790731848.5482,19.4713,0.41352,8.0518
1790731848.6005,19.4713,0.41352,8.0518
1790731848.6555,19.4713,0.41352,8.0518
1790731848.7106,19.4688,0.41945,8.1662
1790731848.7612,19.4688,0.41945,8.1662
1790731848.8127,19.4688,0.41945,8.1662
1790731848.8657,19.4475,0.47693,9.2750
1790731848.9207,19.4475,0.47693,9.2750
1790731848.9757,19.4650,0.42968,8.3636
1790731849.0274,19.4650,0.42968,8.3636
1790731849.0824,19.4650,0.42968,8.3636
1790731849.1336,19.4600,0.44248,8.6106
1790731849.1848,19.4600,0.44248,8.6106
1790731849.2366,19.4600,0.44248,8.6106
1790731849.2916,19.4675,0.42160,8.2075
1790731849.3466,19.4675,0.42160,8.2075
1790731849.3998,19.4650,0.42997,8.3695
1790731849.4527,19.4650,0.42997,8.3695
1790731849.5031,19.4650,0.42997,8.3695
1790731849.5581,19.4638,0.43235,8.4152
1790731849.6131,19.4638,0.43235,8.4152
1790731849.6644,19.4638,0.43235,8.4152
1790731849.7163,19.4650,0.42698,8.3111
1790731849.7689,19.4650,0.42698,8.3111
1790731849.8189,19.4650,0.42698,8.3111
1790731849.8718,19.4563,0.45185,8.7913
1790731849.9254,19.4563,0.45185,8.7913
1790731849.9769,19.4588,0.44508,8.6606
1790731850.0277,19.4588,0.44508,8.6606
1790731850.0782,19.4588,0.44508,8.6606
1790731850.1322,19.4700,0.41987,8.1750
1790731850.1850,19.4700,0.41987,8.1750
1790731850.2400,19.4700,0.41987,8.1750
1790731850.2910,19.4737,0.40893,7.9633
1790731850.3460,19.4737,0.40893,7.9633
1790731850.4000,19.4675,0.42380,8.2503
1790731850.4502,19.4675,0.42380,8.2503
1790731850.5008,19.4675,0.42380,8.2503
1790731850.5559,19.4713,0.41085,7.9998
1790731850.6104,19.4713,0.41085,7.9998
1790731850.6654,19.4713,0.41085,7.9998
1790731850.7157,19.4763,0.39900,7.7710
1790731850.7696,19.4763,0.39900,7.7710
1790731850.8241,19.4737,0.40735,7.9326
1790731850.8751,19.4737,0.40735,7.9326
1790731850.9273,19.4737,0.40735,7.9326
1790731850.9823,19.4700,0.41615,8.1024
1790731851.0337,19.4700,0.41615,8.1024
1790731851.0888,19.4700,0.41615,8.1024
1790731851.1420,19.4650,0.42935,8.3573
1790731851.1940,19.4650,0.42935,8.3573
1790731851.2491,19.4650,0.42935,8.3573
1790731851.3002,19.4650,0.43183,8.4055
1790731851.3515,19.4650,0.43183,8.4055
1790731851.4065,19.4675,0.42163,8.2080
1790731851.4615,19.4675,0.42163,8.2080
1790731851.5165,19.4675,0.42163,8.2080
1790731851.5716,19.4662,0.42567,8.2863
1790731851.6261,19.4662,0.42567,8.2863
1790731851.6789,19.4600,0.42567,8.2836
1790731851.7311,19.4600,0.44545,8.6685
1790731851.7834,19.4600,0.44545,8.6685
1790731851.8352,19.4550,0.45365,8.8258
1790731851.8879,19.4550,0.45365,8.8258
1790731851.9388,19.4550,0.45365,8.8258
1790731851.9938,19.4550,0.45732,8.8973
1790731852.0488,19.4550,0.45732,8.8973
1790731852.1011,19.4550,0.45732,8.8973
1790731852.1519,19.4550,0.45498,8.8515
1790731852.2052,19.4550,0.45498,8.8515
1790731852.2598,19.4563,0.45375,8.8283
1790731852.3133,19.4563,0.45375,8.8283
1790731852.3645,19.4563,0.45375,8.8283
1790731852.4155,19.4563,0.45175,8.7894
1790731852.4680,19.4563,0.45175,8.7894
1790731852.5212,19.4563,0.45175,8.7894
1790731852.5739,19.4563,0.45493,8.8511
1790731852.6250,19.4563,0.45493,8.8511
1790731852.6783,19.4550,0.45493,8.8506
1790731852.7333,19.4550,0.45677,8.8866
1790731852.7847,19.4550,0.45677,8.8866
1790731852.8397,19.4612,0.44177,8.5975
1790731852.8947,19.4612,0.44177,8.5975
1790731852.9498,19.4612,0.44177,8.5975
1790731853.0048,19.4700,0.41593,8.0981
1790731853.0555,19.4700,0.41593,8.0981
1790731853.1105,19.4700,0.41933,8.1643
1790731853.1609,19.4700,0.41933,8.1643
1790731853.2125,19.4700,0.41933,8.1643
1790731853.2675,19.4650,0.43105,8.3904
1790731853.3180,19.4650,0.43105,8.3904
1790731853.3686,19.4650,0.43105,8.3904
1790731853.4236,19.4588,0.44572,8.6733
1790731853.4774,19.4588,0.44572,8.6733
1790731853.5286,19.4588,0.44572,8.6733
1790731853.5787,19.4612,0.43780,8.5201
1790731853.6293,19.4612,0.43780,8.5201
1790731853.6844,19.4662,0.42405,8.2547
1790731853.7387,19.4662,0.42405,8.2547
1790731853.7937,19.4662,0.42405,8.2547
1790731853.8450,19.4638,0.43258,8.4195
1790731853.9000,19.4638,0.43258,8.4195
1790731853.9505,19.4638,0.43258,8.4195
1790731854.0027,19.4650,0.42808,8.3325
1790731854.0553,19.4650,0.42808,8.3325
1790731854.1072,19.4650,0.42808,8.3325
1790731854.1589,19.4650,0.43073,8.3841
1790731854.2121,19.4650,0.43073,8.3841
1790731854.2671,19.4675,0.42388,8.2518
1790731854.3217,19.4675,0.42388,8.2518
1790731854.3720,19.4675,0.42388,8.2518
1790731854.4237,19.4700,0.41575,8.0947
1790731854.4788,19.4700,0.41575,8.0947
1790731854.5338,19.4688,0.41575,8.0941
1790731854.5888,19.4688,0.41863,8.1501
1790731854.6438,19.4688,0.41863,8.1501
1790731854.6959,19.4625,0.43572,8.4803
1790731854.7509,19.4625,0.43572,8.4803
1790731854.8029,19.4625,0.43572,8.4803
1790731854.8579,19.4662,0.42358,8.2454
1790731854.9087,19.4662,0.42358,8.2454
1790731854.9600,19.4662,0.42358,8.2454
1790731855.0150,19.4625,0.43570,8.4798
1790731855.0695,19.4625,0.43570,8.4798
1790731855.1245,19.4688,0.41902,8.1579
1790731855.1764,19.4688,0.41902,8.1579
1790731855.2305,19.4688,0.41902,8.1579
1790731855.2855,19.4688,0.42145,8.2051
1790731855.3405,19.4688,0.42145,8.2051
1790731855.3935,19.4625,0.43685,8.5022
1790731855.4446,19.4625,0.43685,8.5022
1790731855.4956,19.4625,0.43685,8.5022
1790731855.5506,19.4700,0.41428,8.0659
1790731855.6026,19.4700,0.41428,8.0659
1790731855.6576,19.4700,0.41428,8.0659
1790731855.7106,19.4675,0.42028,8.1817
1790731855.7656,19.4675,0.42028,8.1817
1790731855.8206,19.4688,0.42028,8.1822
1790731855.8707,19.4688,0.42145,8.2051
1790731855.9257,19.4688,0.42145,8.2051
1790731855.9794,19.4713,0.41408,8.0626
1790731856.0344,19.4713,0.41408,8.0626
1790731856.0865,19.4713,0.41408,8.0626
1790731856.1381,19.4713,0.41375,8.0562
1790731856.1923,19.4713,0.41375,8.0562
1790731856.2473,19.4700,0.41375,8.0557
1790731856.3012,19.4700,0.41602,8.1000
1790731856.3562,19.4700,0.41602,8.1000
1790731856.4078,19.4725,0.40790,7.9428
1790731856.4613,19.4725,0.40790,7.9428
1790731856.5163,19.4725,0.40790,7.9428
1790731856.5704,19.4725,0.41065,7.9964
1790731856.6233,19.4725,0.41065,7.9964
1790731856.6747,19.4725,0.41065,7.9964
1790731856.7297,19.4713,0.41250,8.0319
1790731856.7820,19.4713,0.41250,8.0319
1790731856.8354,19.4713,0.41395,8.0601
1790731856.8857,19.4713,0.41395,8.0601
1790731856.9394,19.4713,0.41395,8.0601
1790731856.9927,19.4700,0.41398,8.0601
1790731857.0457,19.4700,0.41398,8.0601
1790731857.0991,19.4700,0.41398,8.0601
1790731857.1535,19.4737,0.40882,7.9614
1790731857.2127,19.4737,0.40882,7.9614
1790731857.2677,19.4763,0.40195,7.8285
1790731857.3227,19.4763,0.40195,7.8285
1790731857.3777,19.4763,0.40195,7.8285
1790731857.4327,19.4737,0.40527,7.8922
1790731857.4836,19.4737,0.40527,7.8922
1790731857.5386,19.4750,0.40388,7.8655
1790731857.5936,19.4750,0.40388,7.8655
1790731857.6478,19.4750,0.40388,7.8655
1790731857.7028,19.4725,0.40905,7.9652
1790731857.7543,19.4725,0.40905,7.9652
1790731857.8093,19.4725,0.40905,7.9652
1790731857.8606,19.4713,0.41080,7.9988
1790731857.9140,19.4713,0.41080,7.9988
1790731857.9690,19.4688,0.42228,8.2212
1790731858.0208,19.4688,0.42228,8.2212
1790731858.0721,19.4688,0.42228,8.2212
1790731858.1269,19.4713,0.41538,8.0879
1790731858.1819,19.4713,0.41538,8.0879
1790731858.2363,19.4713,0.41538,8.0879
1790731858.2878,19.4700,0.41415,8.0635
1790731858.3385,19.4700,0.41415,8.0635
1790731858.3917,19.4700,0.41648,8.1088
1790731858.4467,19.4700,0.41648,8.1088
1790731858.4973,19.4700,0.41648,8.1088
1790731858.5509,19.4700,0.41550,8.0898
1790731858.6053,19.4700,0.41550,8.0898
1790731858.6573,19.4700,0.41550,8.0898
1790731858.7123,19.4700,0.41545,8.0888
1790731858.7673,19.4700,0.41545,8.0888
1790731858.8204,19.4713,0.41540,8.0884
1790731858.8721,19.4713,0.41540,8.0884
1790731858.9272,19.4713,0.41540,8.0884
1790731858.9775,19.4737,0.40547,7.8961
1790731859.0310,19.4737,0.40547,7.8961
1790731859.0860,19.4737,0.40547,7.8961
1790731859.1407,19.4725,0.40937,7.9716
1790731859.1954,19.4725,0.40937,7.9716
1790731859.2465,19.4737,0.40937,7.9721
1790731859.3016,19.4737,0.40553,7.8971
1790731859.3537,19.4737,0.40553,7.8971
1790731859.4059,19.4713,0.41003,7.9837
1790731859.4609,19.4713,0.41003,7.9837
1790731859.5110,19.4713,0.41003,7.9837
1790731859.5639,19.4688,0.41823,8.1423
1790731859.6161,19.4688,0.41823,8.1423
1790731859.6671,19.4688,0.41823,8.1423
1790731859.7221,19.4675,0.42350,8.2445
1790731859.7727,19.4675,0.42350,8.2445
1790731859.8228,19.4638,0.42997,8.3689
1790731859.8756,19.4638,0.42997,8.3689
1790731859.9276,19.4638,0.42997,8.3689
1790731859.9804,19.4675,0.42480,8.2698
1790731860.0338,19.4675,0.42480,8.2698
1790731860.0888,19.4675,0.42480,8.2698
1790731860.1432,19.4625,0.43800,8.5246
1790731860.1982,19.4625,0.43800,8.5246
1790731860.2532,19.4625,0.43735,8.5119
1790731860.3082,19.4625,0.43735,8.5119
1790731860.3617,19.4625,0.43735,8.5119
1790731860.4151,19.4575,0.45000,8.7559
1790731860.4668,19.4575,0.45000,8.7559
1790731860.5218,19.4575,0.45000,8.7559
1790731860.5747,19.4588,0.44433,8.6460
1790731860.6274,19.4588,0.44433,8.6460
1790731860.6775,19.4625,0.43655,8.4964
1790731860.7289,19.4625,0.43655,8.4964
1790731860.7804,19.4625,0.43655,8.4964
1790731860.8318,19.4662,0.42778,8.3272
1790731860.8855,19.4662,0.42778,8.3272
1790731860.9401,19.4662,0.42778,8.3272
1790731860.9929,19.4550,0.45627,8.8768
1790731861.0479,19.4550,0.45627,8.8768
1790731861.1029,19.4488,0.45627,8.8740
1790731861.1564,19.4488,0.47270,9.1934
1790731861.2094,19.4488,0.47270,9.1934
1790731861.2618,19.4537,0.45990,8.9468
1790731861.3124,19.4537,0.45990,8.9468
1790731861.3674,19.4537,0.45990,8.9468
1790731861.4210,19.4513,0.46647,9.0735
1790731861.4760,19.4513,0.46647,9.0735
1790731861.5311,19.4537,0.46647,9.0747
1790731861.5813,19.4537,0.45990,8.9468
1790731861.6347,19.4537,0.45990,8.9468
1790731861.6867,19.4525,0.46268,9.0002
1790731861.7407,19.4525,0.46268,9.0002
1790731861.7957,19.4525,0.46268,9.0002
1790731861.8460,19.4488,0.47465,9.2313
1790731861.8977,19.4488,0.47465,9.2313
1790731861.9480,19.4488,0.47465,9.2313
1790731862.0024,19.4488,0.47088,9.1579
1790731862.0575,19.4488,0.47088,9.1579
1790731862.1079,19.4450,0.48457,9.4226
1790731862.1629,19.4450,0.48457,9.4226
1790731862.2170,19.4450,0.48457,9.4226
1790731862.2693,19.4438,0.48518,9.4336
1790731862.3239,19.4438,0.48518,9.4336
1790731862.3789,19.4438,0.48518,9.4336
1790731862.4323,19.4513,0.46460,9.0371
1790731862.4838,19.4513,0.46460,9.0371
1790731862.5340,19.4525,0.45993,8.9467
1790731862.5888,19.4525,0.45993,8.9467
1790731862.6438,19.4525,0.45993,8.9467
1790731862.6941,19.4525,0.46495,9.0444
1790731862.7491,19.4525,0.46495,9.0444
1790731862.8041,19.4525,0.46495,9.0444
1790731862.8575,19.4550,0.45920,8.9337
1790731862.9087,19.4550,0.45920,8.9337
1790731862.9637,19.4612,0.44090,8.5805
1790731863.0187,19.4612,0.44090,8.5805
1790731863.0737,19.4612,0.44090,8.5805
1790731863.1281,19.4662,0.42720,8.3160
1790731863.1824,19.4662,0.42720,8.3160
1790731863.2341,19.4662,0.42720,8.3160
1790731863.2875,19.4638,0.43090,8.3869
1790731863.3416,19.4638,0.43090,8.3869
1790731863.3932,19.4650,0.43000,8.3699
1790731863.4475,19.4650,0.43000,8.3699
1790731863.5024,19.4650,0.43000,8.3699
1790731863.5572,19.4688,0.41985,8.1740
1790731863.6100,19.4688,0.41985,8.1740
1790731863.6609,19.4688,0.41985,8.1740
1790731863.7142,19.4725,0.41108,8.0047
1790731863.7660,19.4725,0.41108,8.0047
1790731863.8209,19.4688,0.41750,8.1282
1790731863.8754,19.4688,0.41750,8.1282
1790731863.9285,19.4688,0.41750,8.1282
1790731863.9809,19.4638,0.43380,8.4434
1790731864.0322,19.4638,0.43380,8.4434
1790731864.0873,19.4638,0.43380,8.4434
1790731864.1422,19.4638,0.43177,8.4040
1790731864.1932,19.4638,0.43177,8.4040
1790731864.2435,19.4638,0.43177,8.4040
1790731864.2954,19.4650,0.42943,8.3588
1790731864.3469,19.4650,0.42943,8.3588
1790731864.4002,19.4650,0.42913,8.3529
1790731864.4516,19.4650,0.42913,8.3529
1790731864.5067,19.4650,0.42913,8.3529
1790731864.5617,19.4625,0.43218,8.4112
1790731864.6132,19.4625,0.43218,8.4112
1790731864.6650,19.4625,0.43218,8.4112
1790731864.7200,19.4662,0.42540,8.2809
1790731864.7744,19.4662,0.42540,8.2809
1790731864.8256,19.4650,0.43003,8.3704
1790731864.8799,19.4650,0.43003,8.3704
1790731864.9333,19.4650,0.43003,8.3704
1790731864.9883,19.4638,0.43198,8.4079
1790731865.0428,19.4638,0.43198,8.4079
1790731865.0956,19.4638,0.43198,8.4079
1790731865.1470,19.4662,0.42788,8.3291
1790731865.2002,19.4662,0.42788,8.3291
1790731865.2553,19.4662,0.42677,8.3077
1790731865.3103,19.4662,0.42677,8.3077
1790731865.3604,19.4662,0.42677,8.3077
1790731865.4155,19.4650,0.42938,8.3578
1790731865.4705,19.4650,0.42938,8.3578
1790731865.5255,19.4650,0.42938,8.3578
1790731865.5805,19.4650,0.43030,8.3758
1790731865.6355,19.4650,0.43030,8.3758
1790731865.6905,19.4625,0.43648,8.4949
1790731865.7411,19.4625,0.43648,8.4949
1790731865.7934,19.4625,0.43648,8.4949
1790731865.8477,19.4550,0.45943,8.9381
1790731865.9011,19.4550,0.45943,8.9381
1790731865.9554,19.4550,0.45943,8.9381
1790731866.0087,19.4650,0.42953,8.3607
1790731866.0638,19.4650,0.42953,8.3607
1790731866.1154,19.4675,0.42192,8.2138
1790731866.1667,19.4675,0.42192,8.2138
1790731866.2204,19.4675,0.42192,8.2138
1790731866.2754,19.4675,0.42205,8.2163
1790731866.3288,19.4675,0.42205,8.2163
1790731866.3797,19.4675,0.42205,8.2163
1790731866.4340,19.4662,0.42555,8.2839
1790731866.4890,19.4662,0.42555,8.2839
1790731866.5437,19.4638,0.43267,8.4215
1790731866.5945,19.4638,0.43267,8.4215
1790731866.6484,19.4638,0.43267,8.4215
1790731866.7017,19.4612,0.44020,8.5668
1790731866.7545,19.4612,0.44020,8.5668
1790731866.8083,19.4612,0.44020,8.5668
1790731866.8634,19.4638,0.43238,8.4156
1790731866.9150,19.4638,0.43238,8.4156
1790731866.9668,19.4638,0.43285,8.4249
1790731867.0201,19.4638,0.43285,8.4249
1790731867.0746,19.4638,0.43285,8.4249
1790731867.1296,19.4688,0.41985,8.1740
1790731867.1822,19.4688,0.41985,8.1740
1790731867.2324,19.4688,0.41985,8.1740
1790731867.2874,19.4688,0.41898,8.1569
1790731867.3413,19.4688,0.41898,8.1569
1790731867.3946,19.4688,0.41683,8.1151
1790731867.4480,19.4688,0.41683,8.1151
1790731867.5015,19.4688,0.41683,8.1151
1790731867.5546,19.4713,0.41268,8.0353
1790731867.6081,19.4713,0.41268,8.0353
1790731867.6592,19.4713,0.41268,8.0353
1790731867.7130,19.4713,0.41120,8.0066
1790731867.7680,19.4713,0.41120,8.0066
1790731867.8212,19.4688,0.42137,8.2036
1790731867.8736,19.4688,0.42137,8.2036
1790731867.9238,19.4688,0.42137,8.2036
1790731867.9788,19.4650,0.43168,8.4026
1790731868.0339,19.4650,0.43168,8.4026
1790731868.0855,19.4650,0.43168,8.4026
1790731868.1405,19.4662,0.42645,8.3014
1790731868.1943,19.4662,0.42645,8.3014
1790731868.2493,19.4688,0.41758,8.1297
1790731868.3043,19.4688,0.41758,8.1297
1790731868.3558,19.4688,0.41758,8.1297
1790731868.4080,19.4662,0.42690,8.3101
1790731868.4614,19.4662,0.42690,8.3101
1790731868.5160,19.4662,0.42690,8.3101
1790731868.5701,19.4650,0.42677,8.3072
1790731868.6246,19.4650,0.42677,8.3072
1790731868.6797,19.4650,0.42888,8.3481
1790731868.7333,19.4650,0.42888,8.3481
1790731868.7849,19.4650,0.42888,8.3481
1790731868.8399,19.4650,0.42810,8.3330
1790731868.8950,19.4650,0.42810,8.3330
1790731868.9470,19.4650,0.42810,8.3330
1790731869.0009,19.4625,0.43630,8.4915
1790731869.0559,19.4625,0.43630,8.4915
1790731869.1110,19.4575,0.44973,8.7505
1790731869.1660,19.4575,0.44973,8.7505
1790731869.2210,19.4575,0.44973,8.7505
1790731869.2760,19.4650,0.42872,8.3451
1790731869.3311,19.4650,0.42872,8.3451
1790731869.3815,19.4650,0.42872,8.3451
1790731869.4365,19.4662,0.42625,8.2975
1790731869.4882,19.4662,0.42625,8.2975
1790731869.5432,19.4638,0.43690,8.5037
1790731869.5952,19.4638,0.43690,8.5037
1790731869.6502,19.4638,0.43690,8.5037
1790731869.7012,19.4662,0.42680,8.3082
1790731869.7548,19.4662,0.42680,8.3082
1790731869.8082,19.4662,0.42680,8.3082
1790731869.8591,19.4650,0.43047,8.3792
1790731869.9141,19.4650,0.43047,8.3792
1790731869.9650,19.4650,0.42817,8.3344
1790731870.0200,19.4650,0.42817,8.3344
1790731870.0749,19.4650,0.42817,8.3344
1790731870.1282,19.4650,0.42948,8.3597
1790731870.1816,19.4650,0.42948,8.3597
1790731870.2360,19.4650,0.42948,8.3597
1790731870.2893,19.4638,0.43173,8.4030
1790731870.3443,19.4638,0.43173,8.4030
1790731870.3958,19.4650,0.42843,8.3393
1790731870.4467,19.4650,0.42843,8.3393
1790731870.5017,19.4650,0.42843,8.3393
1790731870.5562,19.4638,0.43125,8.3937
1790731870.6072,19.4638,0.43125,8.3937
1790731870.6617,19.4638,0.43125,8.3937
1790731870.7124,19.4650,0.42893,8.3490
1790731870.7672,19.4650,0.42893,8.3490
1790731870.8206,19.4662,0.42878,8.3466
1790731870.8737,19.4662,0.42878,8.3466
1790731870.9288,19.4662,0.42878,8.3466
1790731870.9799,19.4638,0.43223,8.4127
1790731871.0335,19.4638,0.43223,8.4127
1790731871.0884,19.4638,0.43223,8.4127
1790731871.1427,19.4662,0.42810,8.3335
1790731871.1950,19.4662,0.42810,8.3335
1790731871.2500,19.4625,0.43388,8.4443
1790731871.3039,19.4625,0.43388,8.4443
1790731871.3551,19.4625,0.43388,8.4443
1790731871.4087,19.4612,0.44250,8.6116
1790731871.4622,19.4612,0.44250,8.6116
1790731871.5124,19.4612,0.44250,8.6116
1790731871.5630,19.4662,0.42368,8.2474
1790731871.6137,19.4662,0.42368,8.2474
1790731871.6687,19.4662,0.42368,8.2474
1790731871.7198,19.4662,0.42783,8.3281
1790731871.7704,19.4662,0.42783,8.3281
1790731871.8234,19.4700,0.41765,8.1316
1790731871.8784,19.4700,0.41765,8.1316
1790731871.9304,19.4700,0.41765,8.1316
1790731871.9828,19.4675,0.42510,8.2756
1790731872.0347,19.4675,0.42510,8.2756
1790731872.0857,19.4675,0.42510,8.2756
1790731872.1398,19.4725,0.41088,8.0008
1790731872.1902,19.4725,0.41088,8.0008
1790731872.2439,19.4688,0.41987,8.1744
1790731872.2989,19.4688,0.41987,8.1744
1790731872.3539,19.4688,0.41987,8.1744
1790731872.4090,19.4650,0.42968,8.3636
1790731872.4637,19.4650,0.42968,8.3636
1790731872.5155,19.4650,0.42968,8.3636
1790731872.5705,19.4700,0.41583,8.0961
1790731872.6212,19.4700,0.41583,8.0961
1790731872.6762,19.4713,0.41558,8.0918
1790731872.7312,19.4713,0.41558,8.0918
1790731872.7862,19.4713,0.41558,8.0918
1790731872.8401,19.4713,0.41297,8.0411
1790731872.8951,19.4713,0.41297,8.0411
1790731872.9480,19.4713,0.41297,8.0411
1790731872.9991,19.4700,0.41795,8.1375
1790731873.0531,19.4700,0.41795,8.1375
1790731873.1081,19.4713,0.41160,8.0144
1790731873.1631,19.4713,0.41160,8.0144
1790731873.2147,19.4713,0.41160,8.0144
1790731873.2655,19.4737,0.40675,7.9209
1790731873.3206,19.4737,0.40675,7.9209
1790731873.3737,19.4737,0.40675,7.9209
1790731873.4238,19.4750,0.40690,7.9244
1790731873.4760,19.4750,0.40690,7.9244
1790731873.5310,19.4737,0.40630,7.9122
1790731873.5858,19.4737,0.40630,7.9122
1790731873.6381,19.4737,0.40630,7.9122
1790731873.6911,19.4750,0.40288,7.8460
1790731873.7426,19.4750,0.40288,7.8460
1790731873.7952,19.4750,0.40288,7.8460
1790731873.8485,19.4750,0.40350,7.8582
1790731873.9020,19.4750,0.40350,7.8582
1790731873.9570,19.4763,0.40150,7.8197
1790731874.0087,19.4763,0.40150,7.8197
1790731874.0630,19.4763,0.40150,7.8197
1790731874.1153,19.4750,0.40258,7.8401
1790731874.1697,19.4750,0.40258,7.8401
1790731874.2216,19.4750,0.40258,7.8401
1790731874.2754,19.4750,0.40470,7.8815
1790731874.3288,19.4750,0.40470,7.8815
1790731874.3820,19.4750,0.40470,7.8815
1790731874.4370,19.4750,0.40343,7.8567
1790731874.4906,19.4750,0.40343,7.8567
1790731874.5420,19.4688,0.41690,8.1165
1790731874.5953,19.4688,0.41690,8.1165
1790731874.6490,19.4688,0.41690,8.1165
1790731874.7012,19.4688,0.41773,8.1326
1790731874.7554,19.4688,0.41773,8.1326
1790731874.8097,19.4713,0.41773,8.1336
1790731874.8635,19.4713,0.41387,8.0587
1790731874.9144,19.4713,0.41387,8.0587
1790731874.9677,19.4688,0.41890,8.1555
1790731875.0222,19.4688,0.41890,8.1555
1790731875.0768,19.4688,0.41890,8.1555
1790731875.1300,19.4650,0.43028,8.3753
1790731875.1802,19.4650,0.43028,8.3753
1790731875.2344,19.4650,0.43028,8.3753
1790731875.2894,19.4700,0.41895,8.1570
1790731875.3421,19.4700,0.41895,8.1570
1790731875.3963,19.4688,0.42010,8.1788
1790731875.4485,19.4688,0.42010,8.1788
1790731875.5035,19.4688,0.42010,8.1788
1790731875.5562,19.4725,0.41340,8.0499
1790731875.6078,19.4725,0.41340,8.0499
1790731875.6608,19.4725,0.41340,8.0499
1790731875.7155,19.4688,0.41687,8.1160
1790731875.7697,19.4688,0.41687,8.1160
1790731875.8247,19.4662,0.42690,8.3101
1790731875.8765,19.4662,0.42690,8.3101
1790731875.9289,19.4662,0.42690,8.3101
1790731875.9839,19.4675,0.42185,8.2124
1790731876.0355,19.4675,0.42185,8.2124
1790731876.0888,19.4675,0.42185,8.2124
1790731876.1402,19.4713,0.41213,8.0246
1790731876.1916,19.4713,0.41213,8.0246
1790731876.2467,19.4713,0.41152,8.0129
1790731876.3012,19.4713,0.41152,8.0129
1790731876.3512,19.4713,0.41152,8.0129
1790731876.4054,19.4662,0.42540,8.2809
1790731876.4605,19.4662,0.42540,8.2809
1790731876.5155,19.4662,0.42540,8.2809
1790731876.5701,19.4700,0.41643,8.1078
1790731876.6240,19.4700,0.41643,8.1078
1790731876.6752,19.4688,0.41990,8.1749
1790731876.7300,19.4688,0.41990,8.1749
1790731876.7837,19.4688,0.41990,8.1749
1790731876.8349,19.4688,0.41785,8.1350
1790731876.8861,19.4688,0.41785,8.1350
1790731876.9411,19.4688,0.41785,8.1350
1790731876.9958,19.4650,0.42913,8.3529
1790731877.0514,19.4650,0.42913,8.3529
1790731877.1040,19.4662,0.42478,8.2688
1790731877.1550,19.4662,0.42478,8.2688
1790731877.2100,19.4662,0.42478,8.2688
1790731877.2650,19.4475,0.46850,9.1112
1790731877.3175,19.4475,0.46850,9.1112
1790731877.3723,19.4475,0.46850,9.1112
1790731877.4273,19.4425,0.49390,9.6027
1790731877.4817,19.4425,0.49390,9.6027
1790731877.5352,19.4488,0.48410,9.4151
1790731877.5901,19.4488,0.48410,9.4151
1790731877.6403,19.4488,0.48410,9.4151
1790731877.6928,19.4550,0.47388,9.2192
1790731877.7478,19.4550,0.47388,9.2192
1790731877.8013,19.4550,0.47388,9.2192
1790731877.8563,19.4513,0.46987,9.1397
1790731877.9097,19.4513,0.46987,9.1397
1790731877.9639,19.4400,0.49815,9.6840
1790731878.0143,19.4400,0.49815,9.6840
1790731878.0680,19.4400,0.49815,9.6840
1790731878.1230,19.4500,0.46608,9.0652
1790731878.1765,19.4500,0.46608,9.0652
1790731878.2315,19.4500,0.46608,9.0652
1790731878.2856,19.4513,0.46508,9.0463
1790731878.3389,19.4513,0.46508,9.0463
1790731878.3939,19.4625,0.43838,8.5319
1790731878.4482,19.4625,0.43838,8.5319
1790731878.4996,19.4625,0.43838,8.5319
1790731878.5547,19.4550,0.45488,8.8496
1790731878.6059,19.4550,0.45488,8.8496
1790731878.6564,19.4550,0.45488,8.8496
1790731878.7114,19.4550,0.45600,8.8715
1790731878.7643,19.4550,0.45600,8.8715
1790731878.8183,19.4537,0.45888,8.9268
1790731878.8721,19.4537,0.45888,8.9268
1790731878.9221,19.4537,0.45888,8.9268
1790731878.9772,19.4563,0.45255,8.8049
1790731879.0322,19.4563,0.45255,8.8049
1790731879.0852,19.4563,0.45255,8.8049
1790731879.1398,19.4600,0.44145,8.5906
1790731879.1918,19.4600,0.44145,8.5906
1790731879.2438,19.4537,0.45885,8.9264
1790731879.2941,19.4537,0.45885,8.9264
1790731879.3460,19.4537,0.45885,8.9264
1790731879.3972,19.4513,0.46520,9.0487
1790731879.4484,19.4513,0.46520,9.0487
1790731879.5018,19.4513,0.46520,9.0487
1790731879.5533,19.4513,0.46550,9.0546
1790731879.6083,19.4513,0.46550,9.0546
1790731879.6593,19.4513,0.46550,9.0546
1790731879.7143,19.4513,0.46893,9.1212
1790731879.7694,19.4513,0.46893,9.1212
1790731879.8243,19.4513,0.46620,9.0682
1790731879.8793,19.4513,0.46620,9.0682
1790731879.9343,19.4513,0.46620,9.0682
1790731879.9893,19.4513,0.46757,9.0949
1790731880.0432,19.4513,0.46757,9.0949
1790731880.0947,19.4537,0.46757,9.0961
1790731880.1460,19.4537,0.46237,8.9949
1790731880.1974,19.4537,0.46237,8.9949
1790731880.2506,19.4537,0.45800,8.9098
1790731880.3051,19.4537,0.45800,8.9098
1790731880.3601,19.4537,0.45800,8.9098
1790731880.4112,19.4537,0.46235,8.9944
1790731880.4617,19.4537,0.46235,8.9944
1790731880.5150,19.4537,0.46235,8.9944
1790731880.5665,19.4537,0.46140,8.9760
1790731880.6195,19.4537,0.46140,8.9760
1790731880.6715,19.4563,0.44985,8.7524
1790731880.7235,19.4563,0.44985,8.7524
1790731880.7786,19.4563,0.44985,8.7524
1790731880.8321,19.4238,0.53958,10.4806
1790731880.8871,19.4238,0.53958,10.4806
1790731880.9422,19.4238,0.53958,10.4806
1790731880.9943,19.4363,0.51053,9.9227
1790731881.0461,19.4363,0.51053,9.9227
1790731881.0974,19.4300,0.51718,10.0487
1790731881.1506,19.4300,0.51718,10.0487
1790731881.2020,19.4300,0.51718,10.0487
1790731881.2552,19.4387,0.50548,9.8258
1790731881.3102,19.4387,0.50548,9.8258
1790731881.3618,19.4387,0.50548,9.8258
1790731881.4133,19.4262,0.52648,10.2274
1790731881.4671,19.4262,0.52648,10.2274
1790731881.5218,19.4238,0.52648,10.2261
1790731881.5751,19.4238,0.53787,10.4475
1790731881.6283,19.4238,0.53787,10.4475
1790731881.6820,19.4238,0.54385,10.5636
1790731881.7370,19.4238,0.54385,10.5636
1790731881.7897,19.4238,0.54385,10.5636
1790731881.8420,19.4163,0.56083,10.8891
1790731881.8958,19.4163,0.56083,10.8891
1790731881.9509,19.4138,0.56083,10.8877
1790731882.0059,19.4138,0.56688,11.0052
1790731882.0609,19.4138,0.56688,11.0052
1790731882.1111,19.4125,0.57143,11.0928
1790731882.1624,19.4125,0.57143,11.0928
1790731882.2138,19.4125,0.57143,11.0928
1790731882.2688,19.4037,0.59635,11.5714
1790731882.3238,19.4037,0.59635,11.5714
1790731882.3743,19.4037,0.59635,11.5714
1790731882.4271,19.4025,0.59420,11.5290
1790731882.4783,19.4025,0.59420,11.5290
1790731882.5333,19.4025,0.59680,11.5794
1790731882.5885,19.4025,0.59680,11.5794
1790731882.6424,19.4025,0.59680,11.5794
1790731882.6975,19.4050,0.59332,11.5135
1790731882.7525,19.4050,0.59332,11.5135
1790731882.8037,19.4050,0.59332,11.5135
1790731882.8558,19.4025,0.59560,11.5561
1790731882.9065,19.4025,0.59560,11.5561
1790731882.9577,19.4037,0.59890,11.6209
1790731883.0093,19.4037,0.59890,11.6209
1790731883.0644,19.4037,0.59890,11.6209
1790731883.1175,19.4025,0.59210,11.4882
1790731883.1692,19.4025,0.59210,11.4882
1790731883.2212,19.4025,0.59210,11.4882
1790731883.2754,19.4037,0.59773,11.5981
1790731883.3297,19.4037,0.59773,11.5981
1790731883.3845,19.4025,0.59670,11.5775
1790731883.4357,19.4025,0.59670,11.5775
1790731883.4897,19.4025,0.59670,11.5775
1790731883.5448,19.4037,0.59303,11.5069
1790731883.5959,19.4037,0.59303,11.5069
1790731883.6494,19.4037,0.59303,11.5069
1790731883.7043,19.4050,0.59290,11.5052
1790731883.7554,19.4050,0.59290,11.5052
1790731883.8068,19.4062,0.59290,11.5060
1790731883.8601,19.4062,0.58780,11.4070
1790731883.9113,19.4062,0.58780,11.4070
1790731883.9664,19.4037,0.59605,11.5656
1790731884.0182,19.4037,0.59605,11.5656
1790731884.0717,19.4037,0.59605,11.5656
1790731884.1261,19.4025,0.59945,11.6308
1790731884.1762,19.4025,0.59945,11.6308
1790731884.2295,19.4025,0.59945,11.6308
1790731884.2832,19.4037,0.59420,11.5297
1790731884.3343,19.4037,0.59420,11.5297
1790731884.3894,19.4050,0.59180,11.4839
1790731884.4411,19.4050,0.59180,11.4839
1790731884.4962,19.4050,0.59180,11.4839
1790731884.5495,19.4025,0.59858,11.6139
1790731884.6045,19.4025,0.59858,11.6139
1790731884.6568,19.4025,0.59858,11.6139
1790731884.7118,19.4013,0.59925,11.6262
1790731884.7634,19.4013,0.59925,11.6262
1790731884.8184,19.4037,0.59913,11.6253
1790731884.8727,19.4037,0.59913,11.6253
1790731884.9277,19.4037,0.59913,11.6253
1790731884.9822,19.4037,0.59288,11.5040
1790731885.0358,19.4037,0.59288,11.5040
1790731885.0890,19.4037,0.59288,11.5040
1790731885.1439,19.4025,0.59998,11.6410
1790731885.1975,19.4025,0.59998,11.6410
1790731885.2486,19.4050,0.59600,11.5654
1790731885.3032,19.4050,0.59600,11.5654
1790731885.3583,19.4050,0.59600,11.5654
1790731885.4090,19.4013,0.60035,11.6475
1790731885.4641,19.4013,0.60035,11.6475
1790731885.5179,19.4013,0.60035,11.6475
1790731885.5721,19.4037,0.59400,11.5258
1790731885.6228,19.4037,0.59400,11.5258
1790731885.6756,19.4037,0.59518,11.5486
1790731885.7289,19.4037,0.59518,11.5486
1790731885.7833,19.4037,0.59518,11.5486
1790731885.8362,19.4062,0.58945,11.4390
1790731885.8897,19.4062,0.58945,11.4390
1790731885.9447,19.4062,0.58945,11.4390
1790731885.9963,19.4037,0.59288,11.5040
1790731886.0489,19.4037,0.59288,11.5040
1790731886.1039,19.4037,0.59610,11.5666
1790731886.1542,19.4037,0.59610,11.5666
1790731886.2092,19.4037,0.59610,11.5666
1790731886.2634,19.4050,0.59532,11.5523
1790731886.3174,19.4050,0.59532,11.5523
1790731886.3694,19.4050,0.59532,11.5523
1790731886.4233,19.4050,0.59355,11.5178
1790731886.4779,19.4050,0.59355,11.5178
1790731886.5321,19.4025,0.59842,11.6109
1790731886.5834,19.4025,0.59842,11.6109
1790731886.6385,19.4025,0.59842,11.6109
1790731886.6901,19.4025,0.59740,11.5911
1790731886.7426,19.4025,0.59740,11.5911
1790731886.7968,19.4025,0.59740,11.5911
1790731886.8501,19.4062,0.59160,11.4807
1790731886.9024,19.4062,0.59160,11.4807
1790731886.9568,19.4025,0.59635,11.5707
1790731887.0075,19.4025,0.59635,11.5707
1790731887.0624,19.4025,0.59635,11.5707
1790731887.1174,19.4337,0.52225,10.1493
1790731887.1724,19.4337,0.52225,10.1493
1790731887.2238,19.4337,0.52225,10.1493
1790731887.2765,19.4612,0.44200,8.6019
1790731887.3270,19.4612,0.44200,8.6019
1790731887.3820,19.4638,0.43543,8.4750
1790731887.4369,19.4638,0.43543,8.4750
1790731887.4903,19.4638,0.43543,8.4750
1790731887.5453,19.4675,0.42673,8.3073
1790731887.5954,19.4675,0.42673,8.3073
1790731887.6486,19.4675,0.42673,8.3073
1790731887.7001,19.4625,0.43945,8.5528
1790731887.7534,19.4625,0.43945,8.5528
1790731887.8084,19.4763,0.40025,7.7954
1790731887.8595,19.4763,0.40025,7.7954
1790731887.9137,19.4763,0.40025,7.7954
1790731887.9664,19.4688,0.42325,8.2401
1790731888.0214,19.4688,0.42325,8.2401
1790731888.0758,19.4688,0.42325,8.2401
1790731888.1308,19.4638,0.43680,8.5018
1790731888.1859,19.4638,0.43680,8.5018
1790731888.2409,19.4612,0.44245,8.6106
1790731888.2958,19.4612,0.44245,8.6106
1790731888.3498,19.4612,0.44245,8.6106
1790731888.4002,19.4662,0.42650,8.3024
1790731888.4503,19.4662,0.42650,8.3024
1790731888.5036,19.4662,0.42650,8.3024
1790731888.5570,19.4638,0.43512,8.4692
1790731888.6119,19.4638,0.43512,8.4692
1790731888.6669,19.4662,0.42885,8.3481
1790731888.7217,19.4662,0.42885,8.3481
1790731888.7767,19.4662,0.42885,8.3481
1790731888.8317,19.4700,0.42152,8.2071
1790731888.8832,19.4700,0.42152,8.2071
1790731888.9365,19.4700,0.42152,8.2071
1790731888.9915,19.4688,0.42160,8.2080
1790731889.0429,19.4688,0.42160,8.2080
1790731889.0974,19.4662,0.43070,8.3841
1790731889.1524,19.4662,0.43070,8.3841
1790731889.2074,19.4662,0.43070,8.3841
1790731889.2625,19.4650,0.43195,8.4079
1790731889.3171,19.4650,0.43195,8.4079
1790731889.3695,19.4650,0.43195,8.4079
1790731889.4238,19.4662,0.42680,8.3082
1790731889.4788,19.4662,0.42680,8.3082
1790731889.5295,19.4700,0.41870,8.1521
1790731889.5845,19.4700,0.41870,8.1521
1790731889.6396,19.4700,0.41870,8.1521
1790731889.6946,19.4688,0.41930,8.1632
1790731889.7466,19.4688,0.41930,8.1632
1790731889.7980,19.4688,0.41930,8.1632
1790731889.8504,19.4700,0.41915,8.1609
1790731889.9038,19.4700,0.41915,8.1609
1790731889.9542,19.4700,0.41792,8.1370
1790731890.0059,19.4700,0.41792,8.1370
1790731890.0603,19.4700,0.41792,8.1370
1790731890.1138,19.4688,0.42060,8.1886
1790731890.1688,19.4688,0.42060,8.1886
1790731890.2239,19.4688,0.42060,8.1886
1790731890.2789,19.4700,0.42230,8.2222
1790731890.3322,19.4700,0.42230,8.2222
1790731890.3854,19.4688,0.42038,8.1842
1790731890.4372,19.4688,0.42038,8.1842
1790731890.4913,19.4688,0.42038,8.1842
1790731890.5450,19.4700,0.41820,8.1424
1790731890.5992,19.4700,0.41820,8.1424
1790731890.6506,19.4700,0.41820,8.1424
1790731890.7056,19.4688,0.42108,8.1978
1790731890.7577,19.4688,0.42108,8.1978
1790731890.8118,19.4650,0.43352,8.4386
1790731890.8668,19.4650,0.43352,8.4386
1790731890.9187,19.4650,0.43352,8.4386
1790731890.9706,19.4550,0.45735,8.8977
1790731891.0256,19.4550,0.45735,8.8977
1790731891.0763,19.4550,0.45735,8.8977
1790731891.1295,19.4625,0.44033,8.5698
1790731891.1828,19.4625,0.44033,8.5698
1790731891.2373,19.4638,0.43543,8.4750
1790731891.2923,19.4638,0.43543,8.4750
1790731891.3472,19.4638,0.43543,8.4750
1790731891.3984,19.4675,0.42235,8.2221
1790731891.4516,19.4675,0.42235,8.2221
1790731891.5067,19.4675,0.42235,8.2221
1790731891.5604,19.4675,0.42380,8.2503
1790731891.6154,19.4675,0.42380,8.2503
1790731891.6702,19.4675,0.42503,8.2742
1790731891.7252,19.4675,0.42503,8.2742
1790731891.7772,19.4675,0.42503,8.2742
1790731891.8300,19.4600,0.44560,8.6714
1790731891.8850,19.4600,0.44560,8.6714
1790731891.9400,19.4600,0.44560,8.6714
1790731891.9922,19.4688,0.42425,8.2596
1790731892.0450,19.4688,0.42425,8.2596
1790731892.1000,19.4737,0.41187,8.0208
1790731892.1523,19.4737,0.41187,8.0208
1790731892.2035,19.4737,0.41187,8.0208
1790731892.2536,19.4612,0.43673,8.4992
1790731892.3044,19.4612,0.43673,8.4992
1790731892.3595,19.4612,0.43673,8.4992
1790731892.4129,19.4525,0.46695,9.0833
1790731892.4647,19.4525,0.46695,9.0833
1790731892.5192,19.4550,0.45905,8.9308
1790731892.5714,19.4550,0.45905,8.9308
1790731892.6260,19.4550,0.45905,8.9308
1790731892.6766,19.4638,0.44028,8.5694
1790731892.7309,19.4638,0.44028,8.5694
1790731892.7841,19.4638,0.44028,8.5694
1790731892.8377,19.4625,0.43955,8.5547
1790731892.8923,19.4625,0.43955,8.5547
1790731892.9465,19.4325,0.43955,8.5416
1790731892.9975,19.4325,0.51935,10.0923
1790731893.0508,19.4325,0.51935,10.0923
1790731893.1058,19.4288,0.53430,10.3808
1790731893.1588,19.4288,0.53430,10.3808
1790731893.2127,19.4288,0.53430,10.3808
1790731893.2652,19.4225,0.54965,10.6756
1790731893.3182,19.4225,0.54965,10.6756
1790731893.3706,19.4225,0.54965,10.6756
1790731893.4237,19.4488,0.47365,9.2119
1790731893.4775,19.4488,0.47365,9.2119
1790731893.5321,19.4513,0.47127,9.1669
1790731893.5834,19.4513,0.47127,9.1669
1790731893.6375,19.4513,0.47127,9.1669
1790731893.6909,19.4563,0.45920,8.9343
1790731893.7432,19.4563,0.45920,8.9343
1790731893.7976,19.4563,0.45920,8.9343
1790731893.8509,19.4563,0.45958,8.9416
1790731893.9052,19.4563,0.45958,8.9416
1790731893.9602,19.4600,0.45305,8.8164
1790731894.0136,19.4600,0.45305,8.8164
1790731894.0652,19.4600,0.45305,8.8164
1790731894.1176,19.4612,0.44400,8.6408
1790731894.1710,19.4612,0.44400,8.6408
1790731894.2257,19.4612,0.44400,8.6408
1790731894.2787,19.4638,0.43643,8.4945
1790731894.3309,19.4638,0.43643,8.4945
1790731894.3843,19.4638,0.43470,8.4609
1790731894.4386,19.4638,0.43470,8.4609
1790731894.4910,19.4638,0.43470,8.4609
1790731894.5456,19.4612,0.44720,8.7031
1790731894.6058,19.4612,0.44720,8.7031
1790731894.6560,19.4612,0.44720,8.7031
1790731894.7109,19.4612,0.43880,8.5396
1790731894.7626,19.4612,0.43880,8.5396
1790731894.8174,19.4638,0.43430,8.4531
1790731894.8713,19.4638,0.43430,8.4531
1790731894.9263,19.4638,0.43430,8.4531
1790731894.9780,19.4625,0.43185,8.4049
1790731895.0293,19.4625,0.43185,8.4049
1790731895.0805,19.4625,0.43185,8.4049
1790731895.1311,19.4638,0.43270,8.4220
1790731895.1854,19.4638,0.43270,8.4220
1790731895.2378,19.4650,0.43413,8.4502
1790731895.2911,19.4650,0.43413,8.4502
1790731895.3444,19.4650,0.43413,8.4502
1790731895.3986,19.4688,0.42203,8.2163
1790731895.4512,19.4688,0.42203,8.2163
1790731895.5045,19.4688,0.42203,8.2163
1790731895.5595,19.4675,0.42228,8.2206
1790731895.6111,19.4675,0.42228,8.2206
1790731895.6639,19.4688,0.42360,8.2470
1790731895.7173,19.4688,0.42360,8.2470
1790731895.7711,19.4688,0.42360,8.2470
1790731895.8261,19.4713,0.41150,8.0124
1790731895.8778,19.4713,0.41150,8.0124
1790731895.9311,19.4713,0.41150,8.0124
1790731895.9841,19.4662,0.42938,8.3583
1790731896.0378,19.4662,0.42938,8.3583
1790731896.0912,19.4675,0.42695,8.3116
1790731896.1458,19.4675,0.42695,8.3116
1790731896.1975,19.4675,0.42695,8.3116
1790731896.2511,19.4675,0.42825,8.3370
1790731896.3045,19.4675,0.42825,8.3370
1790731896.3579,19.4675,0.42825,8.3370
1790731896.4125,19.4675,0.42390,8.2523
1790731896.4645,19.4675,0.42390,8.2523
1790731896.5189,19.4638,0.43247,8.4176
1790731896.5713,19.4638,0.43247,8.4176
1790731896.6263,19.4638,0.43247,8.4176
1790731896.6803,19.4737,0.40720,7.9297
1790731896.7312,19.4737,0.40720,7.9297
1790731896.7846,19.4737,0.40720,7.9297
1790731896.8379,19.4713,0.41518,8.0840
1790731896.8926,19.4713,0.41518,8.0840
1790731896.9446,19.4650,0.41518,8.0814
1790731896.9994,19.4650,0.42993,8.3685
1790731897.0512,19.4650,0.42993,8.3685
1790731897.1063,19.4675,0.42500,8.2737
1790731897.1580,19.4675,0.42500,8.2737
1790731897.2127,19.4675,0.42500,8.2737
1790731897.2646,19.4662,0.42648,8.3019
1790731897.3154,19.4662,0.42648,8.3019
1790731897.3673,19.4662,0.42648,8.3019
1790731897.4208,19.4688,0.42593,8.2922
1790731897.4758,19.4688,0.42593,8.2922
1790731897.5308,19.4650,0.42975,8.3651
1790731897.5847,19.4650,0.42975,8.3651
1790731897.6380,19.4650,0.42975,8.3651
1790731897.6930,19.4650,0.43555,8.4780
1790731897.7464,19.4650,0.43555,8.4780
1790731897.8009,19.4638,0.43555,8.4774
1790731897.8511,19.4638,0.42988,8.3670
1790731897.9061,19.4638,0.42988,8.3670
1790731897.9580,19.4675,0.43058,8.3822
1790731898.0112,19.4675,0.43058,8.3822
1790731898.0641,19.4675,0.43058,8.3822
1790731898.1180,19.4650,0.43468,8.4609
1790731898.1721,19.4650,0.43468,8.4609
1790731898.2262,19.4650,0.43468,8.4609
1790731898.2782,19.4650,0.43090,8.3875
1790731898.3312,19.4650,0.43090,8.3875
1790731898.3847,19.4612,0.43957,8.5547
1790731898.4359,19.4612,0.43957,8.5547
1790731898.4909,19.4612,0.43957,8.5547
1790731898.5442,19.4638,0.44148,8.5928
1790731898.5981,19.4638,0.44148,8.5928
1790731898.6514,19.4638,0.44148,8.5928
1790731898.7047,19.4700,0.41968,8.1711
1790731898.7582,19.4700,0.41968,8.1711
1790731898.8115,19.4650,0.43150,8.3991
1790731898.8661,19.4650,0.43150,8.3991
1790731898.9194,19.4650,0.43150,8.3991
1790731898.9744,19.4588,0.44375,8.6348
1790731899.0248,19.4588,0.44375,8.6348
1790731899.0781,19.4588,0.44375,8.6348
1790731899.1315,19.4575,0.45510,8.8551
1790731899.1858,19.4575,0.45510,8.8551
1790731899.2392,19.4563,0.46498,9.0467
1790731899.2907,19.4563,0.46498,9.0467
1790731899.3439,19.4563,0.46498,9.0467
1790731899.3990,19.4575,0.45170,8.7890
1790731899.4525,19.4575,0.45170,8.7890
1790731899.5049,19.4575,0.45170,8.7890
1790731899.5591,19.4475,0.48120,9.3581
1790731899.6116,19.4475,0.48120,9.3581
1790731899.6656,19.4250,0.53873,10.4647
1790731899.7182,19.4250,0.53873,10.4647
1790731899.7717,19.4250,0.53873,10.4647
1790731899.8257,19.4387,0.50520,9.8205
1790731899.8782,19.4387,0.50520,9.8205
1790731899.9317,19.4387,0.50520,9.8205
1790731899.9851,19.4325,0.51640,10.0349
1790731900.0383,19.4325,0.51640,10.0349
1790731900.0933,19.4475,0.47450,9.2278
1790731900.1450,19.4475,0.47450,9.2278
1790731900.1983,19.4475,0.47450,9.2278
1790731900.2520,19.4625,0.43700,8.5051
1790731900.3050,19.4625,0.43700,8.5051
1790731900.3590,19.4625,0.43700,8.5051
1790731900.4116,19.4625,0.43988,8.5611
1790731900.4651,19.4625,0.43988,8.5611
1790731900.5183,19.4625,0.43978,8.5591
1790731900.5729,19.4625,0.43978,8.5591
1790731900.6244,19.4625,0.43978,8.5591
1790731900.6792,19.4662,0.42740,8.3199
1790731900.7317,19.4662,0.42740,8.3199
1790731900.7859,19.4662,0.42740,8.3199
1790731900.8384,19.4650,0.43330,8.4342
1790731900.8917,19.4650,0.43330,8.4342
1790731900.9453,19.4662,0.42528,8.2785
1790731900.9984,19.4662,0.42528,8.2785
1790731901.0517,19.4662,0.42528,8.2785
1790731901.1068,19.4650,0.43183,8.4055
1790731901.1594,19.4650,0.43183,8.4055
1790731901.2132,19.4650,0.43183,8.4055
1790731901.2661,19.4638,0.43488,8.4643
1790731901.3206,19.4638,0.43488,8.4643
1790731901.3718,19.4688,0.42130,8.2022
1790731901.4253,19.4688,0.42130,8.2022
1790731901.4784,19.4688,0.42130,8.2022
1790731901.5331,19.4700,0.41602,8.1000
1790731901.5843,19.4700,0.41602,8.1000
1790731901.6385,19.4700,0.41602,8.1000
1790731901.6923,19.4713,0.41588,8.0976
1790731901.7451,19.4713,0.41588,8.0976
1790731901.7985,19.4700,0.41588,8.0971
1790731901.8534,19.4700,0.41645,8.1083
1790731901.9056,19.4700,0.41645,8.1083
1790731901.9604,19.4662,0.43003,8.3710
1790731902.0115,19.4662,0.43003,8.3710
1790731902.0649,19.4662,0.43003,8.3710
1790731902.1185,19.4675,0.42335,8.2416
1790731902.1692,19.4675,0.42335,8.2416
1790731902.2243,19.4675,0.42335,8.2416
1790731902.2793,19.4700,0.41800,8.1385
1790731902.3319,19.4700,0.41800,8.1385
1790731902.3853,19.4700,0.41733,8.1253
1790731902.4386,19.4700,0.41733,8.1253
1790731902.4927,19.4700,0.41733,8.1253
1790731902.5452,19.4700,0.41723,8.1234
1790731902.5956,19.4700,0.41723,8.1234
1790731902.6498,19.4700,0.41723,8.1234
1790731902.7049,19.4700,0.41975,8.1725
1790731902.7587,19.4700,0.41975,8.1725
1790731902.8120,19.4688,0.41760,8.1302
1790731902.8653,19.4688,0.41760,8.1302
1790731902.9186,19.4688,0.41760,8.1302
1790731902.9719,19.4700,0.41430,8.0664
1790731903.0269,19.4700,0.41430,8.0664
1790731903.0786,19.4700,0.41430,8.0664
1790731903.1320,19.4713,0.41553,8.0908
1790731903.1854,19.4713,0.41553,8.0908
1790731903.2405,19.4625,0.43443,8.4550
1790731903.2943,19.4625,0.43443,8.4550
1790731903.3453,19.4625,0.43443,8.4550
1790731903.3991,19.4662,0.42600,8.2926
1790731903.4520,19.4662,0.42600,8.2926
1790731903.5053,19.4662,0.42600,8.2926
1790731903.5595,19.4662,0.43095,8.3890
1790731903.6124,19.4662,0.43095,8.3890
1790731903.6652,19.4662,0.42950,8.3608
1790731903.7202,19.4662,0.42950,8.3608
1790731903.7721,19.4662,0.42950,8.3608
1790731903.8254,19.4700,0.41870,8.1521
1790731903.8785,19.4700,0.41870,8.1521
1790731903.9320,19.4700,0.41870,8.1521
1790731903.9856,19.4588,0.44798,8.7170
1790731904.0364,19.4588,0.44798,8.7170
1790731904.0909,19.4563,0.45735,8.8983
1790731904.1454,19.4563,0.45735,8.8983
1790731904.1987,19.4563,0.45735,8.8983
1790731904.2535,19.4537,0.46158,8.9794
1790731904.3067,19.4537,0.46158,8.9794
1790731904.3582,19.4537,0.46158,8.9794
1790731904.4120,19.4513,0.46613,9.0667
1790731904.4668,19.4513,0.46613,9.0667
1790731904.5214,19.4563,0.45235,8.8010
1790731904.5731,19.4563,0.45235,8.8010
1790731904.6254,19.4563,0.45235,8.8010
1790731904.6792,19.4600,0.44060,8.5741
1790731904.7342,19.4600,0.44060,8.5741
1790731904.7880,19.4600,0.44060,8.5741
1790731904.8406,19.4488,0.47295,9.1983
1790731904.8921,19.4488,0.47295,9.1983
1790731904.9453,19.4400,0.49602,9.6427
1790731904.9988,19.4400,0.49602,9.6427
1790731905.0522,19.4400,0.49602,9.6427
1790731905.1060,19.4500,0.46820,9.1065
1790731905.1598,19.4500,0.46820,9.1065
1790731905.2102,19.4500,0.46820,9.1065
1790731905.2652,19.4438,0.48740,9.4769
1790731905.3202,19.4438,0.48740,9.4769
1790731905.3752,19.4638,0.43670,8.4998
1790731905.4273,19.4638,0.43670,8.4998
1790731905.4788,19.4638,0.43670,8.4998
1790731905.5322,19.4612,0.44135,8.5892
1790731905.5870,19.4612,0.44135,8.5892
1790731905.6420,19.4612,0.44135,8.5892
1790731905.6922,19.4612,0.44698,8.6987
1790731905.7472,19.4612,0.44698,8.6987
1790731905.8016,19.4662,0.42960,8.3627
1790731905.8519,19.4662,0.42960,8.3627
1790731905.9069,19.4662,0.42960,8.3627
1790731905.9578,19.4700,0.41838,8.1458
1790731906.0088,19.4700,0.41838,8.1458
1790731906.0602,19.4700,0.41838,8.1458
1790731906.1117,19.4713,0.41597,8.0996
1790731906.1631,19.4713,0.41597,8.0996
1790731906.2145,19.4713,0.41597,8.0996
1790731906.2693,19.4650,0.42680,8.3077
1790731906.3243,19.4650,0.42680,8.3077
1790731906.3784,19.4662,0.42973,8.3651
1790731906.4321,19.4662,0.42973,8.3651
1790731906.4825,19.4662,0.42973,8.3651
1790731906.5352,19.4700,0.41965,8.1706
1790731906.5871,19.4700,0.41965,8.1706
1790731906.6422,19.4700,0.41965,8.1706
1790731906.6923,19.4713,0.41503,8.0811
1790731906.7468,19.4713,0.41503,8.0811
1790731906.7971,19.4662,0.41503,8.0790
1790731906.8479,19.4662,0.42567,8.2863
1790731906.9029,19.4662,0.42567,8.2863
1790731906.9580,19.4688,0.42152,8.2066
1790731907.0092,19.4688,0.42152,8.2066
1790731907.0607,19.4688,0.42152,8.2066
1790731907.1118,19.4662,0.42550,8.2829
1790731907.1668,19.4662,0.42550,8.2829
1790731907.2179,19.4662,0.42550,8.2829
1790731907.2729,19.4700,0.41545,8.0888
1790731907.3233,19.4700,0.41545,8.0888
1790731907.3784,19.4650,0.42768,8.3247
1790731907.4320,19.4650,0.42768,8.3247
1790731907.4844,19.4650,0.42768,8.3247
1790731907.5377,19.4737,0.40588,7.9039
1790731907.5927,19.4737,0.40588,7.9039
1790731907.6477,19.4737,0.40588,7.9039
1790731907.7015,19.4750,0.40228,7.8343
1790731907.7529,19.4750,0.40228,7.8343
1790731907.8068,19.4788,0.39620,7.7175
1790731907.8569,19.4788,0.39620,7.7175
1790731907.9085,19.4788,0.39620,7.7175
1790731907.9597,19.4662,0.42742,8.3204
1790731908.0131,19.4662,0.42742,8.3204
1790731908.0681,19.4662,0.42742,8.3204
1790731908.1197,19.4713,0.41685,8.1166
1790731908.1748,19.4713,0.41685,8.1166
1790731908.2270,19.4713,0.41320,8.0455
1790731908.2820,19.4713,0.41320,8.0455
1790731908.3369,19.4713,0.41320,8.0455
1790731908.3914,19.4713,0.41425,8.0660
1790731908.4435,19.4713,0.41425,8.0660
1790731908.4970,19.4713,0.41425,8.0660
1790731908.5502,19.4725,0.40957,7.9754
1790731908.6042,19.4725,0.40957,7.9754
1790731908.6589,19.4700,0.41978,8.1730
1790731908.7112,19.4700,0.41978,8.1730
1790731908.7662,19.4700,0.41978,8.1730
1790731908.8205,19.4700,0.41575,8.0947
1790731908.8710,19.4700,0.41575,8.0947
1790731908.9254,19.4700,0.41575,8.0947
1790731908.9805,19.4675,0.42423,8.2586
1790731909.0337,19.4675,0.42423,8.2586
1790731909.0871,19.4675,0.42305,8.2357
1790731909.1382,19.4675,0.42305,8.2357
1790731909.1932,19.4675,0.42305,8.2357
1790731909.2465,19.4650,0.42923,8.3549
1790731909.3008,19.4650,0.42923,8.3549
1790731909.3533,19.4650,0.42923,8.3549
1790731909.4047,19.4662,0.42677,8.3077
1790731909.4579,19.4662,0.42677,8.3077
1790731909.5129,19.4662,0.42523,8.2775
1790731909.5655,19.4662,0.42523,8.2775
1790731909.6200,19.4662,0.42523,8.2775
1790731909.6712,19.4650,0.43058,8.3811
1790731909.7224,19.4650,0.43058,8.3811
1790731909.7756,19.4650,0.43058,8.3811
1790731909.8269,19.4675,0.42438,8.2615
1790731909.8788,19.4675,0.42438,8.2615
1790731909.9333,19.4675,0.42438,8.2615
1790731909.9883,19.4662,0.42692,8.3106
1790731910.0433,19.4662,0.42692,8.3106
1790731910.0983,19.4675,0.42410,8.2562
1790731910.1522,19.4675,0.42410,8.2562
1790731910.2057,19.4675,0.42410,8.2562
1790731910.2583,19.4688,0.42163,8.2085
1790731910.3122,19.4688,0.42163,8.2085
1790731910.3656,19.4750,0.42163,8.2111
1790731910.4168,19.4750,0.40635,7.9137
1790731910.4716,19.4750,0.40635,7.9137
1790731910.5248,19.4688,0.41872,8.1521
1790731910.5798,19.4688,0.41872,8.1521
1790731910.6322,19.4688,0.41872,8.1521
1790731910.6856,19.4688,0.41992,8.1754
1790731910.7406,19.4688,0.41992,8.1754
1790731910.7952,19.4662,0.41992,8.1744
1790731910.8467,19.4662,0.42808,8.3330
1790731910.8989,19.4662,0.42808,8.3330
1790731910.9494,19.4662,0.42750,8.3218
1790731911.0007,19.4662,0.42750,8.3218
1790731911.0558,19.4662,0.42750,8.3218
1790731911.1067,19.4650,0.43143,8.3977
1790731911.1568,19.4650,0.43143,8.3977
1790731911.2117,19.4650,0.43143,8.3977
1790731911.2643,19.4675,0.42625,8.2980
1790731911.3147,19.4675,0.42625,8.2980
1790731911.3690,19.4612,0.43927,8.5488
1790731911.4193,19.4612,0.43927,8.5488
1790731911.4724,19.4612,0.43927,8.5488
1790731911.5275,19.4625,0.43743,8.5134
1790731911.5810,19.4625,0.43743,8.5134
1790731911.6324,19.4625,0.43743,8.5134
1790731911.6836,19.4713,0.41553,8.0908
1790731911.7350,19.4713,0.41553,8.0908
1790731911.7886,19.4713,0.41553,8.0908
1790731911.8416,19.4675,0.42207,8.2167
1790731911.8950,19.4675,0.42207,8.2167
1790731911.9475,19.4713,0.41338,8.0489
1790731912.0007,19.4713,0.41338,8.0489
1790731912.0528,19.4713,0.41338,8.0489
1790731912.1074,19.4737,0.40750,7.9356
1790731912.1623,19.4737,0.40750,7.9356
1790731912.2174,19.4737,0.40750,7.9356
1790731912.2724,19.4737,0.40678,7.9214
1790731912.3228,19.4737,0.40678,7.9214
1790731912.3733,19.4713,0.41198,8.0217
1790731912.4274,19.4713,0.41198,8.0217
1790731912.4807,19.4713,0.41198,8.0217
1790731912.5330,19.4500,0.46668,9.0768
1790731912.5873,19.4500,0.46668,9.0768
1790731912.6401,19.4500,0.46668,9.0768
1790731912.6921,19.4662,0.42420,8.2576
1790731912.7470,19.4662,0.42420,8.2576
1790731912.8003,19.4675,0.42275,8.2299
1790731912.8516,19.4675,0.42275,8.2299
1790731912.9066,19.4675,0.42275,8.2299
1790731912.9579,19.4675,0.42315,8.2377
1790731913.0093,19.4675,0.42315,8.2377
1790731913.0643,19.4675,0.42315,8.2377
1790731913.1160,19.4700,0.41933,8.1643
1790731913.1697,19.4700,0.41933,8.1643
1790731913.2207,19.4662,0.41933,8.1627
1790731913.2728,19.4662,0.42778,8.3272
1790731913.3246,19.4662,0.42778,8.3272
1790731913.3758,19.4537,0.45728,8.8957
1790731913.4298,19.4537,0.45728,8.8957
1790731913.4805,19.4537,0.45728,8.8957
1790731913.5355,19.4612,0.43723,8.5089
1790731913.5869,19.4612,0.43723,8.5089
1790731913.6388,19.4612,0.43723,8.5089
1790731913.6938,19.4662,0.42545,8.2819
1790731913.7476,19.4662,0.42545,8.2819
1790731913.8026,19.4662,0.42552,8.2834
1790731913.8576,19.4662,0.42552,8.2834
1790731913.9126,19.4662,0.42552,8.2834
1790731913.9666,19.4662,0.42633,8.2989
1790731914.0205,19.4662,0.42633,8.2989
1790731914.0752,19.4662,0.42633,8.2989
1790731914.1284,19.4650,0.43085,8.3865
1790731914.1835,19.4650,0.43085,8.3865
1790731914.2364,19.4662,0.42475,8.2683
1790731914.2914,19.4662,0.42475,8.2683
1790731914.3430,19.4662,0.42475,8.2683
1790731914.3980,19.4737,0.40762,7.9380
1790731914.4530,19.4737,0.40762,7.9380
1790731914.5080,19.4737,0.40762,7.9380
1790731914.5599,19.4737,0.40820,7.9492
1790731914.6149,19.4737,0.40820,7.9492
1790731914.6700,19.4800,0.38995,7.5962
1790731914.7250,19.4800,0.38995,7.5962
1790731914.7799,19.4800,0.38995,7.5962
1790731914.8306,19.4812,0.38648,7.5290
1790731914.8856,19.4812,0.38648,7.5290
1790731914.9406,19.4825,0.38182,7.4389
1790731914.9948,19.4825,0.38182,7.4389
1790731915.0498,19.4825,0.38182,7.4389
1790731915.1006,19.4800,0.38948,7.5870
1790731915.1508,19.4800,0.38948,7.5870
1790731915.2028,19.4800,0.38948,7.5870
1790731915.2535,19.4688,0.41735,8.1253
1790731915.3067,19.4688,0.41735,8.1253
1790731915.3583,19.4688,0.41735,8.1253
1790731915.4123,19.4763,0.40027,7.7959
1790731915.4666,19.4763,0.40027,7.7959
1790731915.5217,19.4763,0.40038,7.7978
1790731915.5759,19.4763,0.40038,7.7978
1790731915.6278,19.4763,0.40038,7.7978
1790731915.6823,19.4737,0.40465,7.8801
1790731915.7350,19.4737,0.40465,7.8801
1790731915.7857,19.4737,0.40465,7.8801
1790731915.8408,19.4675,0.42240,8.2231
1790731915.8940,19.4675,0.42240,8.2231
1790731915.9457,19.4662,0.42665,8.3053
1790731915.9980,19.4662,0.42665,8.3053
1790731916.0521,19.4662,0.42665,8.3053
1790731916.1023,19.4700,0.41883,8.1545
1790731916.1556,19.4700,0.41883,8.1545
1790731916.2064,19.4700,0.41883,8.1545
1790731916.2595,19.4650,0.42835,8.3378
1790731916.3136,19.4650,0.42835,8.3378
1790731916.3672,19.4700,0.41788,8.1360
1790731916.4208,19.4700,0.41788,8.1360
1790731916.4729,19.4700,0.41788,8.1360
1790731916.5271,19.4662,0.42700,8.3121
1790731916.5814,19.4662,0.42700,8.3121
1790731916.6364,19.4662,0.42700,8.3121
1790731916.6879,19.4662,0.42680,8.3082
1790731916.7428,19.4662,0.42680,8.3082
1790731916.7951,19.4675,0.42405,8.2552
1790731916.8487,19.4675,0.42405,8.2552
1790731916.9037,19.4675,0.42405,8.2552
1790731916.9588,19.4650,0.43135,8.3962
1790731917.0125,19.4650,0.43135,8.3962
1790731917.0658,19.4650,0.43135,8.3962
1790731917.1201,19.4650,0.43210,8.4108
1790731917.1735,19.4650,0.43210,8.4108
1790731917.2274,19.4650,0.42918,8.3539
1790731917.2824,19.4650,0.42918,8.3539
1790731917.3358,19.4650,0.42918,8.3539
1790731917.3895,19.4600,0.44418,8.6436
1790731917.4402,19.4600,0.44418,8.6436
1790731917.4938,19.4600,0.44418,8.6436
1790731917.5484,19.4588,0.44615,8.6815
1790731917.6022,19.4588,0.44615,8.6815
1790731917.6549,19.4588,0.44655,8.6893
1790731917.7084,19.4588,0.44655,8.6893
1790731917.7622,19.4588,0.44655,8.6893
1790731917.8136,19.4575,0.45108,8.7768
1790731917.8655,19.4575,0.45108,8.7768
1790731917.9161,19.4575,0.45108,8.7768
1790731917.9664,19.4588,0.44940,8.7448
1790731918.0205,19.4588,0.44940,8.7448
1790731918.0731,19.4588,0.44940,8.7448
1790731918.1233,19.4588,0.44638,8.6859
1790731918.1770,19.4588,0.44638,8.6859
1790731918.2319,19.4588,0.44433,8.6460
1790731918.2864,19.4588,0.44433,8.6460
1790731918.3415,19.4588,0.44433,8.6460
1790731918.3965,19.4588,0.44785,8.7146
1790731918.4515,19.4588,0.44785,8.7146
1790731918.5043,19.4550,0.44785,8.7129
1790731918.5593,19.4550,0.45310,8.8151
1790731918.6135,19.4550,0.45310,8.8151
1790731918.6682,19.4563,0.45138,8.7821
1790731918.7203,19.4563,0.45138,8.7821
1790731918.7750,19.4563,0.45138,8.7821
1790731918.8300,19.4600,0.44528,8.6651
1790731918.8850,19.4600,0.44528,8.6651
1790731918.9375,19.4625,0.43802,8.5251
1790731918.9926,19.4625,0.43802,8.5251
1790731919.0465,19.4625,0.43802,8.5251
1790731919.1013,19.4638,0.43210,8.4103
1790731919.1535,19.4638,0.43210,8.4103
1790731919.2074,19.4638,0.43210,8.4103
1790731919.2587,19.4612,0.44033,8.5693
1790731919.3137,19.4612,0.44033,8.5693
1790731919.3661,19.4575,0.45078,8.7710
1790731919.4211,19.4575,0.45078,8.7710
1790731919.4732,19.4575,0.45078,8.7710
1790731919.5270,19.4688,0.41933,8.1637
1790731919.5779,19.4688,0.41933,8.1637
1790731919.6292,19.4688,0.41933,8.1637
1790731919.6827,19.4700,0.41735,8.1258
1790731919.7346,19.4700,0.41735,8.1258
1790731919.7896,19.4688,0.41735,8.1253
1790731919.8411,19.4688,0.41910,8.1594
1790731919.8961,19.4688,0.41910,8.1594
1790731919.9474,19.4675,0.42200,8.2153
1790731919.9995,19.4675,0.42200,8.2153
1790731920.0530,19.4675,0.42200,8.2153
1790731920.1080,19.4638,0.43108,8.3903
1790731920.1588,19.4638,0.43108,8.3903
1790731920.2138,19.4638,0.43108,8.3903
1790731920.2685,19.4588,0.44377,8.6353
1790731920.3227,19.4588,0.44377,8.6353
1790731920.3760,19.4625,0.43780,8.5207
1790731920.4263,19.4625,0.43780,8.5207
1790731920.4813,19.4625,0.43780,8.5207
1790731920.5346,19.4638,0.43130,8.3947
1790731920.5850,19.4638,0.43130,8.3947
1790731920.6400,19.4638,0.43130,8.3947
1790731920.6936,19.4662,0.42613,8.2951
1790731920.7449,19.4662,0.42613,8.2951
1790731920.7961,19.4688,0.41907,8.1589
1790731920.8512,19.4688,0.41907,8.1589
1790731920.9032,19.4688,0.41907,8.1589
1790731920.9560,19.4688,0.42133,8.2027
1790731921.0110,19.4688,0.42133,8.2027
1790731921.0661,19.4688,0.42133,8.2027
1790731921.1190,19.4675,0.42328,8.2401
1790731921.1739,19.4675,0.42328,8.2401
1790731921.2286,19.4688,0.41975,8.1720
1790731921.2791,19.4688,0.41975,8.1720
1790731921.3301,19.4688,0.41975,8.1720
1790731921.3850,19.4675,0.42402,8.2547
1790731921.4396,19.4675,0.42402,8.2547
1790731921.4938,19.4675,0.42402,8.2547
1790731921.5467,19.4688,0.42265,8.2285
1790731921.6017,19.4688,0.42265,8.2285
1790731921.6567,19.4675,0.42413,8.2567
1790731921.7087,19.4675,0.42413,8.2567
1790731921.7591,19.4675,0.42413,8.2567
1790731921.8127,19.4688,0.42133,8.2027
1790731921.8677,19.4688,0.42133,8.2027
1790731921.9227,19.4688,0.42133,8.2027
1790731921.9768,19.4688,0.42105,8.1973
1790731922.0318,19.4688,0.42105,8.1973
1790731922.0868,19.4725,0.40957,7.9754
1790731922.1409,19.4725,0.40957,7.9754
1790731922.1957,19.4725,0.40957,7.9754
1790731922.2477,19.4750,0.40737,7.9336
1790731922.3012,19.4750,0.40737,7.9336
1790731922.3523,19.4750,0.40737,7.9336
1790731922.4059,19.4737,0.40760,7.9375
1790731922.4609,19.4737,0.40760,7.9375
1790731922.5160,19.4737,0.40505,7.8878
1790731922.5707,19.4737,0.40505,7.8878
1790731922.6208,19.4737,0.40505,7.8878
1790731922.6739,19.4700,0.41733,8.1253
1790731922.7270,19.4700,0.41733,8.1253
1790731922.7798,19.4700,0.41733,8.1253
1790731922.8340,19.4688,0.41955,8.1681
1790731922.8846,19.4688,0.41955,8.1681
1790731922.9365,19.4688,0.42215,8.2187
1790731922.9869,19.4688,0.42215,8.2187
1790731923.0408,19.4688,0.42215,8.2187
1790731923.0942,19.4625,0.43723,8.5095
1790731923.1469,19.4625,0.43723,8.5095
1790731923.2007,19.4625,0.43723,8.5095
1790731923.2510,19.4650,0.42907,8.3519
1790731923.3021,19.4650,0.42907,8.3519
1790731923.3555,19.4650,0.42907,8.3519
1790731923.4063,19.4625,0.43648,8.4949
1790731923.4613,19.4625,0.43648,8.4949
1790731923.5150,19.4650,0.42838,8.3383
1790731923.5665,19.4650,0.42838,8.3383
1790731923.6215,19.4650,0.42838,8.3383
1790731923.6747,19.4650,0.43228,8.4142
1790731923.7269,19.4650,0.43228,8.4142
1790731923.7789,19.4650,0.43228,8.4142
1790731923.8333,19.4650,0.43012,8.3724
1790731923.8871,19.4650,0.43012,8.3724
1790731923.9408,19.4688,0.42078,8.1920
1790731923.9943,19.4688,0.42078,8.1920
1790731924.0471,19.4688,0.42078,8.1920
1790731924.0971,19.4713,0.41295,8.0407
1790731924.1486,19.4713,0.41295,8.0407
1790731924.2010,19.4713,0.41295,8.0407
1790731924.2553,19.4725,0.41028,7.9891
1790731924.3076,19.4725,0.41028,7.9891
1790731924.3600,19.4688,0.41028,7.9875
1790731924.4130,19.4688,0.42115,8.1993
1790731924.4646,19.4688,0.42115,8.1993
1790731924.5153,19.4675,0.42333,8.2411
1790731924.5672,19.4675,0.42333,8.2411
1790731924.6222,19.4675,0.42333,8.2411
1790731924.6772,19.4638,0.43427,8.4526
1790731924.7311,19.4638,0.43427,8.4526
1790731924.7813,19.4638,0.43427,8.4526
1790731924.8363,19.4638,0.43345,8.4366
1790731924.8909,19.4638,0.43345,8.4366
1790731924.9457,19.4575,0.44638,8.6853
1790731924.9996,19.4575,0.44638,8.6853
1790731925.0544,19.4575,0.44638,8.6853
1790731925.1082,19.4662,0.42442,8.2620
1790731925.1611,19.4662,0.42442,8.2620
1790731925.2118,19.4662,0.42442,8.2620
1790731925.2665,19.4638,0.43238,8.4156
1790731925.3172,19.4638,0.43238,8.4156
1790731925.3687,19.4612,0.43965,8.5561
1790731925.4237,19.4612,0.43965,8.5561
1790731925.4745,19.4612,0.43965,8.5561
1790731925.5295,19.4525,0.46350,9.0162
1790731925.5846,19.4525,0.46350,9.0162
1790731925.6396,19.4525,0.46350,9.0162
1790731925.6927,19.4537,0.45885,8.9264
1790731925.7430,19.4537,0.45885,8.9264
1790731925.7978,19.4537,0.46270,9.0013
1790731925.8521,19.4537,0.46270,9.0013
1790731925.9056,19.4537,0.46270,9.0013
1790731925.9564,19.4537,0.45985,8.9458
1790731926.0068,19.4537,0.45985,8.9458
1790731926.0618,19.4537,0.45985,8.9458
1790731926.1162,19.4563,0.45865,8.9236
1790731926.1665,19.4563,0.45865,8.9236
1790731926.2202,19.4563,0.45448,8.8424
1790731926.2709,19.4563,0.45448,8.8424
1790731926.3222,19.4563,0.45448,8.8424
1790731926.3736,19.4513,0.46690,9.0818
1790731926.4269,19.4513,0.46690,9.0818
1790731926.4812,19.4513,0.46690,9.0818
1790731926.5345,19.4475,0.47743,9.2847
1790731926.5886,19.4475,0.47743,9.2847
1790731926.6395,19.4475,0.47743,9.2847
1790731926.6908,19.4525,0.46380,9.0221
1790731926.7428,19.4525,0.46380,9.0221
1790731926.7958,19.4550,0.45713,8.8934
1790731926.8494,19.4550,0.45713,8.8934
1790731926.9017,19.4550,0.45713,8.8934
1790731926.9564,19.4525,0.46298,9.0060
1790731927.0114,19.4525,0.46298,9.0060
1790731927.0652,19.4525,0.46298,9.0060
1790731927.1201,19.4525,0.46272,9.0012
1790731927.1736,19.4525,0.46272,9.0012
1790731927.2270,19.4488,0.47578,9.2532
1790731927.2803,19.4488,0.47578,9.2532
1790731927.3346,19.4488,0.47578,9.2532
1790731927.3870,19.4513,0.46633,9.0706
1790731927.4420,19.4513,0.46633,9.0706
1790731927.4955,19.4513,0.46633,9.0706
1790731927.5497,19.4563,0.45498,8.8521
1790731927.6001,19.4563,0.45498,8.8521
1790731927.6544,19.4588,0.44960,8.7487
1790731927.7070,19.4588,0.44960,8.7487
1790731927.7580,19.4588,0.44960,8.7487
1790731927.8099,19.4612,0.44177,8.5975
1790731927.8611,19.4612,0.44177,8.5975
1790731927.9150,19.4612,0.44177,8.5975
1790731927.9700,19.4612,0.44088,8.5800
1790731928.0250,19.4612,0.44088,8.5800
1790731928.0765,19.4650,0.43120,8.3933
1790731928.1315,19.4650,0.43120,8.3933
1790731928.1852,19.4650,0.43120,8.3933
1790731928.2403,19.4638,0.43435,8.4541
1790731928.2953,19.4638,0.43435,8.4541
1790731928.3480,19.4638,0.43435,8.4541
1790731928.4004,19.4688,0.42233,8.2221
1790731928.4539,19.4688,0.42233,8.2221
1790731928.5071,19.4638,0.43433,8.4536
1790731928.5614,19.4638,0.43433,8.4536
1790731928.6152,19.4638,0.43433,8.4536
1790731928.6702,19.4737,0.40545,7.8956
1790731928.7252,19.4737,0.40545,7.8956
1790731928.7785,19.4737,0.40545,7.8956
1790731928.8330,19.4750,0.40300,7.8484
1790731928.8876,19.4750,0.40300,7.8484
1790731928.9426,19.4737,0.40623,7.9107
1790731928.9938,19.4737,0.40623,7.9107
1790731929.0488,19.4737,0.40623,7.9107
1790731929.1022,19.4713,0.41410,8.0630
1790731929.1572,19.4713,0.41410,8.0630
1790731929.2122,19.4713,0.41410,8.0630
1790731929.2672,19.4700,0.41687,8.1166
1790731929.3207,19.4700,0.41687,8.1166
1790731929.3748,19.4700,0.41723,8.1234
1790731929.4282,19.4700,0.41723,8.1234
1790731929.4815,19.4700,0.41723,8.1234
1790731929.5335,19.4688,0.41730,8.1243
1790731929.5885,19.4688,0.41730,8.1243
1790731929.6413,19.4688,0.41730,8.1243
1790731929.6957,19.4688,0.41940,8.1652
1790731929.7482,19.4688,0.41940,8.1652
1790731929.8023,19.4662,0.42670,8.3062
1790731929.8569,19.4662,0.42670,8.3062
1790731929.9086,19.4662,0.42670,8.3062
1790731929.9595,19.4675,0.42365,8.2474
1790731930.0098,19.4675,0.42365,8.2474
1790731930.0614,19.4675,0.42365,8.2474
1790731930.1164,19.4675,0.42418,8.2576
1790731930.1700,19.4675,0.42418,8.2576
1790731930.2213,19.4662,0.42690,8.3101
1790731930.2763,19.4662,0.42690,8.3101
1790731930.3310,19.4662,0.42690,8.3101
1790731930.3860,19.4638,0.43448,8.4565
1790731930.4366,19.4638,0.43448,8.4565
1790731930.4899,19.4638,0.43448,8.4565
1790731930.5425,19.4675,0.42297,8.2343
1790731930.5975,19.4675,0.42297,8.2343
1790731930.6480,19.4662,0.42795,8.3306
1790731930.7030,19.4662,0.42795,8.3306
1790731930.7540,19.4662,0.42795,8.3306
1790731930.8090,19.4675,0.42475,8.2688
1790731930.8609,19.4675,0.42475,8.2688
1790731930.9143,19.4675,0.42475,8.2688
1790731930.9691,19.4662,0.42690,8.3101
1790731931.0242,19.4662,0.42690,8.3101
1790731931.0792,19.4662,0.42883,8.3476
1790731931.1307,19.4662,0.42883,8.3476
1790731931.1857,19.4662,0.42883,8.3476
1790731931.2387,19.4662,0.42728,8.3174
1790731931.2938,19.4662,0.42728,8.3174
1790731931.3484,19.4662,0.42728,8.3174
1790731931.4027,19.4650,0.42850,8.3408
1790731931.4561,19.4650,0.42850,8.3408
1790731931.5075,19.4612,0.43785,8.5211
1790731931.5616,19.4612,0.43785,8.5211
1790731931.6155,19.4612,0.43785,8.5211
1790731931.6705,19.4625,0.44100,8.5830
1790731931.7218,19.4625,0.44100,8.5830
1790731931.7751,19.4625,0.44100,8.5830
1790731931.8293,19.4588,0.44645,8.6874
1790731931.8829,19.4588,0.44645,8.6874
1790731931.9352,19.4588,0.44835,8.7243
1790731931.9885,19.4588,0.44835,8.7243
1790731932.0429,19.4588,0.44835,8.7243
1790731932.0979,19.4625,0.43690,8.5032
1790731932.1527,19.4625,0.43690,8.5032
1790731932.2077,19.4625,0.43690,8.5032
1790731932.2628,19.4638,0.43393,8.4458
1790731932.3178,19.4638,0.43393,8.4458
1790731932.3705,19.4638,0.43440,8.4551
1790731932.4244,19.4638,0.43440,8.4551
1790731932.4787,19.4638,0.43440,8.4551
1790731932.5302,19.4638,0.43067,8.3826
1790731932.5807,19.4638,0.43067,8.3826
1790731932.6346,19.4638,0.43067,8.3826
1790731932.6896,19.4675,0.42393,8.2528
1790731932.7446,19.4675,0.42393,8.2528
1790731932.7977,19.4650,0.42975,8.3651
1790731932.8528,19.4650,0.42975,8.3651
1790731932.9040,19.4650,0.42975,8.3651
1790731932.9590,19.4650,0.42885,8.3476
1790731933.0109,19.4650,0.42885,8.3476
1790731933.0659,19.4650,0.42885,8.3476
1790731933.1185,19.4675,0.42335,8.2416
1790731933.1704,19.4675,0.42335,8.2416
1790731933.2251,19.4662,0.42638,8.2999
1790731933.2801,19.4662,0.42638,8.2999
1790731933.3351,19.4662,0.42638,8.2999
1790731933.3895,19.4662,0.42953,8.3612
1790731933.4439,19.4662,0.42953,8.3612
1790731933.4971,19.4612,0.42953,8.3591
1790731933.5485,19.4612,0.43883,8.5401
1790731933.6018,19.4612,0.43883,8.5401
1790731933.6551,19.4612,0.44130,8.5882
1790731933.7096,19.4612,0.44130,8.5882
1790731933.7620,19.4612,0.44130,8.5882
1790731933.8163,19.4612,0.43778,8.5196
1790731933.8704,19.4612,0.43778,8.5196
1790731933.9254,19.4612,0.43778,8.5196
1790731933.9804,19.4625,0.43863,8.5367
1790731934.0308,19.4625,0.43863,8.5367
1790731934.0821,19.4575,0.44975,8.7510
1790731934.1336,19.4575,0.44975,8.7510
1790731934.1873,19.4575,0.44975,8.7510
1790731934.2420,19.4575,0.45190,8.7928
1790731934.2963,19.4575,0.45190,8.7928
1790731934.3504,19.4575,0.45190,8.7928
1790731934.4026,19.4563,0.45253,8.8044
1790731934.4554,19.4563,0.45253,8.8044
1790731934.5090,19.4588,0.44430,8.6455
1790731934.5621,19.4588,0.44430,8.6455
1790731934.6153,19.4588,0.44430,8.6455
1790731934.6688,19.4600,0.44525,8.6646
1790731934.7221,19.4600,0.44525,8.6646
1790731934.7754,19.4600,0.44525,8.6646
1790731934.8288,19.4575,0.44795,8.7160
1790731934.8802,19.4575,0.44795,8.7160
1790731934.9305,19.4588,0.44643,8.6869
1790731934.9855,19.4588,0.44643,8.6869
1790731935.0363,19.4588,0.44643,8.6869
1790731935.0894,19.4575,0.45240,8.8026
1790731935.1411,19.4575,0.45240,8.8026
1790731935.1947,19.4575,0.45240,8.8026
1790731935.2473,19.4575,0.45287,8.8118
1790731935.2988,19.4575,0.45287,8.8118
1790731935.3538,19.4575,0.45287,8.8118
1790731935.4043,19.4588,0.44572,8.6733
1790731935.4573,19.4588,0.44572,8.6733
1790731935.5119,19.4600,0.44440,8.6480
1790731935.5669,19.4600,0.44440,8.6480
1790731935.6179,19.4600,0.44440,8.6480
1790731935.6724,19.4638,0.43355,8.4385
1790731935.7242,19.4638,0.43355,8.4385
1790731935.7792,19.4638,0.43355,8.4385
1790731935.8298,19.4662,0.42768,8.3252
1790731935.8810,19.4662,0.42768,8.3252
1790731935.9356,19.4638,0.43230,8.4142
1790731935.9889,19.4638,0.43230,8.4142
1790731936.0422,19.4638,0.43230,8.4142
1790731936.0923,19.4650,0.43058,8.3811
1790731936.1470,19.4650,0.43058,8.3811
1790731936.2020,19.4650,0.43058,8.3811
1790731936.2554,19.4612,0.43930,8.5493
1790731936.3104,19.4612,0.43930,8.5493
1790731936.3640,19.4575,0.45350,8.8240
1790731936.4156,19.4575,0.45350,8.8240
1790731936.4690,19.4575,0.45350,8.8240
1790731936.5239,19.4638,0.43590,8.4842
1790731936.5783,19.4638,0.43590,8.4842
1790731936.6318,19.4638,0.43590,8.4842
1790731936.6864,19.4650,0.43290,8.4264
1790731936.7384,19.4650,0.43290,8.4264
1790731936.7890,19.4650,0.42990,8.3680
1790731936.8440,19.4650,0.42990,8.3680
1790731936.8959,19.4650,0.42990,8.3680
1790731936.9490,19.4650,0.43067,8.3831
1790731936.9994,19.4650,0.43067,8.3831
1790731937.0545,19.4650,0.43067,8.3831
1790731937.1067,19.4638,0.43258,8.4195
1790731937.1618,19.4638,0.43258,8.4195
1790731937.2168,19.4638,0.43210,8.4103
1790731937.2689,19.4638,0.43210,8.4103
1790731937.3227,19.4638,0.43210,8.4103
1790731937.3776,19.4625,0.43833,8.5309
1790731937.4326,19.4625,0.43833,8.5309
1790731937.4831,19.4625,0.43833,8.5309
1790731937.5381,19.4600,0.44558,8.6709
1790731937.5911,19.4600,0.44558,8.6709
1790731937.6427,19.4650,0.43125,8.3943
1790731937.6957,19.4650,0.43125,8.3943
1790731937.7473,19.4650,0.43125,8.3943
1790731937.8023,19.4600,0.44715,8.7015
1790731937.8564,19.4600,0.44715,8.7015
1790731937.9094,19.4600,0.44715,8.7015
1790731937.9622,19.4625,0.43753,8.5153
1790731938.0140,19.4625,0.43753,8.5153
1790731938.0651,19.4625,0.43753,8.5153
1790731938.1166,19.4650,0.43270,8.4225
1790731938.1668,19.4650,0.43270,8.4225
1790731938.2211,19.4675,0.42453,8.2644
1790731938.2725,19.4675,0.42453,8.2644
1790731938.3233,19.4675,0.42453,8.2644
1790731938.3737,19.4662,0.42983,8.3671
1790731938.4250,19.4662,0.42983,8.3671
1790731938.4778,19.4662,0.42983,8.3671
1790731938.5295,19.4675,0.42565,8.2863
1790731938.5845,19.4675,0.42565,8.2863
1790731938.6385,19.4675,0.42565,8.2863
1790731938.6898,19.4675,0.42262,8.2275
1790731938.7426,19.4675,0.42262,8.2275
1790731938.7969,19.4713,0.41237,8.0295
1790731938.8483,19.4713,0.41237,8.0295
1790731938.9033,19.4713,0.41237,8.0295
1790731938.9571,19.4688,0.42113,8.1988
1790731939.0082,19.4688,0.42113,8.1988
1790731939.0632,19.4688,0.42113,8.1988
1790731939.1150,19.4688,0.42225,8.2207
1790731939.1668,19.4688,0.42225,8.2207
1790731939.2179,19.4688,0.42130,8.2022
1790731939.2729,19.4688,0.42130,8.2022
1790731939.3265,19.4688,0.42130,8.2022
1790731939.3778,19.4675,0.42640,8.3009
1790731939.4328,19.4675,0.42640,8.3009
1790731939.4845,19.4675,0.42640,8.3009
1790731939.5395,19.4675,0.42560,8.2854
1790731939.5921,19.4675,0.42560,8.2854
1790731939.6435,19.4588,0.44825,8.7224
1790731939.6975,19.4588,0.44825,8.7224
1790731939.7525,19.4588,0.44825,8.7224
1790731939.8056,19.4675,0.42505,8.2747
1790731939.8590,19.4675,0.42505,8.2747
1790731939.9124,19.4675,0.42505,8.2747
1790731939.9638,19.4688,0.42245,8.2246
1790731940.0160,19.4688,0.42245,8.2246
1790731940.0694,19.4737,0.41215,8.0261
1790731940.1244,19.4737,0.41215,8.0261
1790731940.1777,19.4737,0.41215,8.0261
1790731940.2294,19.4737,0.40515,7.8898
1790731940.2844,19.4737,0.40515,7.8898
1790731940.3394,19.4737,0.40515,7.8898
1790731940.3926,19.4737,0.40285,7.8450
1790731940.4445,19.4737,0.40285,7.8450
1790731940.4954,19.4763,0.40285,7.8460
1790731940.5468,19.4763,0.40103,7.8105
1790731940.5984,19.4763,0.40103,7.8105
1790731940.6535,19.4750,0.40440,7.8757
1790731940.7085,19.4750,0.40440,7.8757
1790731940.7635,19.4750,0.40440,7.8757
1790731940.8137,19.4775,0.40170,7.8241
1790731940.8652,19.4775,0.40170,7.8241
1790731940.9202,19.4775,0.40170,7.8241
1790731940.9743,19.4750,0.40035,7.7968
1790731941.0251,19.4750,0.40035,7.7968
1790731941.0754,19.4737,0.41132,8.0100
1790731941.1304,19.4737,0.41132,8.0100
1790731941.1853,19.4737,0.41132,8.0100
1790731941.2388,19.4725,0.40660,7.9175
1790731941.2919,19.4725,0.40660,7.9175
1790731941.3423,19.4725,0.40660,7.9175
1790731941.3973,19.4713,0.41330,8.0475
1790731941.4523,19.4713,0.41330,8.0475
1790731941.5040,19.4675,0.42448,8.2635
1790731941.5541,19.4675,0.42448,8.2635
1790731941.6051,19.4675,0.42448,8.2635
1790731941.6602,19.4713,0.41625,8.1049
1790731941.7149,19.4713,0.41625,8.1049
1790731941.7668,19.4713,0.41625,8.1049
1790731941.8192,19.4713,0.41435,8.0679
1790731941.8742,19.4713,0.41435,8.0679
1790731941.9257,19.4725,0.41042,7.9920
1790731941.9770,19.4725,0.41042,7.9920
1790731942.0320,19.4725,0.41042,7.9920
1790731942.0871,19.4700,0.41628,8.1049
1790731942.1403,19.4700,0.41628,8.1049
1790731942.1923,19.4700,0.41628,8.1049
1790731942.2425,19.4700,0.41683,8.1156
1790731942.2961,19.4700,0.41683,8.1156
1790731942.3512,19.4713,0.41683,8.1161
1790731942.4014,19.4713,0.41710,8.1215
1790731942.4554,19.4713,0.41710,8.1215
1790731942.5091,19.4700,0.41728,8.1243
1790731942.5634,19.4700,0.41728,8.1243
1790731942.6163,19.4700,0.41728,8.1243
1790731942.6686,19.4688,0.41907,8.1589
1790731942.7236,19.4688,0.41907,8.1589
1790731942.7763,19.4688,0.41907,8.1589
1790731942.8283,19.4713,0.41370,8.0553
1790731942.8806,19.4713,0.41370,8.0553
1790731942.9356,19.4713,0.41613,8.1025
1790731942.9906,19.4713,0.41613,8.1025
1790731943.0456,19.4713,0.41613,8.1025
1790731943.0964,19.4737,0.40895,7.9638
1790731943.1515,19.4737,0.40895,7.9638
1790731943.2058,19.4737,0.40895,7.9638
1790731943.2598,19.4750,0.40263,7.8411
1790731943.3117,19.4750,0.40263,7.8411
1790731943.3667,19.4700,0.41215,8.0246
1790731943.4217,19.4700,0.41215,8.0246
1790731943.4767,19.4700,0.41215,8.0246
1790731943.5288,19.4725,0.41100,8.0032
1790731943.5805,19.4725,0.41100,8.0032
1790731943.6355,19.4725,0.41100,8.0032
1790731943.6867,19.4700,0.41695,8.1180
1790731943.7393,19.4700,0.41695,8.1180
1790731943.7935,19.4700,0.41808,8.1399
1790731943.8479,19.4700,0.41808,8.1399
1790731943.8999,19.4700,0.41808,8.1399
1790731943.9549,19.4688,0.41770,8.1321
1790731944.0080,19.4688,0.41770,8.1321
1790731944.0630,19.4688,0.41770,8.1321
1790731944.1143,19.4700,0.41508,8.0815
1790731944.1682,19.4700,0.41508,8.0815
1790731944.2230,19.4713,0.41770,8.1331
1790731944.2764,19.4713,0.41770,8.1331
1790731944.3314,19.4713,0.41770,8.1331
1790731944.3864,19.4713,0.41278,8.0372
1790731944.4415,19.4713,0.41278,8.0372
1790731944.4956,19.4625,0.43798,8.5241
1790731944.5459,19.4625,0.43798,8.5241
1790731944.6009,19.4625,0.43798,8.5241
1790731944.6559,19.4462,0.47745,9.2846
1790731944.7103,19.4462,0.47745,9.2846
1790731944.7608,19.4462,0.47745,9.2846
1790731944.8156,19.4550,0.46168,8.9819
1790731944.8669,19.4550,0.46168,8.9819
1790731944.9181,19.4550,0.46168,8.9819
1790731944.9714,19.4537,0.46897,9.1233
1790731945.0244,19.4537,0.46897,9.1233
1790731945.0758,19.4600,0.44677,8.6942
1790731945.1297,19.4600,0.44677,8.6942
1790731945.1838,19.4600,0.44677,8.6942
1790731945.2388,19.4550,0.45685,8.8880
1790731945.2901,19.4550,0.45685,8.8880
1790731945.3416,19.4550,0.45685,8.8880
1790731945.3936,19.4588,0.44883,8.7336
1790731945.4478,19.4588,0.44883,8.7336
1790731945.5028,19.4600,0.44265,8.6140
1790731945.5557,19.4600,0.44265,8.6140
1790731945.6100,19.4600,0.44265,8.6140
1790731945.6613,19.4525,0.46147,8.9768
1790731945.7130,19.4525,0.46147,8.9768
1790731945.7664,19.4525,0.46147,8.9768
1790731945.8209,19.4625,0.43775,8.5197
1790731945.8719,19.4625,0.43775,8.5197
1790731945.9252,19.4525,0.46338,9.0138
1790731945.9802,19.4525,0.46338,9.0138
1790731946.0320,19.4525,0.46338,9.0138
1790731946.0849,19.4588,0.45008,8.7579
1790731946.1399,19.4588,0.45008,8.7579
1790731946.1944,19.4588,0.45008,8.7579
1790731946.2445,19.4563,0.45413,8.8356
1790731946.2995,19.4563,0.45413,8.8356
1790731946.3543,19.4575,0.45287,8.8118
1790731946.4093,19.4575,0.45287,8.8118
1790731946.4626,19.4575,0.45287,8.8118
1790731946.5177,19.4575,0.45085,8.7724
1790731946.5727,19.4575,0.45085,8.7724
1790731946.6230,19.4575,0.45085,8.7724
1790731946.6781,19.4575,0.44898,8.7359
1790731946.7317,19.4575,0.44898,8.7359
1790731946.7839,19.4600,0.44350,8.6305
1790731946.8378,19.4600,0.44350,8.6305
1790731946.8906,19.4600,0.44350,8.6305
1790731946.9415,19.4612,0.44157,8.5936
1790731946.9964,19.4612,0.44157,8.5936
1790731947.0482,19.4612,0.44157,8.5936
1790731947.0991,19.4612,0.43940,8.5513
1790731947.1541,19.4612,0.43940,8.5513
1790731947.2091,19.4625,0.43755,8.5158
1790731947.2625,19.4625,0.43755,8.5158
1790731947.3137,19.4625,0.43755,8.5158
1790731947.3654,19.4600,0.44130,8.5877
1790731947.4187,19.4600,0.44130,8.5877
1790731947.4737,19.4600,0.44130,8.5877
1790731947.5249,19.4612,0.44645,8.6885
1790731947.5767,19.4612,0.44645,8.6885
1790731947.6293,19.4612,0.44645,8.6885
1790731947.6838,19.4625,0.43978,8.5591
1790731947.7379,19.4625,0.43978,8.5591
1790731947.7918,19.4612,0.44067,8.5761
1790731947.8432,19.4612,0.44067,8.5761
1790731947.8962,19.4612,0.44067,8.5761
1790731947.9512,19.4625,0.43975,8.5586
1790731948.0059,19.4625,0.43975,8.5586
1790731948.0606,19.4625,0.43975,8.5586
1790731948.1107,19.4612,0.43923,8.5479
1790731948.1611,19.4612,0.43923,8.5479
1790731948.2162,19.4612,0.43895,8.5425
1790731948.2712,19.4612,0.43895,8.5425
1790731948.3258,19.4612,0.43895,8.5425
1790731948.3801,19.4625,0.43865,8.5372
1790731948.4306,19.4625,0.43865,8.5372
1790731948.4836,19.4625,0.43865,8.5372
1790731948.5375,19.4600,0.44630,8.6850
1790731948.5925,19.4600,0.44630,8.6850
1790731948.6475,19.4600,0.44533,8.6660
1790731948.7025,19.4600,0.44533,8.6660
1790731948.7576,19.4600,0.44533,8.6660
1790731948.8090,19.4612,0.44253,8.6121
1790731948.8640,19.4612,0.44253,8.6121
1790731948.9190,19.4612,0.44253,8.6121
1790731948.9740,19.4612,0.44390,8.6388
1790731949.0291,19.4612,0.44390,8.6388
1790731949.0834,19.4612,0.44273,8.6160
1790731949.1356,19.4612,0.44273,8.6160
1790731949.1875,19.4612,0.44273,8.6160
1790731949.2397,19.4600,0.44100,8.5819
1790731949.2925,19.4600,0.44100,8.5819
1790731949.3461,19.4600,0.44100,8.5819
1790731949.4011,19.4612,0.44170,8.5960
1790731949.4539,19.4612,0.44170,8.5960
1790731949.5044,19.4600,0.44743,8.7069
1790731949.5577,19.4600,0.44743,8.7069
1790731949.6127,19.4600,0.44743,8.7069
1790731949.6678,19.4475,0.47428,9.2235
1790731949.7195,19.4475,0.47428,9.2235
1790731949.7745,19.4475,0.47428,9.2235
1790731949.8273,19.4288,0.53325,10.3604
1790731949.8824,19.4288,0.53325,10.3604
1790731949.9374,19.4275,0.53093,10.3145
1790731949.9924,19.4275,0.53093,10.3145
1790731950.0474,19.4275,0.53093,10.3145
1790731950.0976,19.4213,0.54625,10.6089
1790731950.1509,19.4213,0.54625,10.6089
1790731950.2044,19.4262,0.54625,10.6116
1790731950.2581,19.4262,0.53033,10.3022
1790731950.3096,19.4262,0.53033,10.3022
1790731950.3618,19.4225,0.55183,10.7178
1790731950.4146,19.4225,0.55183,10.7178
1790731950.4696,19.4225,0.55183,10.7178
1790731950.5230,19.4112,0.57308,11.1241
1790731950.5761,19.4112,0.57308,11.1241
1790731950.6298,19.4112,0.57308,11.1241
1790731950.6845,19.4125,0.56815,11.0292
1790731950.7387,19.4125,0.56815,11.0292
1790731950.7901,19.4062,0.58705,11.3924
1790731950.8451,19.4062,0.58705,11.3924
1790731950.9002,19.4062,0.58705,11.3924
1790731950.9521,19.4037,0.59452,11.5360
1790731951.0040,19.4037,0.59452,11.5360
1790731951.0590,19.4037,0.59452,11.5360
1790731951.1105,19.4037,0.59573,11.5593
1790731951.1650,19.4037,0.59573,11.5593
1790731951.2200,19.3950,0.62135,12.0511
1790731951.2728,19.3950,0.62135,12.0511
1790731951.3279,19.3950,0.62135,12.0511
1790731951.3808,19.3950,0.61850,11.9958
1790731951.4324,19.3950,0.61850,11.9958
1790731951.4874,19.3950,0.61850,11.9958
1790731951.5376,19.3950,0.62080,12.0404
1790731951.5890,19.3950,0.62080,12.0404
1790731951.6440,19.3925,0.62690,12.1572
1790731951.6986,19.3925,0.62690,12.1572
1790731951.7554,19.3925,0.62690,12.1572
1790731951.8075,19.4025,0.59860,11.6143
1790731951.8625,19.4025,0.59860,11.6143
1790731951.9145,19.4025,0.59860,11.6143
1790731951.9678,19.4025,0.59890,11.6202
1790731952.0215,19.4025,0.59890,11.6202
1790731952.0730,19.4025,0.60013,11.6439
1790731952.1280,19.4025,0.60013,11.6439
1790731952.1830,19.4025,0.60013,11.6439
1790731952.2380,19.4013,0.60513,11.7402
1790731952.2929,19.4013,0.60513,11.7402
1790731952.3432,19.4013,0.60513,11.7402
1790731952.3958,19.4025,0.59778,11.5983
1790731952.4505,19.4025,0.59778,11.5983
1790731952.5042,19.4013,0.60378,11.7140
1790731952.5567,19.4013,0.60378,11.7140
1790731952.6095,19.4013,0.60378,11.7140
1790731952.6645,19.3987,0.60760,11.7867
1790731952.7196,19.3987,0.60760,11.7867
1790731952.7736,19.3987,0.60760,11.7867
1790731952.8251,19.4025,0.59988,11.6391
1790731952.8801,19.4025,0.59988,11.6391
1790731952.9337,19.4037,0.59555,11.5559
1790731952.9852,19.4037,0.59555,11.5559
1790731953.0363,19.4037,0.59555,11.5559
1790731953.0903,19.3987,0.60628,11.7610
1790731953.1453,19.3987,0.60628,11.7610
1790731953.1996,19.3987,0.60628,11.7610
1790731953.2536,19.4025,0.60118,11.6643
1790731953.3087,19.4025,0.60118,11.6643
1790731953.3637,19.4075,0.58932,11.4373
1790731953.4175,19.4075,0.58932,11.4373
1790731953.4699,19.4075,0.58932,11.4373
1790731953.5233,19.4050,0.59383,11.5232
1790731953.5775,19.4050,0.59383,11.5232
1790731953.6325,19.4000,0.59383,11.5202
1790731953.6828,19.4000,0.61015,11.8369
1790731953.7334,19.4000,0.61015,11.8369
1790731953.7850,19.3950,0.61935,12.0123
1790731953.8400,19.3950,0.61935,12.0123
1790731953.8950,19.3950,0.61935,12.0123
1790731953.9487,19.3950,0.61952,12.0157
1790731954.0033,19.3950,0.61952,12.0157
1790731954.0576,19.3950,0.61952,12.0157
1790731954.1085,19.3950,0.61952,12.0157
1790731954.1635,19.3950,0.61952,12.0157
1790731954.2176,19.3950,0.61995,12.0239
1790731954.2709,19.3950,0.61995,12.0239
1790731954.3253,19.3950,0.61995,12.0239
1790731954.3780,19.3987,0.60683,11.7716
1790731954.4308,19.3987,0.60683,11.7716
1790731954.4843,19.3987,0.60683,11.7716
1790731954.5377,19.3963,0.61895,12.0053
1790731954.5910,19.3963,0.61895,12.0053
1790731954.6443,19.3950,0.61970,12.0191
1790731954.6991,19.3950,0.61970,12.0191
1790731954.7541,19.3950,0.61970,12.0191
1790731954.8043,19.3963,0.61767,11.9806
1790731954.8564,19.3963,0.61767,11.9806
1790731954.9070,19.3963,0.61767,11.9806
1790731954.9586,19.3950,0.61930,12.0113
1790731955.0136,19.3950,0.61930,12.0113
1790731955.0675,19.3950,0.61885,12.0026
1790731955.1184,19.3950,0.61885,12.0026
1790731955.1702,19.3950,0.61885,12.0026
1790731955.2204,19.3963,0.61928,12.0116
1790731955.2754,19.3963,0.61928,12.0116
1790731955.3272,19.3963,0.61928,12.0116
1790731955.3777,19.3950,0.62208,12.0651
1790731955.4309,19.3950,0.62208,12.0651
1790731955.4854,19.3950,0.62208,12.0651
1790731955.5388,19.3950,0.61900,12.0055
1790731955.5934,19.3950,0.61900,12.0055
1790731955.6436,19.3963,0.61540,11.9365
1790731955.6969,19.3963,0.61540,11.9365
1790731955.7511,19.3963,0.61540,11.9365
1790731955.8054,19.3950,0.62162,12.0564
1790731955.8567,19.3950,0.62162,12.0564
1790731955.9111,19.3950,0.62162,12.0564
1790731955.9654,19.3963,0.61790,11.9849
1790731956.0188,19.3963,0.61790,11.9849
1790731956.0720,19.4625,0.44260,8.6141
1790731956.1262,19.4625,0.44260,8.6141
1790731956.1778,19.4625,0.44260,8.6141
1790731956.2302,19.4537,0.46563,9.0582
1790731956.2840,19.4537,0.46563,9.0582
1790731956.3390,19.4537,0.46563,9.0582
1790731956.3912,19.4563,0.45677,8.8871
1790731956.4459,19.4563,0.45677,8.8871
1790731956.4979,19.4588,0.44760,8.7097
1790731956.5508,19.4588,0.44760,8.7097
1790731956.6045,19.4588,0.44760,8.7097
1790731956.6588,19.4600,0.44800,8.7181
1790731956.7114,19.4600,0.44800,8.7181
1790731956.7646,19.4600,0.44800,8.7181
1790731956.8162,19.4650,0.43352,8.4386
1790731956.8703,19.4650,0.43352,8.4386
1790731956.9246,19.4537,0.46595,9.0645
1790731956.9796,19.4537,0.46595,9.0645
1790731957.0333,19.4537,0.46595,9.0645
1790731957.0883,19.4550,0.45923,8.9342
1790731957.1386,19.4550,0.45923,8.9342
1790731957.1923,19.4550,0.45923,8.9342
1790731957.2473,19.4588,0.44740,8.7058
1790731957.3003,19.4588,0.44740,8.7058
1790731957.3542,19.4612,0.44480,8.6564
1790731957.4046,19.4612,0.44480,8.6564
1790731957.4588,19.4612,0.44480,8.6564
1790731957.5113,19.4600,0.44725,8.7035
1790731957.5657,19.4600,0.44725,8.7035
1790731957.6171,19.4600,0.44725,8.7035
1790731957.6722,19.4600,0.44738,8.7059
1790731957.7247,19.4600,0.44738,8.7059
1790731957.7789,19.4588,0.44955,8.7477
1790731957.8325,19.4588,0.44955,8.7477
1790731957.8854,19.4588,0.44955,8.7477
1790731957.9368,19.4600,0.44700,8.6986
1790731957.9914,19.4600,0.44700,8.6986
1790731958.0447,19.4600,0.44700,8.6986
1790731958.0972,19.4600,0.44805,8.7191
1790731958.1522,19.4600,0.44805,8.7191
1790731958.2037,19.4563,0.45700,8.8915
1790731958.2587,19.4563,0.45700,8.8915
1790731958.3123,19.4563,0.45700,8.8915
1790731958.3647,19.4600,0.44880,8.7336
1790731958.4192,19.4600,0.44880,8.7336
1790731958.4719,19.4600,0.44880,8.7336
1790731958.5261,19.4563,0.45913,8.9329
1790731958.5782,19.4563,0.45913,8.9329
1790731958.6314,19.4600,0.44553,8.6699
1790731958.6837,19.4600,0.44553,8.6699
1790731958.7365,19.4600,0.44553,8.6699
1790731958.7915,19.4600,0.44613,8.6816
1790731958.8458,19.4600,0.44613,8.6816
1790731958.8989,19.4600,0.44613,8.6816
1790731958.9539,19.4600,0.44710,8.7006
1790731959.0087,19.4600,0.44710,8.7006
1790731959.0608,19.4600,0.44828,8.7234
1790731959.1126,19.4600,0.44828,8.7234
1790731959.1674,19.4600,0.44828,8.7234
1790731959.2186,19.4588,0.44800,8.7175
1790731959.2700,19.4588,0.44800,8.7175
1790731959.3249,19.4588,0.44800,8.7175
1790731959.3782,19.4600,0.44555,8.6704
1790731959.4307,19.4600,0.44555,8.6704
1790731959.4840,19.4600,0.44555,8.6704
1790731959.5373,19.4600,0.44717,8.7020
1790731959.5906,19.4600,0.44717,8.7020
1790731959.6449,19.4563,0.45537,8.8599
1790731959.6962,19.4563,0.45537,8.8599
1790731959.7507,19.4563,0.45537,8.8599
1790731959.8030,19.4488,0.47968,9.3291
1790731959.8580,19.4488,0.47968,9.3291
1790731959.9117,19.4488,0.47968,9.3291
1790731959.9646,19.4550,0.46022,8.9537
1790731960.0197,19.4550,0.46022,8.9537
1790731960.0708,19.4588,0.44627,8.6840
1790731960.1239,19.4588,0.44627,8.6840
1790731960.1783,19.4588,0.44627,8.6840
1790731960.2333,19.4625,0.44060,8.5752
1790731960.2846,19.4625,0.44060,8.5752
1790731960.3383,19.4625,0.44060,8.5752
1790731960.3928,19.4638,0.43905,8.5456
1790731960.4470,19.4638,0.43905,8.5456
1790731960.4983,19.4650,0.43615,8.4897
1790731960.5533,19.4650,0.43615,8.4897
1790731960.6064,19.4650,0.43615,8.4897
1790731960.6614,19.4638,0.44270,8.6166
1790731960.7164,19.4638,0.44270,8.6166
1790731960.7706,19.4600,0.44270,8.6149
1790731960.8236,19.4600,0.44855,8.7288
1790731960.8752,19.4600,0.44855,8.7288
1790731960.9303,19.4612,0.44357,8.6325
1790731960.9813,19.4612,0.44357,8.6325
1790731961.0363,19.4612,0.44357,8.6325
1790731961.0893,19.4638,0.43633,8.4925
1790731961.1408,19.4638,0.43633,8.4925
1790731961.1947,19.4638,0.43633,8.4925
1790731961.2451,19.4575,0.45208,8.7962
1790731961.3001,19.4575,0.45208,8.7962
1790731961.3549,19.4475,0.47958,9.3265
1790731961.4061,19.4475,0.47958,9.3265
1790731961.4577,19.4475,0.47958,9.3265
1790731961.5127,19.4575,0.45317,8.8177
1790731961.5673,19.4575,0.45317,8.8177
1790731961.6211,19.4575,0.45317,8.8177
1790731961.6733,19.4525,0.46700,9.0843
1790731961.7264,19.4525,0.46700,9.0843
1790731961.7813,19.4625,0.44045,8.5723
1790731961.8314,19.4625,0.44045,8.5723
1790731961.8850,19.4625,0.44045,8.5723
1790731961.9378,19.4550,0.45883,8.9264
1790731961.9928,19.4550,0.45883,8.9264
1790731962.0456,19.4550,0.45883,8.9264
1790731962.0982,19.4300,0.52765,10.2522
1790731962.1533,19.4300,0.52765,10.2522
1790731962.2074,19.4363,0.51165,9.9446
1790731962.2624,19.4363,0.51165,9.9446
1790731962.3131,19.4363,0.51165,9.9446
1790731962.3681,19.4363,0.51165,9.9446
1790731962.4213,19.4363,0.51165,9.9446
1790731962.4730,19.4363,0.51165,9.9446
1790731962.5253,19.4650,0.43290,8.4264
1790731962.5814,19.4650,0.43290,8.4264
1790731962.6328,19.4625,0.44322,8.6263
1790731962.6844,19.4625,0.44322,8.6263
1790731962.7393,19.4625,0.44322,8.6263
1790731962.7940,19.4688,0.42890,8.3501
1790731962.8452,19.4688,0.42890,8.3501
1790731962.8954,19.4688,0.42890,8.3501
1790731962.9459,19.4662,0.42515,8.2761
1790731962.9966,19.4662,0.42515,8.2761
1790731963.0516,19.4662,0.42515,8.2761
1790731963.1060,19.4688,0.42523,8.2786
1790731963.1572,19.4688,0.42523,8.2786
1790731963.2080,19.4700,0.41680,8.1151
1790731963.2631,19.4700,0.41680,8.1151
1790731963.3166,19.4700,0.41680,8.1151
1790731963.3670,19.4713,0.42028,8.1833
1790731963.4220,19.4713,0.42028,8.1833
1790731963.4739,19.4713,0.42028,8.1833
1790731963.5253,19.4763,0.40440,7.8762
1790731963.5802,19.4763,0.40440,7.8762
1790731963.6352,19.4700,0.42097,8.1964
1790731963.6902,19.4700,0.42097,8.1964
1790731963.7413,19.4700,0.42097,8.1964
1790731963.7963,19.4675,0.42802,8.3326
1790731963.8514,19.4675,0.42802,8.3326
1790731963.9064,19.4675,0.42802,8.3326
1790731963.9614,19.4713,0.41520,8.0845
1790731964.0164,19.4713,0.41520,8.0845
1790731964.0709,19.4737,0.41290,8.0407
1790731964.1254,19.4737,0.41290,8.0407
1790731964.1775,19.4737,0.41290,8.0407
1790731964.2314,19.4750,0.40693,7.9249
1790731964.2854,19.4750,0.40693,7.9249
1790731964.3401,19.4688,0.40693,7.9223
1790731964.3951,19.4688,0.42393,8.2533
1790731964.4469,19.4688,0.42393,8.2533
1790731964.4988,19.4675,0.42540,8.2815
1790731964.5512,19.4675,0.42540,8.2815
1790731964.6024,19.4675,0.42540,8.2815
1790731964.6574,19.4650,0.43220,8.4128
1790731964.7122,19.4650,0.43220,8.4128
1790731964.7655,19.4650,0.43220,8.4128
1790731964.8189,19.4700,0.42230,8.2222
1790731964.8731,19.4700,0.42230,8.2222
1790731964.9238,19.4700,0.42190,8.2144
1790731964.9788,19.4700,0.42190,8.2144
1790731965.0339,19.4700,0.42190,8.2144
1790731965.0867,19.4688,0.41987,8.1744
1790731965.1398,19.4688,0.41987,8.1744
1790731965.1948,19.4688,0.41987,8.1744
1790731965.2455,19.4662,0.43020,8.3744
1790731965.2965,19.4662,0.43020,8.3744
1790731965.3516,19.4662,0.43180,8.4055
1790731965.4066,19.4662,0.43180,8.4055
1790731965.4616,19.4662,0.43180,8.4055
1790731965.5166,19.4688,0.42325,8.2401
1790731965.5712,19.4688,0.42325,8.2401
1790731965.6259,19.4650,0.42325,8.2386
1790731965.6764,19.4650,0.43470,8.4614
1790731965.7282,19.4650,0.43470,8.4614
1790731965.7832,19.4662,0.43155,8.4007
1790731965.8332,19.4662,0.43155,8.4007
1790731965.8866,19.4662,0.43155,8.4007
1790731965.9412,19.4725,0.41550,8.0908
1790731965.9939,19.4725,0.41550,8.0908
1790731966.0456,19.4725,0.41550,8.0908
1790731966.0999,19.4662,0.42918,8.3544
1790731966.1533,19.4662,0.42918,8.3544
1790731966.2040,19.4662,0.42715,8.3150
1790731966.2590,19.4662,0.42715,8.3150
1790731966.3140,19.4662,0.42715,8.3150
1790731966.3656,19.4688,0.42685,8.3102
1790731966.4207,19.4688,0.42685,8.3102
1790731966.4757,19.4688,0.42685,8.3102
1790731966.5267,19.4688,0.42168,8.2095
1790731966.5797,19.4688,0.42168,8.2095
1790731966.6324,19.4662,0.43438,8.4557
1790731966.6847,19.4662,0.43438,8.4557
1790731966.7390,19.4662,0.43438,8.4557
1790731966.7935,19.4662,0.43035,8.3773
1790731966.8450,19.4662,0.43035,8.3773
1790731966.9000,19.4662,0.43035,8.3773
1790731966.9516,19.4588,0.44662,8.6908
1790731967.0054,19.4588,0.44662,8.6908
1790731967.0597,19.4625,0.43305,8.4282
1790731967.1147,19.4625,0.43305,8.4282
1790731967.1697,19.4625,0.43305,8.4282
1790731967.2223,19.4650,0.43600,8.4867
1790731967.2773,19.4650,0.43600,8.4867
1790731967.3323,19.4650,0.43600,8.4867
1790731967.3843,19.4662,0.43065,8.3831
1790731967.4393,19.4662,0.43065,8.3831
1790731967.4943,19.4662,0.43260,8.4211
1790731967.5460,19.4662,0.43260,8.4211
1790731967.5991,19.4662,0.43260,8.4211
1790731967.6510,19.4625,0.44025,8.5684
1790731967.7027,19.4625,0.44025,8.5684
1790731967.7577,19.4625,0.44025,8.5684
1790731967.8117,19.4700,0.42047,8.1866
1790731967.8657,19.4700,0.42047,8.1866
1790731967.9164,19.4662,0.43100,8.3900
1790731967.9685,19.4662,0.43100,8.3900
1790731968.0222,19.4662,0.43100,8.3900
1790731968.0756,19.4625,0.43883,8.5406
1790731968.1306,19.4625,0.43883,8.5406
1790731968.1853,19.4625,0.43883,8.5406
1790731968.2357,19.4638,0.43872,8.5392
1790731968.2866,19.4638,0.43872,8.5392
1790731968.3370,19.4638,0.43872,8.5392
1790731968.3921,19.4638,0.43363,8.4400
1790731968.4459,19.4638,0.43363,8.4400
1790731968.5010,19.4675,0.43168,8.4036
1790731968.5560,19.4675,0.43168,8.4036
1790731968.6095,19.4675,0.43168,8.4036
1790731968.6597,19.4575,0.44950,8.7461
1790731968.7116,19.4575,0.44950,8.7461
1790731968.7617,19.4575,0.44950,8.7461
1790731968.8166,19.4375,0.50707,9.8563
1790731968.8689,19.4375,0.50707,9.8563
1790731968.9199,19.4425,0.49163,9.5584
1790731968.9717,19.4425,0.49163,9.5584
1790731969.0220,19.4425,0.49163,9.5584
1790731969.0755,19.4387,0.50365,9.7903
1790731969.1305,19.4387,0.50365,9.7903
1790731969.1855,19.4387,0.50365,9.7903
1790731969.2396,19.4513,0.47005,9.1431
1790731969.2936,19.4513,0.47005,9.1431
1790731969.3451,19.4688,0.42500,8.2742
1790731969.4001,19.4688,0.42500,8.2742
1790731969.4551,19.4688,0.42500,8.2742
1790731969.5065,19.4725,0.41657,8.1118
1790731969.5593,19.4725,0.41657,8.1118
1790731969.6132,19.4725,0.41657,8.1118
1790731969.6682,19.4713,0.41948,8.1677
1790731969.7215,19.4713,0.41948,8.1677
1790731969.7729,19.4688,0.41995,8.1759
1790731969.8279,19.4688,0.41995,8.1759
1790731969.8817,19.4688,0.41995,8.1759
1790731969.9320,19.4737,0.40765,7.9385
1790731969.9853,19.4737,0.40765,7.9385
1790731970.0367,19.4737,0.40765,7.9385
1790731970.0917,19.4737,0.40820,7.9492
1790731970.1439,19.4737,0.40820,7.9492
1790731970.1952,19.4737,0.40820,7.9492
1790731970.2472,19.4737,0.40748,7.9351
1790731970.3017,19.4737,0.40748,7.9351
1790731970.3567,19.4725,0.41093,8.0017
1790731970.4118,19.4725,0.41093,8.0017
1790731970.4637,19.4725,0.41093,8.0017
1790731970.5138,19.4662,0.42970,8.3646
1790731970.5687,19.4662,0.42970,8.3646
1790731970.6203,19.4662,0.42970,8.3646
1790731970.6741,19.4675,0.42907,8.3530
1790731970.7264,19.4675,0.42907,8.3530
1790731970.7776,19.4675,0.42317,8.2382
1790731970.8299,19.4675,0.42317,8.2382
1790731970.8807,19.4675,0.42317,8.2382
1790731970.9357,19.4662,0.42698,8.3116
1790731970.9906,19.4662,0.42698,8.3116
1790731971.0410,19.4662,0.42698,8.3116
1790731971.0944,19.4638,0.43645,8.4950
1790731971.1494,19.4638,0.43645,8.4950
1790731971.2044,19.4650,0.42778,8.3266
1790731971.2546,19.4650,0.42778,8.3266
1790731971.3079,19.4650,0.42778,8.3266
1790731971.3603,19.4675,0.42660,8.3048
1790731971.4155,19.4675,0.42660,8.3048
1790731971.4674,19.4675,0.42660,8.3048
1790731971.5186,19.4700,0.41905,8.1589
1790731971.5719,19.4700,0.41905,8.1589
1790731971.6269,19.4675,0.42685,8.3097
1790731971.6795,19.4675,0.42685,8.3097
1790731971.7314,19.4675,0.42685,8.3097
1790731971.7820,19.4662,0.42948,8.3603
1790731971.8370,19.4662,0.42948,8.3603
1790731971.8879,19.4662,0.42948,8.3603
1790731971.9429,19.4600,0.44657,8.6903
1790731971.9980,19.4600,0.44657,8.6903
1790731972.0516,19.4688,0.44657,8.6943
1790731972.1032,19.4688,0.42285,8.2324
1790731972.1582,19.4688,0.42285,8.2324
1790731972.2118,19.4713,0.42015,8.1808
1790731972.2630,19.4713,0.42015,8.1808
1790731972.3159,19.4713,0.42015,8.1808
1790731972.3709,19.4650,0.43243,8.4172
1790731972.4222,19.4650,0.43243,8.4172
1790731972.4726,19.4650,0.43243,8.4172
1790731972.5238,19.4662,0.43157,8.4011
1790731972.5787,19.4662,0.43157,8.4011
1790731972.6290,19.4612,0.44200,8.6019
1790731972.6841,19.4612,0.44200,8.6019
1790731972.7391,19.4612,0.44200,8.6019
1790731972.7919,19.4675,0.42883,8.3482
1790731972.8469,19.4675,0.42883,8.3482
1790731972.8973,19.4675,0.42883,8.3482
1790731972.9487,19.4688,0.42215,8.2187
1790731972.9988,19.4688,0.42215,8.2187
1790731973.0522,19.4588,0.42215,8.2145
1790731973.1059,19.4588,0.44753,8.7083
1790731973.1579,19.4588,0.44753,8.7083
1790731973.2125,19.4575,0.45558,8.8644
1790731973.2675,19.4575,0.45558,8.8644
1790731973.3225,19.4575,0.45558,8.8644
1790731973.3775,19.4563,0.45525,8.8575
1790731973.4284,19.4563,0.45525,8.8575
1790731973.4834,19.4537,0.46615,9.0684
1790731973.5346,19.4537,0.46615,9.0684
1790731973.5893,19.4537,0.46615,9.0684
1790731973.6402,19.4575,0.45135,8.7821
1790731973.6952,19.4575,0.45135,8.7821
1790731973.7454,19.4575,0.45135,8.7821
1790731973.7956,19.4563,0.44725,8.7018
1790731973.8488,19.4563,0.44725,8.7018
1790731973.9038,19.4563,0.44725,8.7018
1790731973.9588,19.4537,0.46098,8.9677
1790731974.0130,19.4537,0.46098,8.9677
1790731974.0661,19.4400,0.49670,9.6558
1790731974.1176,19.4400,0.49670,9.6558
1790731974.1682,19.4400,0.49670,9.6558
1790731974.2204,19.4525,0.46848,9.1130
1790731974.2754,19.4525,0.46848,9.1130
1790731974.3304,19.4525,0.46848,9.1130
1790731974.3838,19.4488,0.47202,9.1803
1790731974.4388,19.4488,0.47202,9.1803
1790731974.4890,19.4612,0.44525,8.6651
1790731974.5418,19.4612,0.44525,8.6651
1790731974.5959,19.4612,0.44525,8.6651
1790731974.6490,19.4638,0.43165,8.4015
1790731974.7040,19.4638,0.43165,8.4015
1790731974.7590,19.4638,0.43165,8.4015
1790731974.8140,19.4625,0.43775,8.5197
1790731974.8647,19.4625,0.43775,8.5197
1790731974.9162,19.4675,0.42590,8.2912
1790731974.9668,19.4675,0.42590,8.2912
1790731975.0217,19.4675,0.42590,8.2912
1790731975.0733,19.4650,0.43523,8.4717
1790731975.1280,19.4650,0.43523,8.4717
1790731975.1814,19.4650,0.43523,8.4717
1790731975.2328,19.4737,0.41055,7.9949
1790731975.2866,19.4737,0.41055,7.9949
1790731975.3416,19.4688,0.42242,8.2241
1790731975.3947,19.4688,0.42242,8.2241
1790731975.4497,19.4688,0.42242,8.2241
1790731975.5043,19.4662,0.42930,8.3569
1790731975.5547,19.4662,0.42930,8.3569
1790731975.6057,19.4662,0.42930,8.3569
1790731975.6558,19.4700,0.41953,8.1682
1790731975.7108,19.4700,0.41953,8.1682
1790731975.7658,19.4688,0.41953,8.1676
1790731975.8188,19.4688,0.42253,8.2260
1790731975.8739,19.4688,0.42253,8.2260
1790731975.9289,19.4675,0.42428,8.2596
1790731975.9810,19.4675,0.42428,8.2596
1790731976.0314,19.4675,0.42428,8.2596
1790731976.0844,19.4688,0.42262,8.2280
1790731976.1394,19.4688,0.42262,8.2280
1790731976.1944,19.4675,0.42872,8.3462
1790731976.2479,19.4675,0.42872,8.3462
1790731976.3029,19.4675,0.42872,8.3462
1790731976.3579,19.4688,0.42265,8.2285
1790731976.4129,19.4688,0.42265,8.2285
1790731976.4674,19.4688,0.42265,8.2285
1790731976.5186,19.4700,0.41820,8.1424
1790731976.5710,19.4700,0.41820,8.1424
1790731976.6258,19.4763,0.40158,7.8212
1790731976.6780,19.4763,0.40158,7.8212
1790731976.7316,19.4763,0.40158,7.8212
1790731976.7864,19.4688,0.42030,8.1827
1790731976.8393,19.4688,0.42030,8.1827
1790731976.8943,19.4688,0.42030,8.1827
1790731976.9488,19.4750,0.40780,7.9419
1790731977.0039,19.4750,0.40780,7.9419
1790731977.0577,19.4675,0.42335,8.2416
1790731977.1123,19.4675,0.42335,8.2416
1790731977.1646,19.4675,0.42335,8.2416
1790731977.2196,19.4713,0.41790,8.1370
1790731977.2747,19.4713,0.41790,8.1370
1790731977.3287,19.4713,0.41790,8.1370
1790731977.3801,19.4725,0.41382,8.0582
1790731977.4323,19.4725,0.41382,8.0582
1790731977.4825,19.4725,0.41237,8.0300
1790731977.5333,19.4725,0.41237,8.0300
1790731977.5853,19.4725,0.41237,8.0300
1790731977.6367,19.4737,0.40673,7.9205
1790731977.6869,19.4737,0.40673,7.9205
1790731977.7385,19.4737,0.40673,7.9205
1790731977.7935,19.4700,0.42047,8.1866
1790731977.8485,19.4700,0.42047,8.1866
1790731977.9035,19.4700,0.42047,8.1866
1790731977.9550,19.4650,0.43320,8.4322
1790731978.0100,19.4650,0.43320,8.4322
1790731978.0640,19.4675,0.42512,8.2761
1790731978.1172,19.4675,0.42512,8.2761
1790731978.1722,19.4675,0.42512,8.2761
1790731978.2226,19.4688,0.42288,8.2328
1790731978.2776,19.4688,0.42288,8.2328
1790731978.3282,19.4688,0.42288,8.2328
1790731978.3818,19.4675,0.42442,8.2625
1790731978.4368,19.4675,0.42442,8.2625
1790731978.4886,19.4725,0.41283,8.0387
1790731978.5434,19.4725,0.41283,8.0387
1790731978.5982,19.4725,0.41283,8.0387
1790731978.6493,19.4725,0.41283,8.0387
1790731978.7016,19.4725,0.41283,8.0387
1790731978.7555,19.4725,0.41283,8.0387
1790731978.8084,19.4675,0.42742,8.3209
1790731978.8634,19.4675,0.42742,8.3209
1790731978.9162,19.4688,0.42135,8.2032
1790731978.9694,19.4688,0.42135,8.2032
1790731979.0194,19.4688,0.42135,8.2032
1790731979.0744,19.4675,0.42262,8.2275
1790731979.1248,19.4675,0.42262,8.2275
1790731979.1798,19.4675,0.42262,8.2275
1790731979.2325,19.4675,0.42590,8.2912
1790731979.2859,19.4675,0.42590,8.2912
1790731979.3381,19.4675,0.42538,8.2810
1790731979.3931,19.4675,0.42538,8.2810
1790731979.4480,19.4675,0.42538,8.2810
1790731979.4988,19.4713,0.41685,8.1166
1790731979.5522,19.4713,0.41685,8.1166
1790731979.6072,19.4713,0.41685,8.1166
1790731979.6613,19.4688,0.42075,8.1915
1790731979.7156,19.4688,0.42075,8.1915
1790731979.7692,19.4662,0.42552,8.2834
1790731979.8224,19.4662,0.42552,8.2834
1790731979.8773,19.4662,0.42552,8.2834
1790731979.9283,19.4662,0.43150,8.3997
1790731979.9833,19.4662,0.43150,8.3997
1790731980.0375,19.4662,0.43150,8.3997
1790731980.0915,19.4650,0.42828,8.3364
1790731980.1420,19.4650,0.42828,8.3364
1790731980.1955,19.4650,0.42965,8.3631
1790731980.2503,19.4650,0.42965,8.3631
1790731980.3023,19.4650,0.42965,8.3631
1790731980.3543,19.4625,0.43755,8.5158
1790731980.4044,19.4625,0.43755,8.5158
1790731980.4594,19.4625,0.43755,8.5158
1790731980.5133,19.4650,0.43250,8.4186
1790731980.5664,19.4650,0.43250,8.4186
1790731980.6173,19.4650,0.43250,8.4186
1790731980.6721,19.4650,0.43258,8.4201
1790731980.7272,19.4650,0.43258,8.4201
1790731980.7822,19.4662,0.43335,8.4357
1790731980.8333,19.4662,0.43335,8.4357
1790731980.8858,19.4662,0.43335,8.4357
1790731980.9388,19.4650,0.42813,8.3335
1790731980.9906,19.4650,0.42813,8.3335
1790731981.0456,19.4650,0.42813,8.3335
1790731981.1006,19.4713,0.41215,8.0251
1790731981.1523,19.4713,0.41215,8.0251
1790731981.2074,19.4737,0.40768,7.9390
1790731981.2578,19.4737,0.40768,7.9390
1790731981.3096,19.4737,0.40768,7.9390
1790731981.3646,19.4737,0.41065,7.9969
1790731981.4196,19.4737,0.41065,7.9969
1790731981.4710,19.4737,0.41065,7.9969
1790731981.5260,19.4713,0.41633,8.1064
1790731981.5810,19.4713,0.41633,8.1064
1790731981.6312,19.4513,0.46580,9.0604
1790731981.6823,19.4513,0.46580,9.0604
1790731981.7373,19.4513,0.46580,9.0604
1790731981.7887,19.4675,0.42398,8.2537
1790731981.8438,19.4675,0.42398,8.2537
1790731981.8957,19.4675,0.42398,8.2537
1790731981.9459,19.4650,0.43170,8.4030
1790731981.9967,19.4650,0.43170,8.4030
1790731982.0515,19.4688,0.42423,8.2591
1790731982.1017,19.4688,0.42423,8.2591
1790731982.1566,19.4688,0.42423,8.2591
1790731982.2074,19.4700,0.42088,8.1944
1790731982.2624,19.4700,0.42088,8.1944
1790731982.3158,19.4700,0.42088,8.1944
1790731982.3693,19.4650,0.43015,8.3729
1790731982.4223,19.4650,0.43015,8.3729
1790731982.4765,19.4625,0.43015,8.3718
1790731982.5277,19.4625,0.43940,8.5518
1790731982.5824,19.4625,0.43940,8.5518
1790731982.6374,19.4675,0.42468,8.2674
1790731982.6884,19.4675,0.42468,8.2674
1790731982.7434,19.4675,0.42468,8.2674
1790731982.7942,19.4675,0.42657,8.3043
1790731982.8475,19.4675,0.42657,8.3043
1790731982.8978,19.4675,0.42657,8.3043
1790731982.9521,19.4675,0.42490,8.2717
1790731983.0060,19.4675,0.42490,8.2717
1790731983.0598,19.4675,0.42650,8.3029
1790731983.1148,19.4675,0.42650,8.3029
1790731983.1650,19.4675,0.42650,8.3029
1790731983.2200,19.4688,0.42233,8.2221
1790731983.2742,19.4688,0.42233,8.2221
1790731983.3292,19.4688,0.42233,8.2221
1790731983.3809,19.4662,0.42685,8.3092
1790731983.4321,19.4662,0.42685,8.3092
1790731983.4871,19.4700,0.41707,8.1205
1790731983.5399,19.4700,0.41707,8.1205
1790731983.5942,19.4700,0.41707,8.1205
1790731983.6486,19.4750,0.40525,7.8922
1790731983.7036,19.4750,0.40525,7.8922
1790731983.7541,19.4750,0.40525,7.8922
1790731983.8076,19.4750,0.40643,7.9151
1790731983.8599,19.4750,0.40643,7.9151
1790731983.9126,19.4750,0.40540,7.8952
1790731983.9676,19.4750,0.40540,7.8952
1790731984.0202,19.4750,0.40540,7.8952
1790731984.0743,19.4800,0.39143,7.6250
1790731984.1277,19.4800,0.39143,7.6250
1790731984.1827,19.4800,0.39143,7.6250
1790731984.2334,19.4763,0.40253,7.8397
1790731984.2866,19.4763,0.40253,7.8397
1790731984.3410,19.4700,0.41835,8.1453
1790731984.3943,19.4700,0.41835,8.1453
1790731984.4460,19.4700,0.41835,8.1453
1790731984.5010,19.4788,0.39575,7.7087
1790731984.5519,19.4788,0.39575,7.7087
1790731984.6070,19.4788,0.39575,7.7087
1790731984.6617,19.4725,0.41093,8.0017
1790731984.7149,19.4725,0.41093,8.0017
1790731984.7695,19.4725,0.41633,8.1069
1790731984.8245,19.4725,0.41633,8.1069
1790731984.8779,19.4725,0.41633,8.1069
1790731984.9329,19.4700,0.42067,8.1905
1790731984.9867,19.4700,0.42067,8.1905
1790731985.0406,19.4700,0.42067,8.1905
1790731985.0919,19.4662,0.42860,8.3432
1790731985.1469,19.4662,0.42860,8.3432
1790731985.2010,19.4700,0.41797,8.1380
1790731985.2536,19.4700,0.41797,8.1380
1790731985.3055,19.4700,0.41797,8.1380
1790731985.3605,19.4675,0.42597,8.2927
1790731985.4155,19.4675,0.42597,8.2927
1790731985.4705,19.4675,0.42597,8.2927
1790731985.5252,19.4675,0.42550,8.2834
1790731985.5803,19.4675,0.42550,8.2834
1790731985.6353,19.4688,0.42205,8.2168
1790731985.6872,19.4688,0.42205,8.2168
1790731985.7411,19.4688,0.42205,8.2168
1790731985.7945,19.4688,0.42073,8.1910
1790731985.8448,19.4688,0.42073,8.1910
1790731985.8994,19.4688,0.42073,8.1910
1790731985.9507,19.4688,0.42352,8.2455
1790731986.0045,19.4688,0.42352,8.2455
1790731986.0560,19.4700,0.41830,8.1443
1790731986.1075,19.4700,0.41830,8.1443
1790731986.1587,19.4700,0.41830,8.1443
1790731986.2135,19.4700,0.41825,8.1433
1790731986.2685,19.4700,0.41825,8.1433
1790731986.3211,19.4700,0.41825,8.1433
1790731986.3735,19.4688,0.42045,8.1856
1790731986.4274,19.4688,0.42045,8.1856
1790731986.4803,19.4650,0.42968,8.3636
1790731986.5314,19.4650,0.42968,8.3636
1790731986.5865,19.4650,0.42968,8.3636
1790731986.6379,19.4675,0.42545,8.2824
1790731986.6907,19.4675,0.42545,8.2824
1790731986.7412,19.4675,0.42545,8.2824
1790731986.7962,19.4675,0.42350,8.2445
1790731986.8479,19.4675,0.42350,8.2445
1790731986.9023,19.4662,0.42350,8.2440
1790731986.9568,19.4662,0.42860,8.3432
1790731987.0105,19.4662,0.42860,8.3432
1790731987.0633,19.4662,0.42855,8.3423
1790731987.1146,19.4662,0.42855,8.3423
1790731987.1680,19.4662,0.42855,8.3423
1790731987.2213,19.4675,0.42673,8.3073
1790731987.2746,19.4675,0.42673,8.3073
1790731987.3297,19.4675,0.42673,8.3073
1790731987.3847,19.4675,0.42635,8.3000
1790731987.4373,19.4675,0.42635,8.3000
1790731987.4904,19.4662,0.42808,8.3330
1790731987.5413,19.4662,0.42808,8.3330
1790731987.5963,19.4662,0.42808,8.3330
1790731987.6498,19.4638,0.43283,8.4244
1790731987.7042,19.4638,0.43283,8.4244
1790731987.7562,19.4638,0.43283,8.4244
1790731987.8081,19.4675,0.42643,8.3014
1790731987.8614,19.4675,0.42643,8.3014
1790731987.9137,19.4625,0.44030,8.5693
1790731987.9680,19.4625,0.44030,8.5693
1790731988.0214,19.4625,0.44030,8.5693
1790731988.0730,19.4675,0.42512,8.2761
1790731988.1276,19.4675,0.42512,8.2761
1790731988.1826,19.4675,0.42512,8.2761
1790731988.2347,19.4688,0.41823,8.1423
1790731988.2885,19.4688,0.41823,8.1423
1790731988.3431,19.4662,0.42618,8.2960
1790731988.3952,19.4662,0.42618,8.2960
1790731988.4498,19.4662,0.42618,8.2960
1790731988.5000,19.4612,0.43968,8.5566
1790731988.5548,19.4612,0.43968,8.5566
1790731988.6067,19.4612,0.43968,8.5566
1790731988.6596,19.4675,0.42542,8.2820
1790731988.7138,19.4675,0.42542,8.2820
1790731988.7642,19.4688,0.42310,8.2372
1790731988.8176,19.4688,0.42310,8.2372
1790731988.8723,19.4688,0.42310,8.2372
1790731988.9271,19.4675,0.42465,8.2669
1790731988.9821,19.4675,0.42465,8.2669
1790731989.0348,19.4675,0.42465,8.2669
1790731989.0894,19.4675,0.42423,8.2586
1790731989.1429,19.4675,0.42423,8.2586
1790731989.1960,19.4600,0.44455,8.6509
1790731989.2510,19.4600,0.44455,8.6509
1790731989.3037,19.4600,0.44455,8.6509
1790731989.3563,19.4612,0.44363,8.6335
1790731989.4095,19.4612,0.44363,8.6335
1790731989.4610,19.4612,0.44363,8.6335
1790731989.5160,19.4612,0.44475,8.6554
1790731989.5698,19.4612,0.44475,8.6554
1790731989.6231,19.4650,0.43093,8.3880
1790731989.6755,19.4650,0.43093,8.3880
1790731989.7299,19.4650,0.43093,8.3880
1790731989.7812,19.4662,0.42907,8.3525
1790731989.8349,19.4662,0.42907,8.3525
1790731989.8883,19.4662,0.42907,8.3525
1790731989.9432,19.4650,0.43288,8.4259
1790731989.9949,19.4650,0.43288,8.4259
1790731990.0500,19.4688,0.42335,8.2421
1790731990.1016,19.4688,0.42335,8.2421
1790731990.1561,19.4688,0.42335,8.2421
1790731990.2083,19.4688,0.42368,8.2484
1790731990.2612,19.4688,0.42368,8.2484
1790731990.3150,19.4688,0.42368,8.2484
1790731990.3661,19.4675,0.42575,8.2883
1790731990.4211,19.4675,0.42575,8.2883
1790731990.4749,19.4675,0.42705,8.3136
1790731990.5289,19.4675,0.42705,8.3136
1790731990.5817,19.4675,0.42705,8.3136
1790731990.6350,19.4675,0.42588,8.2907
1790731990.6884,19.4675,0.42588,8.2907
1790731990.7417,19.4675,0.42588,8.2907
1790731990.7950,19.4688,0.42270,8.2294
1790731990.8484,19.4688,0.42270,8.2294
1790731990.9017,19.4675,0.42325,8.2396
1790731990.9536,19.4675,0.42325,8.2396
1790731991.0086,19.4675,0.42325,8.2396
1790731991.0620,19.4700,0.41997,8.1769
1790731991.1155,19.4700,0.41997,8.1769
1790731991.1687,19.4700,0.41997,8.1769
1790731991.2237,19.4725,0.41123,8.0076
1790731991.2756,19.4725,0.41123,8.0076
1790731991.3306,19.4725,0.40832,7.9511
1790731991.3856,19.4725,0.40832,7.9511
1790731991.4359,19.4725,0.40832,7.9511
1790731991.4895,19.4737,0.41148,8.0130
1790731991.5418,19.4737,0.41148,8.0130
1790731991.5960,19.4737,0.41148,8.0130
1790731991.6485,19.4700,0.41870,8.1521
1790731991.7025,19.4700,0.41870,8.1521
1790731991.7575,19.4662,0.41870,8.1505
1790731991.8125,19.4662,0.42792,8.3301
1790731991.8647,19.4662,0.42792,8.3301
1790731991.9159,19.4662,0.42765,8.3247
1790731991.9690,19.4662,0.42765,8.3247
1790731992.0228,19.4662,0.42765,8.3247
1790731992.0757,19.4638,0.43383,8.4439
1790731992.1307,19.4638,0.43383,8.4439
1790731992.1819,19.4638,0.43383,8.4439
1790731992.2369,19.4675,0.42585,8.2902
1790731992.2915,19.4675,0.42585,8.2902
1790731992.3425,19.4675,0.42390,8.2523
1790731992.3957,19.4675,0.42390,8.2523
1790731992.4486,19.4675,0.42390,8.2523
1790731992.5036,19.4675,0.42645,8.3019
1790731992.5558,19.4675,0.42645,8.3019
1790731992.6095,19.4675,0.42645,8.3019
1790731992.6645,19.4662,0.42710,8.3140
1790731992.7195,19.4662,0.42710,8.3140
1790731992.7745,19.4737,0.40432,7.8737
1790731992.8291,19.4737,0.40432,7.8737
1790731992.8844,19.4737,0.40432,7.8737
1790731992.9395,19.4713,0.41308,8.0431
1790731992.9919,19.4713,0.41308,8.0431
1790731993.0469,19.4737,0.40815,7.9482
1790731993.0985,19.4737,0.40815,7.9482
1790731993.1504,19.4737,0.40815,7.9482
1790731993.2054,19.4750,0.40887,7.9628
1790731993.2604,19.4750,0.40887,7.9628
1790731993.3117,19.4750,0.40887,7.9628
1790731993.3631,19.4750,0.40547,7.8966
1790731993.4146,19.4750,0.40547,7.8966
1790731993.4659,19.4750,0.40547,7.8966
1790731993.5174,19.4750,0.40678,7.9219
1790731993.5707,19.4750,0.40678,7.9219
1790731993.6254,19.4700,0.41755,8.1297
1790731993.6804,19.4700,0.41755,8.1297
1790731993.7326,19.4700,0.41755,8.1297
1790731993.7837,19.4688,0.42428,8.2601
1790731993.8354,19.4688,0.42428,8.2601
1790731993.8902,19.4688,0.42428,8.2601
1790731993.9416,19.4650,0.43173,8.4035
1790731993.9943,19.4650,0.43173,8.4035
1790731994.0487,19.4662,0.42970,8.3646
1790731994.1021,19.4662,0.42970,8.3646
1790731994.1549,19.4662,0.42970,8.3646
1790731994.2094,19.4688,0.42315,8.2382
1790731994.2614,19.4688,0.42315,8.2382
1790731994.3164,19.4688,0.42315,8.2382
1790731994.3681,19.4700,0.42065,8.1901
1790731994.4221,19.4700,0.42065,8.1901
1790731994.4755,19.4675,0.42460,8.2659
1790731994.5265,19.4675,0.42460,8.2659
1790731994.5809,19.4675,0.42460,8.2659
1790731994.6355,19.4625,0.44010,8.5654
1790731994.6897,19.4625,0.44010,8.5654
1790731994.7432,19.4625,0.44010,8.5654
1790731994.7955,19.4612,0.44267,8.6150
1790731994.8490,19.4612,0.44267,8.6150
1790731994.9009,19.4588,0.44943,8.7452
1790731994.9551,19.4588,0.44943,8.7452
1790731995.0101,19.4588,0.44943,8.7452
1790731995.0628,19.4650,0.43330,8.4342
1790731995.1155,19.4650,0.43330,8.4342
1790731995.1695,19.4650,0.43330,8.4342
1790731995.2245,19.4625,0.44017,8.5669
1790731995.2765,19.4625,0.44017,8.5669
1790731995.3315,19.4675,0.42660,8.3048
1790731995.3820,19.4675,0.42660,8.3048
1790731995.4370,19.4675,0.42660,8.3048
1790731995.4921,19.4625,0.44133,8.5893
1790731995.5432,19.4625,0.44133,8.5893
1790731995.5933,19.4625,0.44133,8.5893
1790731995.6461,19.4575,0.45303,8.8147
1790731995.6998,19.4575,0.45303,8.8147
1790731995.7537,19.4575,0.45303,8.8147
1790731995.8056,19.4625,0.43878,8.5397
1790731995.8604,19.4625,0.43878,8.5397
1790731995.9141,19.4600,0.44567,8.6728
1790731995.9692,19.4600,0.44567,8.6728
1790731996.0236,19.4600,0.44567,8.6728
1790731996.0756,19.4537,0.46335,9.0139
1790731996.1273,19.4537,0.46335,9.0139
1790731996.1804,19.4537,0.46335,9.0139
1790731996.2342,19.4550,0.45927,8.9352
1790731996.2891,19.4550,0.45927,8.9352
1790731996.3423,19.4575,0.45100,8.7753
1790731996.3973,19.4575,0.45100,8.7753
1790731996.4524,19.4575,0.45100,8.7753
1790731996.5052,19.4588,0.44930,8.7428
1790731996.5602,19.4588,0.44930,8.7428
1790731996.6152,19.4550,0.45918,8.9332
1790731996.6663,19.4550,0.45918,8.9332
1790731996.7197,19.4550,0.45918,8.9332
1790731996.7747,19.4575,0.45185,8.7919
1790731996.8297,19.4575,0.45185,8.7919
1790731996.8847,19.4575,0.45185,8.7919
1790731996.9397,19.4600,0.44677,8.6942
1790731996.9902,19.4600,0.44677,8.6942
1790731997.0452,19.4638,0.43910,8.5465
1790731997.0956,19.4638,0.43910,8.5465
1790731997.1506,19.4638,0.43910,8.5465
1790731997.2024,19.4650,0.42910,8.3524
1790731997.2574,19.4650,0.42910,8.3524
1790731997.3115,19.4650,0.42910,8.3524
1790731997.3666,19.4638,0.43523,8.4711
1790731997.4216,19.4638,0.43523,8.4711
1790731997.4759,19.4675,0.42595,8.2922
1790731997.5307,19.4675,0.42595,8.2922
1790731997.5835,19.4675,0.42595,8.2922
1790731997.6364,19.4662,0.42985,8.3676
1790731997.6914,19.4662,0.42985,8.3676
1790731997.7459,19.4662,0.42985,8.3676
1790731997.8010,19.4688,0.42323,8.2397
1790731997.8529,19.4688,0.42323,8.2397
1790731997.9068,19.4700,0.41992,8.1759
1790731997.9618,19.4700,0.41992,8.1759
1790731998.0148,19.4700,0.41992,8.1759
1790731998.0677,19.4638,0.43760,8.5173
1790731998.1199,19.4638,0.43760,8.5173
1790731998.1731,19.4638,0.43760,8.5173
1790731998.2249,19.4688,0.42388,8.2523
1790731998.2777,19.4688,0.42388,8.2523
1790731998.3296,19.4688,0.42368,8.2484
1790731998.3813,19.4688,0.42368,8.2484
1790731998.4347,19.4688,0.42368,8.2484
1790731998.4859,19.4675,0.42575,8.2883
1790731998.5410,19.4675,0.42575,8.2883
1790731998.5955,19.4675,0.42575,8.2883
1790731998.6497,19.4713,0.41730,8.1254
1790731998.7011,19.4713,0.41730,8.1254
1790731998.7561,19.4713,0.41492,8.0791
1790731998.8111,19.4713,0.41492,8.0791
1790731998.8624,19.4713,0.41492,8.0791
1790731998.9141,19.4700,0.41925,8.1628
1790731998.9691,19.4700,0.41925,8.1628
1790731999.0192,19.4700,0.41925,8.1628
1790731999.0696,19.4688,0.42345,8.2440
1790731999.1227,19.4688,0.42345,8.2440
1790731999.1741,19.4688,0.42345,8.2440
1790731999.2248,19.4688,0.42195,8.2148
1790731999.2749,19.4688,0.42195,8.2148
1790731999.3299,19.4650,0.43028,8.3753
1790731999.3825,19.4650,0.43028,8.3753
1790731999.4326,19.4650,0.43028,8.3753
1790731999.4869,19.4662,0.42813,8.3340
1790731999.5420,19.4662,0.42813,8.3340
1790731999.5961,19.4662,0.42813,8.3340
1790731999.6512,19.4662,0.42768,8.3252
1790731999.7026,19.4662,0.42768,8.3252
1790731999.7564,19.4638,0.43505,8.4677
1790731999.8075,19.4638,0.43505,8.4677
1790731999.8614,19.4638,0.43505,8.4677
1790731999.9147,19.4662,0.42780,8.3277
1790731999.9671,19.4662,0.42780,8.3277
1790732000.0207,19.4662,0.42780,8.3277
1790732000.0710,19.4662,0.43175,8.4046
1790732000.1221,19.4662,0.43175,8.4046
1790732000.1755,19.4662,0.43175,8.4046
1790732000.2300,19.4662,0.43090,8.3880
1790732000.2848,19.4662,0.43090,8.3880
1790732000.3366,19.4662,0.42733,8.3184
1790732000.3872,19.4662,0.42733,8.3184
1790732000.4385,19.4662,0.42733,8.3184
1790732000.4935,19.4662,0.42945,8.3598
1790732000.5443,19.4662,0.42945,8.3598
1790732000.5965,19.4662,0.42945,8.3598
1790732000.6476,19.4675,0.42792,8.3306
1790732000.7026,19.4675,0.42792,8.3306
1790732000.7535,19.4650,0.42792,8.3296
1790732000.8085,19.4650,0.43215,8.4118
1790732000.8635,19.4650,0.43215,8.4118
1790732000.9144,19.4588,0.44790,8.7156
1790732000.9682,19.4588,0.44790,8.7156
1790732001.0221,19.4588,0.44790,8.7156
1790732001.0761,19.4600,0.44585,8.6762
1790732001.1312,19.4600,0.44585,8.6762
1790732001.1838,19.4612,0.44157,8.5936
1790732001.2339,19.4612,0.44157,8.5936
1790732001.2864,19.4612,0.44157,8.5936
1790732001.3398,19.4625,0.43865,8.5372
1790732001.3948,19.4625,0.43865,8.5372
1790732001.4463,19.4625,0.43865,8.5372
1790732001.4964,19.4662,0.43247,8.4187
1790732001.5465,19.4662,0.43247,8.4187
1790732001.5983,19.4662,0.43247,8.4187
1790732001.6533,19.4662,0.42978,8.3661
1790732001.7064,19.4662,0.42978,8.3661
1790732001.7606,19.4725,0.41300,8.0421
1790732001.8156,19.4725,0.41300,8.0421
1790732001.8679,19.4725,0.41300,8.0421
1790732001.9229,19.4713,0.41498,8.0801
1790732001.9754,19.4713,0.41498,8.0801
1790732002.0304,19.4713,0.41498,8.0801
1790732002.0850,19.4662,0.42973,8.3651
1790732002.1361,19.4662,0.42973,8.3651
1790732002.1865,19.4688,0.42333,8.2416
1790732002.2415,19.4688,0.42333,8.2416
1790732002.2965,19.4688,0.42333,8.2416
1790732002.3513,19.4675,0.42530,8.2795
1790732002.4064,19.4675,0.42530,8.2795
1790732002.4573,19.4675,0.42530,8.2795
1790732002.5086,19.4675,0.42525,8.2786
1790732002.5623,19.4675,0.42525,8.2786
1790732002.6166,19.4662,0.42817,8.3350
1790732002.6690,19.4662,0.42817,8.3350
1790732002.7209,19.4662,0.42817,8.3350
1790732002.7760,19.4675,0.42823,8.3365
1790732002.8306,19.4675,0.42823,8.3365
1790732002.8826,19.4675,0.42823,8.3365
1790732002.9371,19.4675,0.42093,8.1944
1790732002.9877,19.4675,0.42093,8.1944
1790732003.0427,19.4662,0.42695,8.3111
1790732003.0951,19.4662,0.42695,8.3111
1790732003.1474,19.4662,0.42695,8.3111
1790732003.2024,19.4675,0.42552,8.2839
1790732003.2574,19.4675,0.42552,8.2839
1790732003.3104,19.4675,0.42552,8.2839
1790732003.3654,19.4662,0.43030,8.3763
1790732003.4159,19.4662,0.43030,8.3763
1790732003.4709,19.4662,0.43135,8.3968
1790732003.5259,19.4662,0.43135,8.3968
1790732003.5760,19.4662,0.43135,8.3968
1790732003.6300,19.4662,0.43100,8.3900
1790732003.6830,19.4662,0.43100,8.3900
1790732003.7368,19.4662,0.43100,8.3900
1790732003.7914,19.4675,0.42542,8.2820
1790732003.8464,19.4675,0.42542,8.2820
1790732003.9014,19.4700,0.41823,8.1428
1790732003.9534,19.4700,0.41823,8.1428
1790732004.0065,19.4700,0.41823,8.1428
1790732004.0605,19.4625,0.43902,8.5445
1790732004.1147,19.4625,0.43902,8.5445
1790732004.1661,19.4625,0.43902,8.5445
1790732004.2211,19.4662,0.42845,8.3403
1790732004.2754,19.4662,0.42845,8.3403
1790732004.3305,19.4662,0.42980,8.3666
1790732004.3815,19.4662,0.42980,8.3666
1790732004.4324,19.4662,0.42980,8.3666
1790732004.4828,19.4662,0.43063,8.3827
1790732004.5330,19.4662,0.43063,8.3827
1790732004.5844,19.4662,0.43063,8.3827
1790732004.6394,19.4675,0.42413,8.2567
1790732004.6944,19.4675,0.42413,8.2567
1790732004.7484,19.4675,0.42413,8.2567
1790732004.7999,19.4662,0.42940,8.3588
1790732004.8543,19.4662,0.42940,8.3588
1790732004.9064,19.4650,0.43040,8.3777
1790732004.9614,19.4650,0.43040,8.3777
1790732005.0155,19.4650,0.43040,8.3777
1790732005.0684,19.4675,0.42695,8.3116
1790732005.1189,19.4675,0.42695,8.3116
1790732005.1701,19.4675,0.42695,8.3116
1790732005.2235,19.4638,0.43533,8.4731
1790732005.2786,19.4638,0.43533,8.4731
1790732005.3320,19.4662,0.43335,8.4357
1790732005.3869,19.4662,0.43335,8.4357
1790732005.4419,19.4662,0.43335,8.4357
1790732005.4934,19.4675,0.42840,8.3399
1790732005.5470,19.4675,0.42840,8.3399
1790732005.5999,19.4675,0.42840,8.3399
1790732005.6547,19.4638,0.43602,8.4867
1790732005.7096,19.4638,0.43602,8.4867
1790732005.7646,19.4662,0.43040,8.3783
1790732005.8196,19.4662,0.43040,8.3783
1790732005.8714,19.4662,0.43040,8.3783
1790732005.9248,19.4662,0.42950,8.3608
1790732005.9788,19.4662,0.42950,8.3608
1790732006.0291,19.4662,0.42950,8.3608
1790732006.0825,19.4638,0.43822,8.5295
1790732006.1372,19.4638,0.43822,8.5295
1790732006.1874,19.4625,0.44080,8.5791
1790732006.2420,19.4625,0.44080,8.5791
1790732006.2966,19.4625,0.44080,8.5791
1790732006.3494,19.4662,0.43133,8.3963
1790732006.4044,19.4662,0.43133,8.3963
1790732006.4548,19.4662,0.43133,8.3963
1790732006.5067,19.4662,0.42923,8.3554
1790732006.5617,19.4662,0.42923,8.3554
1790732006.6154,19.4650,0.43038,8.3772
1790732006.6697,19.4650,0.43038,8.3772
1790732006.7225,19.4650,0.43038,8.3772
1790732006.7735,19.4650,0.42978,8.3656
1790732006.8285,19.4650,0.42978,8.3656
1790732006.8787,19.4650,0.42978,8.3656
1790732006.9328,19.4662,0.43028,8.3758
1790732006.9878,19.4662,0.43028,8.3758
1790732007.0427,19.4612,0.44153,8.5926
1790732007.0937,19.4612,0.44153,8.5926
1790732007.1470,19.4612,0.44153,8.5926
1790732007.1983,19.4625,0.43855,8.5353
1790732007.2496,19.4625,0.43855,8.5353
1790732007.3047,19.4625,0.43855,8.5353
1790732007.3561,19.4662,0.43038,8.3778
1790732007.4085,19.4662,0.43038,8.3778
1790732007.4628,19.4688,0.43038,8.3789
1790732007.5168,19.4688,0.42295,8.2343
1790732007.5708,19.4688,0.42295,8.2343
1790732007.6258,19.4688,0.41960,8.1691
1790732007.6796,19.4688,0.41960,8.1691
1790732007.7316,19.4688,0.41960,8.1691
1790732007.7852,19.4675,0.42355,8.2455
1790732007.8385,19.4675,0.42355,8.2455
1790732007.8901,19.4675,0.42355,8.2455
1790732007.9436,19.4675,0.42528,8.2790
1790732007.9978,19.4675,0.42528,8.2790
1790732008.0494,19.4700,0.42040,8.1852
1790732008.1044,19.4700,0.42040,8.1852
1790732008.1593,19.4700,0.42040,8.1852
1790732008.2116,19.4713,0.41523,8.0849
1790732008.2666,19.4713,0.41523,8.0849
1790732008.3199,19.4700,0.41523,8.0844
1790732008.3716,19.4700,0.42065,8.1901
1790732008.4230,19.4700,0.42065,8.1901
1790732008.4781,19.4675,0.42620,8.2970
1790732008.5300,19.4675,0.42620,8.2970
1790732008.5838,19.4675,0.42620,8.2970
1790732008.6348,19.4662,0.42790,8.3296
1790732008.6898,19.4662,0.42790,8.3296
1790732008.7413,19.4662,0.42790,8.3296
1790732008.7930,19.4688,0.42265,8.2285
1790732008.8468,19.4688,0.42265,8.2285
1790732008.9010,19.4713,0.41720,8.1234
1790732008.9513,19.4713,0.41720,8.1234
1790732009.0019,19.4713,0.41720,8.1234
1790732009.0548,19.4737,0.40945,7.9735
1790732009.1058,19.4737,0.40945,7.9735
1790732009.1576,19.4737,0.40945,7.9735
1790732009.2117,19.4713,0.41490,8.0786
1790732009.2667,19.4713,0.41490,8.0786
1790732009.3198,19.4713,0.41490,8.0786
1790732009.3748,19.4688,0.42223,8.2202
1790732009.4287,19.4688,0.42223,8.2202
1790732009.4799,19.4750,0.40737,7.9336
1790732009.5315,19.4750,0.40737,7.9336
1790732009.5847,19.4750,0.40737,7.9336
1790732009.6357,19.4725,0.40810,7.9467
1790732009.6881,19.4725,0.40810,7.9467
1790732009.7431,19.4725,0.40810,7.9467
1790732009.7972,19.4763,0.40485,7.8850
1790732009.8483,19.4763,0.40485,7.8850
1790732009.9009,19.4775,0.40272,7.8441
1790732009.9560,19.4775,0.40272,7.8441
1790732010.0065,19.4775,0.40272,7.8441
1790732010.0615,19.4737,0.40748,7.9351
1790732010.1165,19.4737,0.40748,7.9351
1790732010.1675,19.4737,0.40748,7.9351
1790732010.2192,19.4737,0.40650,7.9161
1790732010.2726,19.4737,0.40650,7.9161
1790732010.3276,19.4750,0.40735,7.9331
1790732010.3819,19.4750,0.40735,7.9331
1790732010.4361,19.4750,0.40735,7.9331
1790732010.4871,19.4737,0.40670,7.9200
1790732010.5422,19.4737,0.40670,7.9200
1790732010.5925,19.4737,0.40670,7.9200
1790732010.6475,19.4725,0.41020,7.9876
1790732010.6989,19.4725,0.41020,7.9876
1790732010.7522,19.4725,0.41402,8.0621
1790732010.8030,19.4725,0.41402,8.0621
1790732010.8562,19.4725,0.41402,8.0621
1790732010.9080,19.4713,0.41545,8.0893
1790732010.9631,19.4713,0.41545,8.0893
1790732011.0181,19.4713,0.41545,8.0893
1790732011.0718,19.4700,0.41928,8.1633
1790732011.1268,19.4700,0.41928,8.1633
1790732011.1811,19.4725,0.41498,8.0806
1790732011.2318,19.4725,0.41498,8.0806
1790732011.2858,19.4725,0.41498,8.0806
1790732011.3360,19.4700,0.41833,8.1448
1790732011.3872,19.4700,0.41833,8.1448
1790732011.4417,19.4700,0.41833,8.1448
1790732011.4968,19.4688,0.42292,8.2338
1790732011.5473,19.4688,0.42292,8.2338
1790732011.5986,19.4688,0.42292,8.2338
1790732011.6490,19.4750,0.40682,7.9229
1790732011.7014,19.4750,0.40682,7.9229
1790732011.7564,19.4750,0.40707,7.9278
1790732011.8083,19.4750,0.40707,7.9278
1790732011.8601,19.4750,0.40707,7.9278
1790732011.9151,19.4725,0.41055,7.9944
1790732011.9667,19.4725,0.41055,7.9944
1790732012.0199,19.4725,0.41055,7.9944
1790732012.0749,19.4725,0.41268,8.0358
1790732012.1281,19.4725,0.41268,8.0358
1790732012.1823,19.4725,0.41128,8.0086
1790732012.2338,19.4725,0.41128,8.0086
1790732012.2879,19.4725,0.41128,8.0086
1790732012.3424,19.4737,0.41018,7.9876
1790732012.3974,19.4737,0.41018,7.9876
1790732012.4477,19.4737,0.41018,7.9876
1790732012.5011,19.4725,0.40923,7.9686
1790732012.5520,19.4725,0.40923,7.9686
1790732012.6070,19.4737,0.40645,7.9151
1790732012.6605,19.4737,0.40645,7.9151
1790732012.7116,19.4737,0.40645,7.9151
1790732012.7627,19.4737,0.41228,8.0285
1790732012.8177,19.4737,0.41228,8.0285
1790732012.8721,19.4737,0.41228,8.0285
1790732012.9251,19.4750,0.40975,7.9799
1790732012.9772,19.4750,0.40975,7.9799
1790732013.0293,19.4750,0.40975,7.9799
1790732013.0844,19.4725,0.41245,8.0314
1790732013.1377,19.4725,0.41245,8.0314
1790732013.1893,19.4750,0.40715,7.9292
1790732013.2443,19.4750,0.40715,7.9292
1790732013.2994,19.4750,0.40715,7.9292
1790732013.3533,19.4713,0.42045,8.1867
1790732013.4046,19.4713,0.42045,8.1867
1790732013.4561,19.4713,0.42045,8.1867
1790732013.5111,19.4688,0.42078,8.1920
1790732013.5649,19.4688,0.42078,8.1920
1790732013.6161,19.4675,0.42480,8.2698
1790732013.6669,19.4675,0.42480,8.2698
1790732013.7219,19.4675,0.42480,8.2698
1790732013.7769,19.4688,0.42480,8.2703
1790732013.8310,19.4688,0.42480,8.2703
1790732013.8838,19.4688,0.42480,8.2703
1790732013.9355,19.4725,0.41158,8.0144
1790732013.9900,19.4725,0.41158,8.0144
1790732014.0440,19.4612,0.44115,8.5853
1790732014.0963,19.4612,0.44115,8.5853
1790732014.1489,19.4612,0.44115,8.5853
1790732014.2039,19.4438,0.48613,9.4521
1790732014.2589,19.4438,0.48613,9.4521
1790732014.3139,19.4438,0.48613,9.4521
1790732014.3649,19.4588,0.46505,9.0493
1790732014.4172,19.4588,0.46505,9.0493
1790732014.4683,19.4588,0.44863,8.7297
1790732014.5228,19.4588,0.44863,8.7297
1790732014.5776,19.4588,0.44863,8.7297
1790732014.6326,19.4588,0.44473,8.6538
1790732014.6876,19.4588,0.44473,8.6538
1790732014.7425,19.4588,0.44473,8.6538
1790732014.7972,19.4600,0.44572,8.6738
1790732014.8516,19.4600,0.44572,8.6738
1790732014.9056,19.4588,0.44743,8.7063
1790732014.9573,19.4588,0.44743,8.7063
1790732015.0106,19.4588,0.44743,8.7063
1790732015.0656,19.4638,0.43352,8.4380
1790732015.1206,19.4638,0.43352,8.4380
1790732015.1731,19.4625,0.43352,8.4375
1790732015.2270,19.4625,0.44037,8.5708
1790732015.2817,19.4625,0.44037,8.5708
1790732015.3368,19.4700,0.41760,8.1307
1790732015.3896,19.4700,0.41760,8.1307
1790732015.4446,19.4700,0.41760,8.1307
1790732015.4968,19.4625,0.43920,8.5479
1790732015.5489,19.4625,0.43920,8.5479
1790732015.5999,19.4625,0.43920,8.5479
1790732015.6550,19.4650,0.43052,8.3802
1790732015.7083,19.4650,0.43052,8.3802
1790732015.7617,19.4625,0.43578,8.4813
1790732015.8167,19.4625,0.43578,8.4813
1790732015.8699,19.4625,0.43578,8.4813
1790732015.9213,19.4675,0.42735,8.3194
1790732015.9726,19.4675,0.42735,8.3194
1790732016.0230,19.4675,0.42735,8.3194
1790732016.0774,19.4650,0.43347,8.4376
1790732016.1324,19.4650,0.43347,8.4376
1790732016.1862,19.4612,0.44143,8.5907
1790732016.2413,19.4612,0.44143,8.5907
1790732016.2928,19.4612,0.44143,8.5907
1790732016.3454,19.4662,0.43017,8.3739
1790732016.4004,19.4662,0.43017,8.3739
1790732016.4536,19.4662,0.43017,8.3739
1790732016.5085,19.4688,0.41935,8.1642
1790732016.5635,19.4688,0.41935,8.1642
1790732016.6167,19.4700,0.42025,8.1823
1790732016.6703,19.4700,0.42025,8.1823
1790732016.7213,19.4700,0.42025,8.1823
1790732016.7722,19.4713,0.41920,8.1623
1790732016.8260,19.4713,0.41920,8.1623
1790732016.8769,19.4713,0.41920,8.1623
1790732016.9308,19.4713,0.41742,8.1278
1790732016.9851,19.4713,0.41742,8.1278
1790732017.0375,19.4713,0.41547,8.0898
1790732017.0908,19.4713,0.41547,8.0898
1790732017.1431,19.4713,0.41547,8.0898
1790732017.1956,19.4713,0.41700,8.1195
1790732017.2497,19.4713,0.41700,8.1195
1790732017.3036,19.4713,0.41700,8.1195
1790732017.3565,19.4700,0.41865,8.1511
1790732017.4083,19.4700,0.41865,8.1511
1790732017.4620,19.4713,0.41740,8.1273
1790732017.5164,19.4713,0.41740,8.1273
1790732017.5704,19.4713,0.41740,8.1273
1790732017.6239,19.4700,0.41948,8.1672
1790732017.6789,19.4700,0.41948,8.1672
1790732017.7306,19.4700,0.41948,8.1672
1790732017.7831,19.4700,0.41730,8.1248
1790732017.8355,19.4700,0.41730,8.1248
1790732017.8900,19.4713,0.41963,8.1706
1790732017.9437,19.4713,0.41963,8.1706
1790732017.9988,19.4713,0.41963,8.1706
1790732018.0509,19.4700,0.41965,8.1706
1790732018.1042,19.4700,0.41965,8.1706
1790732018.1552,19.4700,0.41965,8.1706
1790732018.2102,19.4700,0.42428,8.2606
1790732018.2638,19.4700,0.42428,8.2606
1790732018.3186,19.4700,0.42023,8.1818
1790732018.3725,19.4700,0.42023,8.1818
1790732018.4242,19.4700,0.42023,8.1818
1790732018.4776,19.4700,0.42218,8.2197
1790732018.5309,19.4700,0.42218,8.2197
1790732018.5846,19.4700,0.42218,8.2197
1790732018.6352,19.4700,0.42295,8.2348
1790732018.6866,19.4700,0.42295,8.2348
1790732018.7413,19.4700,0.42295,8.2348
1790732018.7928,19.4700,0.41907,8.1594
1790732018.8468,19.4700,0.41907,8.1594
1790732018.8975,19.4700,0.41992,8.1759
1790732018.9525,19.4700,0.41992,8.1759
1790732019.0075,19.4700,0.41992,8.1759
1790732019.0601,19.4688,0.42390,8.2528
1790732019.1150,19.4688,0.42390,8.2528
1790732019.1700,19.4688,0.42390,8.2528
1790732019.2249,19.4450,0.49085,9.5446
1790732019.2786,19.4450,0.49085,9.5446
1790732019.3310,19.4250,0.53992,10.4880
1790732019.3833,19.4250,0.53992,10.4880
1790732019.4366,19.4250,0.53992,10.4880
1790732019.4911,19.4375,0.51048,9.9224
1790732019.5438,19.4375,0.51048,9.9224
1790732019.5943,19.4375,0.51048,9.9224
1790732019.6462,19.4363,0.50338,9.7837
1790732019.7013,19.4363,0.50338,9.7837
1790732019.7563,19.4350,0.51758,10.0591
1790732019.8076,19.4350,0.51758,10.0591
1790732019.8626,19.4350,0.51758,10.0591
1790732019.9177,19.4275,0.54463,10.5807
1790732019.9711,19.4275,0.54463,10.5807
1790732020.0252,19.4275,0.54463,10.5807
1790732020.0790,19.4300,0.53687,10.4315
1790732020.1302,19.4300,0.53687,10.4315
1790732020.1846,19.4187,0.53782,10.4439
1790732020.2392,19.4187,0.53782,10.4439
1790732020.2920,19.4187,0.53782,10.4439
1790732020.3445,19.4150,0.56863,11.0399
1790732020.3976,19.4150,0.56863,11.0399
1790732020.4515,19.4150,0.56863,11.0399
1790732020.5045,19.4138,0.57037,11.0731
1790732020.5584,19.4138,0.57037,11.0731
1790732020.6105,19.4062,0.59125,11.4739
1790732020.6645,19.4062,0.59125,11.4739
1790732020.7178,19.4062,0.59125,11.4739
1790732020.7717,19.4050,0.59432,11.5329
1790732020.8267,19.4050,0.59432,11.5329
1790732020.8778,19.4050,0.59432,11.5329
1790732020.9329,19.4037,0.59920,11.6267
1790732020.9867,19.4037,0.59920,11.6267
1790732021.0384,19.4050,0.59803,11.6047
1790732021.0932,19.4050,0.59803,11.6047
1790732021.1446,19.4050,0.59803,11.6047
1790732021.1978,19.4037,0.59872,11.6175
1790732021.2522,19.4037,0.59872,11.6175
1790732021.3054,19.4037,0.59872,11.6175
1790732021.3591,19.4037,0.60040,11.6500
1790732021.4141,19.4037,0.60040,11.6500
1790732021.4656,19.4037,0.59840,11.6112
1790732021.5179,19.4037,0.59840,11.6112
1790732021.5712,19.4037,0.59840,11.6112
1790732021.6257,19.4037,0.59823,11.6078
1790732021.6779,19.4037,0.59823,11.6078
1790732021.7283,19.4037,0.59823,11.6078
1790732021.7833,19.4025,0.59975,11.6366
1790732021.8383,19.4025,0.59975,11.6366
1790732021.8927,19.4088,0.58878,11.4274
1790732021.9456,19.4088,0.58878,11.4274
1790732021.9976,19.4088,0.58878,11.4274
1790732022.0527,19.4037,0.59737,11.5913
1790732022.1042,19.4037,0.59737,11.5913
1790732022.1593,19.4037,0.59737,11.5913
1790732022.2113,19.4025,0.60190,11.6784
1790732022.2651,19.4025,0.60190,11.6784
1790732022.3178,19.4088,0.59040,11.4589
1790732022.3713,19.4088,0.59040,11.4589
1790732022.4231,19.4088,0.59040,11.4589
1790732022.4770,19.4050,0.59420,11.5305
1790732022.5313,19.4050,0.59420,11.5305
1790732022.5832,19.4050,0.59420,11.5305
1790732022.6380,19.4075,0.59118,11.4732
1790732022.6914,19.4075,0.59118,11.4732
1790732022.7464,19.4037,0.59708,11.5855
1790732022.7980,19.4037,0.59708,11.5855
1790732022.8514,19.4037,0.59708,11.5855
1790732022.9045,19.4050,0.59605,11.5664
1790732022.9548,19.4050,0.59605,11.5664
1790732023.0079,19.4050,0.59605,11.5664
1790732023.0615,19.4050,0.59910,11.6255
1790732023.1127,19.4050,0.59910,11.6255
1790732023.1635,19.4050,0.59910,11.6255
1790732023.2148,19.4062,0.59425,11.5322
1790732023.2662,19.4062,0.59425,11.5322
1790732023.3198,19.4037,0.59952,11.6330
1790732023.3745,19.4037,0.59952,11.6330
1790732023.4246,19.4037,0.59952,11.6330
1790732023.4756,19.4037,0.59955,11.6335
1790732023.5274,19.4037,0.59955,11.6335
1790732023.5782,19.4037,0.59955,11.6335
1790732023.6326,19.4050,0.59890,11.6217
1790732023.6866,19.4050,0.59890,11.6217
1790732023.7416,19.4037,0.59890,11.6209
1790732023.7961,19.4037,0.59973,11.6369
1790732023.8472,19.4037,0.59973,11.6369
1790732023.8987,19.4037,0.59945,11.6316
1790732023.9537,19.4037,0.59945,11.6316
1790732024.0056,19.4037,0.59945,11.6316
1790732024.0606,19.4088,0.59008,11.4526
1790732024.1144,19.4088,0.59008,11.4526
1790732024.1694,19.4088,0.59008,11.4526
1790732024.2245,19.4062,0.59210,11.4904
1790732024.2781,19.4062,0.59210,11.4904
1790732024.3331,19.4050,0.59798,11.6037
1790732024.3849,19.4050,0.59798,11.6037
1790732024.4382,19.4050,0.59798,11.6037
1790732024.4907,19.4037,0.60110,11.6636
1790732024.5447,19.4037,0.60110,11.6636
1790732024.5953,19.4037,0.60110,11.6636
1790732024.6471,19.4062,0.59625,11.5710
1790732024.7012,19.4062,0.59625,11.5710
1790732024.7562,19.4037,0.60023,11.6466
1790732024.8113,19.4037,0.60023,11.6466
1790732024.8650,19.4037,0.60023,11.6466
1790732024.9196,19.4037,0.59745,11.5928
1790732024.9716,19.4037,0.59745,11.5928
1790732025.0253,19.4037,0.59745,11.5928
1790732025.0759,19.4037,0.59698,11.5836
1790732025.1310,19.4037,0.59698,11.5836
1790732025.1860,19.4062,0.59515,11.5496
1790732025.2410,19.4062,0.59515,11.5496
1790732025.2948,19.4062,0.59515,11.5496
1790732025.3479,19.4075,0.59270,11.5028
1790732025.4029,19.4075,0.59270,11.5028
1790732025.4579,19.4387,0.50595,9.8350
1790732025.5089,19.4387,0.50595,9.8350
1790732025.5633,19.4387,0.50595,9.8350
1790732025.6183,19.4638,0.44052,8.5743
1790732025.6697,19.4638,0.44052,8.5743
1790732025.7226,19.4638,0.44052,8.5743
1790732025.7735,19.4662,0.43275,8.4240
1790732025.8262,19.4662,0.43275,8.4240
1790732025.8791,19.4662,0.43275,8.4240
1790732025.9317,19.4675,0.42790,8.3301
1790732025.9850,19.4675,0.42790,8.3301
1790732026.0400,19.4675,0.43115,8.3934
1790732026.0943,19.4675,0.43115,8.3934
1790732026.1450,19.4675,0.43115,8.3934
1790732026.1989,19.4750,0.40910,7.9672
1790732026.2527,19.4750,0.40910,7.9672
1790732026.3077,19.4750,0.40910,7.9672
1790732026.3578,19.4650,0.43405,8.4488
1790732026.4119,19.4650,0.43405,8.4488
1790732026.4651,19.4650,0.43580,8.4828
1790732026.5199,19.4650,0.43580,8.4828
1790732026.5705,19.4650,0.43580,8.4828
1790732026.6222,19.4650,0.43305,8.4293
1790732026.6772,19.4650,0.43305,8.4293
1790732026.7322,19.4650,0.43305,8.4293
1790732026.7851,19.4662,0.43195,8.4084
1790732026.8389,19.4662,0.43195,8.4084
1790732026.8939,19.4700,0.42097,8.1964
1790732026.9475,19.4700,0.42097,8.1964
1790732026.9984,19.4700,0.42097,8.1964
1790732027.0501,19.4713,0.42102,8.1979
1790732027.1052,19.4713,0.42102,8.1979
1790732027.1574,19.4713,0.42102,8.1979
1790732027.2078,19.4700,0.42273,8.2305
1790732027.2628,19.4700,0.42273,8.2305
1790732027.3134,19.4700,0.42413,8.2577
1790732027.3684,19.4700,0.42413,8.2577
1790732027.4234,19.4700,0.42413,8.2577
1790732027.4784,19.4700,0.42360,8.2475
1790732027.5335,19.4700,0.42360,8.2475
1790732027.5852,19.4700,0.42360,8.2475
1790732027.6402,19.4700,0.42340,8.2436
1790732027.6919,19.4700,0.42340,8.2436
1790732027.7446,19.4713,0.41992,8.1765
1790732027.7963,19.4713,0.41992,8.1765
1790732027.8514,19.4713,0.41992,8.1765
1790732027.9052,19.4713,0.41940,8.1662
1790732027.9603,19.4713,0.41940,8.1662
1790732028.0146,19.4713,0.41940,8.1662
1790732028.0648,19.4700,0.42088,8.1944
1790732028.1168,19.4700,0.42088,8.1944
1790732028.1680,19.4700,0.42088,8.1944
1790732028.2230,19.4700,0.42250,8.2261
1790732028.2749,19.4700,0.42250,8.2261
1790732028.3299,19.4688,0.42740,8.3209
1790732028.3828,19.4688,0.42740,8.3209
1790732028.4378,19.4688,0.42740,8.3209
1790732028.4918,19.4688,0.42523,8.2786
1790732028.5468,19.4688,0.42523,8.2786
1790732028.6018,19.4700,0.42133,8.2032
1790732028.6522,19.4700,0.42133,8.2032
1790732028.7072,19.4700,0.42133,8.2032
1790732028.7622,19.4700,0.42148,8.2061
1790732028.8144,19.4700,0.42148,8.2061
1790732028.8679,19.4700,0.42148,8.2061
1790732028.9229,19.4725,0.41785,8.1366
1790732028.9731,19.4725,0.41785,8.1366
1790732029.0270,19.4700,0.42155,8.2076
1790732029.0820,19.4700,0.42155,8.2076
1790732029.1374,19.4700,0.42155,8.2076
1790732029.1889,19.4662,0.43328,8.4342
1790732029.2403,19.4662,0.43328,8.4342
1790732029.2939,19.4662,0.43328,8.4342
1790732029.3489,19.4612,0.44932,8.7444
1790732029.4003,19.4612,0.44932,8.7444
1790732029.4538,19.4662,0.44932,8.7467
1790732029.5059,19.4662,0.43253,8.4196
1790732029.5610,19.4662,0.43253,8.4196
1790732029.6160,19.4700,0.41817,8.1419
1790732029.6682,19.4700,0.41817,8.1419
1790732029.7206,19.4700,0.41817,8.1419
1790732029.7715,19.4737,0.41220,8.0271
1790732029.8263,19.4737,0.41220,8.0271
1790732029.8786,19.4737,0.41220,8.0271
1790732029.9308,19.4750,0.41343,8.0515
1790732029.9858,19.4750,0.41343,8.0515
1790732030.0385,19.4750,0.40370,7.8621
1790732030.0891,19.4750,0.40370,7.8621
1790732030.1401,19.4750,0.40370,7.8621
1790732030.1951,19.4713,0.41995,8.1770
1790732030.2486,19.4713,0.41995,8.1770
1790732030.3037,19.4713,0.41995,8.1770
1790732030.3577,19.4638,0.43810,8.5271
1790732030.4106,19.4638,0.43810,8.5271
1790732030.4649,19.4713,0.41872,8.1531
1790732030.5193,19.4713,0.41872,8.1531
1790732030.5705,19.4713,0.41872,8.1531
1790732030.6237,19.4688,0.42370,8.2489
1790732030.6787,19.4688,0.42370,8.2489
1790732030.7309,19.4688,0.42370,8.2489
1790732030.7823,19.4625,0.44670,8.6939
1790732030.8330,19.4625,0.44670,8.6939
1790732030.8880,19.4588,0.45250,8.8051
1790732030.9387,19.4588,0.45250,8.8051
1790732030.9937,19.4588,0.45250,8.8051
1790732031.0486,19.4600,0.44778,8.7137
1790732031.1021,19.4600,0.44778,8.7137
1790732031.1570,19.4600,0.44778,8.7137
1790732031.2120,19.4638,0.43982,8.5606
1790732031.2639,19.4638,0.43982,8.5606
1790732031.3157,19.4675,0.43133,8.3968
1790732031.3680,19.4675,0.43133,8.3968
1790732031.4230,19.4675,0.43133,8.3968
1790732031.4770,19.4363,0.50983,9.9091
1790732031.5312,19.4363,0.50983,9.9091
1790732031.5828,19.4363,0.50983,9.9091
1790732031.6328,19.4275,0.53502,10.3942
1790732031.6862,19.4275,0.53502,10.3942
1790732031.7406,19.4425,0.49745,9.6717
1790732031.7906,19.4425,0.49745,9.6717
1790732031.8421,19.4425,0.49745,9.6717
1790732031.8949,19.4513,0.47748,9.2875
1790732031.9474,19.4513,0.47748,9.2875
1790732031.9991,19.4513,0.47748,9.2875
1790732032.0540,19.4662,0.43760,8.5184
1790732032.1080,19.4662,0.43760,8.5184
1790732032.1630,19.4662,0.43760,8.5184
1790732032.2165,19.4675,0.43360,8.4411
1790732032.2715,19.4675,0.43360,8.4411
1790732032.3257,19.4638,0.43740,8.5134
1790732032.3791,19.4638,0.43740,8.5134
1790732032.4292,19.4638,0.43740,8.5134
1790732032.4842,19.4700,0.42823,8.3375
1790732032.5386,19.4700,0.42823,8.3375
1790732032.5937,19.4737,0.42823,8.3391
1790732032.6487,19.4737,0.41838,8.1473
1790732032.7012,19.4737,0.41838,8.1473
1790732032.7521,19.4700,0.42215,8.2193
1790732032.8072,19.4700,0.42215,8.2193
1790732032.8580,19.4700,0.42215,8.2193
1790732032.9130,19.4775,0.40178,7.8256
1790732032.9660,19.4775,0.40178,7.8256
1790732033.0168,19.4775,0.40178,7.8256
1790732033.0675,19.4737,0.40983,7.9808
1790732033.1226,19.4737,0.40983,7.9808
1790732033.1774,19.4700,0.42297,8.2353
1790732033.2314,19.4700,0.42297,8.2353
1790732033.2865,19.4700,0.42297,8.2353
1790732033.3415,19.4725,0.41723,8.1244
1790732033.3943,19.4725,0.41723,8.1244
1790732033.4469,19.4725,0.41723,8.1244
1790732033.5020,19.4688,0.42715,8.3161
1790732033.5570,19.4688,0.42715,8.3161
1790732033.6082,19.4737,0.41085,8.0008
1790732033.6632,19.4737,0.41085,8.0008
1790732033.7181,19.4737,0.41085,8.0008
1790732033.7728,19.4700,0.41990,8.1755
1790732033.8242,19.4700,0.41990,8.1755
1790732033.8746,19.4700,0.41990,8.1755
1790732033.9287,19.4688,0.43047,8.3808
1790732033.9790,19.4688,0.43047,8.3808
1790732034.0340,19.4700,0.42413,8.2577
1790732034.0890,19.4700,0.42413,8.2577
1790732034.1440,19.4700,0.42413,8.2577
1790732034.1990,19.4700,0.42008,8.1789
1790732034.2525,19.4700,0.42008,8.1789
1790732034.3075,19.4662,0.42008,8.1773
1790732034.3625,19.4662,0.43430,8.4542
1790732034.4136,19.4662,0.43430,8.4542
1790732034.4680,19.4725,0.41450,8.0714
1790732034.5212,19.4725,0.41450,8.0714
1790732034.5748,19.4725,0.41450,8.0714
1790732034.6298,19.4675,0.43175,8.4051
1790732034.6838,19.4675,0.43175,8.4051
1790732034.7379,19.4662,0.43302,8.4294
1790732034.7930,19.4662,0.43302,8.4294
1790732034.8460,19.4662,0.43302,8.4294
1790732034.8979,19.4688,0.43012,8.3740
1790732034.9530,19.4688,0.43012,8.3740
1790732035.0080,19.4688,0.43012,8.3740
1790732035.0591,19.4688,0.42788,8.3302
1790732035.1100,19.4688,0.42788,8.3302
1790732035.1650,19.4713,0.42788,8.3313
1790732035.2200,19.4713,0.41740,8.1273
1790732035.2751,19.4713,0.41740,8.1273
1790732035.3280,19.4737,0.41085,8.0008
1790732035.3826,19.4737,0.41085,8.0008
1790732035.4363,19.4737,0.41085,8.0008
1790732035.4893,19.4688,0.42863,8.3448
1790732035.5409,19.4688,0.42863,8.3448
1790732035.5918,19.4662,0.42863,8.3437
1790732035.6465,19.4662,0.43030,8.3763
1790732035.6984,19.4662,0.43030,8.3763
1790732035.7521,19.4688,0.42288,8.2328
1790732035.8022,19.4688,0.42288,8.2328
1790732035.8530,19.4688,0.42288,8.2328
1790732035.9062,19.4700,0.42075,8.1920
1790732035.9612,19.4700,0.42075,8.1920
1790732036.0126,19.4700,0.42075,8.1920
1790732036.0666,19.4700,0.41895,8.1570
1790732036.1190,19.4700,0.41895,8.1570
1790732036.1740,19.4713,0.42140,8.2052
1790732036.2290,19.4713,0.42140,8.2052
1790732036.2839,19.4713,0.42140,8.2052
1790732036.3381,19.4612,0.44767,8.7123
1790732036.3929,19.4612,0.44767,8.7123
1790732036.4452,19.4612,0.44767,8.7123
1790732036.4996,19.4638,0.43473,8.4614
1790732036.5546,19.4638,0.43473,8.4614
1790732036.6096,19.4600,0.45095,8.7755
1790732036.6646,19.4600,0.45095,8.7755
1790732036.7174,19.4600,0.45095,8.7755
1790732036.7724,19.4662,0.43330,8.4347
1790732036.8274,19.4662,0.43330,8.4347
1790732036.8777,19.4688,0.43330,8.4358
1790732036.9327,19.4688,0.42778,8.3282
1790732036.9855,19.4688,0.42778,8.3282
1790732037.0389,19.4638,0.44482,8.6580
1790732037.0939,19.4638,0.44482,8.6580
1790732037.1489,19.4638,0.44482,8.6580
1790732037.1998,19.4713,0.42060,8.1896
1790732037.2546,19.4713,0.42060,8.1896
1790732037.3066,19.4688,0.42060,8.1886
1790732037.3616,19.4688,0.42723,8.3175
1790732037.4151,19.4688,0.42723,8.3175
1790732037.4700,19.4625,0.44420,8.6452
1790732037.5250,19.4625,0.44420,8.6452
1790732037.5776,19.4625,0.44420,8.6452
1790732037.6327,19.4650,0.43440,8.4556
1790732037.6867,19.4650,0.43440,8.4556
1790732037.7417,19.4650,0.43740,8.5140
1790732037.7967,19.4650,0.43740,8.5140
1790732037.8515,19.4650,0.43740,8.5140
1790732037.9065,19.4662,0.42410,8.2556
1790732037.9616,19.4662,0.42410,8.2556
1790732038.0166,19.4662,0.42410,8.2556
1790732038.0706,19.4575,0.44820,8.7209
1790732038.1233,19.4575,0.44820,8.7209
1790732038.1763,19.4400,0.50245,9.7676
1790732038.2313,19.4400,0.50245,9.7676
1790732038.2863,19.4400,0.50245,9.7676
1790732038.3389,19.4413,0.49558,9.6346
1790732038.3939,19.4413,0.49558,9.6346
1790732038.4489,19.4462,0.49558,9.6371
1790732038.5002,19.4462,0.48707,9.4718
1790732038.5552,19.4462,0.48707,9.4718
1790732038.6081,19.4625,0.44415,8.6443
1790732038.6621,19.4625,0.44415,8.6443
1790732038.7171,19.4625,0.44415,8.6443
1790732038.7698,19.4737,0.41330,8.0485
1790732038.8224,19.4737,0.41330,8.0485
1790732038.8774,19.4750,0.41330,8.0490
1790732038.9296,19.4750,0.40840,7.9536
1790732038.9801,19.4750,0.40840,7.9536
1790732039.0331,19.4763,0.40533,7.8942
1790732039.0867,19.4763,0.40533,7.8942
1790732039.1371,19.4763,0.40533,7.8942
1790732039.1921,19.4788,0.39800,7.7525
1790732039.2471,19.4788,0.39800,7.7525
1790732039.3021,19.4788,0.39800,7.7525
1790732039.3544,19.4788,0.39565,7.7068
1790732039.4050,19.4788,0.39565,7.7068
1790732039.4600,19.4788,0.39877,7.7676
1790732039.5150,19.4788,0.39877,7.7676
1790732039.5656,19.4788,0.39877,7.7676
1790732039.6184,19.4800,0.39538,7.7019
1790732039.6711,19.4800,0.39538,7.7019
1790732039.7213,19.4800,0.39538,7.7019
1790732039.7763,19.4775,0.40340,7.8572
1790732039.8278,19.4775,0.40340,7.8572
1790732039.8828,19.4763,0.40762,7.9390
1790732039.9379,19.4763,0.40762,7.9390
1790732039.9896,19.4763,0.40762,7.9390
1790732040.0432,19.4750,0.41075,7.9994
1790732040.0982,19.4750,0.41075,7.9994
1790732040.1492,19.4750,0.41075,7.9994
1790732040.2028,19.4737,0.41325,8.0475
1790732040.2579,19.4737,0.41325,8.0475
1790732040.3129,19.4700,0.42547,8.2840
1790732040.3679,19.4700,0.42547,8.2840
1790732040.4218,19.4700,0.42547,8.2840
1790732040.4737,19.4737,0.41253,8.0334
1790732040.5276,19.4737,0.41253,8.0334
1790732040.5826,19.4737,0.41253,8.0334
1790732040.6338,19.4737,0.41038,7.9915
1790732040.6888,19.4737,0.41038,7.9915
1790732040.7391,19.4675,0.42815,8.3350
1790732040.7931,19.4675,0.42815,8.3350
1790732040.8481,19.4675,0.42815,8.3350
1790732040.8984,19.4700,0.42130,8.2027
1790732040.9502,19.4700,0.42130,8.2027
1790732041.0045,19.4700,0.42130,8.2027
1790732041.0563,19.4713,0.41930,8.1643
1790732041.1113,19.4713,0.41930,8.1643
1790732041.1663,19.4725,0.41737,8.1273
1790732041.2199,19.4725,0.41737,8.1273
1790732041.2733,19.4725,0.41737,8.1273
1790732041.3283,19.4737,0.41213,8.0256
1790732041.3806,19.4737,0.41213,8.0256
1790732041.4356,19.4737,0.41213,8.0256
1790732041.4861,19.4700,0.42008,8.1789
1790732041.5383,19.4700,0.42008,8.1789
1790732041.5933,19.4713,0.41768,8.1327
1790732041.6452,19.4713,0.41768,8.1327
1790732041.6989,19.4713,0.41768,8.1327
1790732041.7523,19.4713,0.41545,8.0893
1790732041.8030,19.4713,0.41545,8.0893
1790732041.8536,19.4713,0.41545,8.0893
1790732041.9067,19.4737,0.41363,8.0548
1790732041.9571,19.4737,0.41363,8.0548
1790732042.0077,19.4737,0.41363,8.0548
1790732042.0591,19.4688,0.42983,8.3682
1790732042.1141,19.4688,0.42983,8.3682
1790732042.1677,19.4688,0.42930,8.3579
1790732042.2227,19.4688,0.42930,8.3579
1790732042.2728,19.4688,0.42930,8.3579
1790732042.3240,19.4650,0.43295,8.4274
1790732042.3756,19.4650,0.43295,8.4274
1790732042.4306,19.4650,0.43295,8.4274
1790732042.4829,19.4662,0.43247,8.4187
1790732042.5361,19.4662,0.43247,8.4187
1790732042.5898,19.4725,0.43247,8.4214
1790732042.6401,19.4725,0.41720,8.1239
1790732042.6906,19.4725,0.41720,8.1239
1790732042.7444,19.4612,0.44932,8.7444
1790732042.7974,19.4612,0.44932,8.7444
1790732042.8524,19.4612,0.44932,8.7444
1790732042.9070,19.4563,0.45955,8.9411
1790732042.9613,19.4563,0.45955,8.9411
1790732043.0163,19.4563,0.45955,8.9411
1790732043.0705,19.4563,0.45973,8.9445
1790732043.1255,19.4563,0.45973,8.9445
1790732043.1805,19.4550,0.46163,8.9809
1790732043.2310,19.4550,0.46163,8.9809
1790732043.2858,19.4550,0.46163,8.9809
1790732043.3404,19.4588,0.45725,8.8975
1790732043.3951,19.4588,0.45725,8.8975
1790732043.4472,19.4625,0.45725,8.8992
1790732043.5005,19.4625,0.44055,8.5742
1790732043.5539,19.4625,0.44055,8.5742
1790732043.6054,19.4500,0.47708,9.2791
1790732043.6567,19.4500,0.47708,9.2791
1790732043.7076,19.4500,0.47708,9.2791
1790732043.7603,19.4438,0.49235,9.5731
1790732043.8146,19.4438,0.49235,9.5731
1790732043.8696,19.4438,0.49235,9.5731
1790732043.9240,19.4537,0.47127,9.1681
1790732043.9770,19.4537,0.47127,9.1681
1790732044.0320,19.4488,0.48170,9.3685
1790732044.0870,19.4488,0.48170,9.3685
1790732044.1386,19.4488,0.48170,9.3685
1790732044.1925,19.4675,0.43160,8.4022
1790732044.2428,19.4675,0.43160,8.4022
1790732044.2961,19.4675,0.43160,8.4022
1790732044.3476,19.4612,0.44255,8.6126
1790732044.4003,19.4612,0.44255,8.6126
1790732044.4541,19.4625,0.43930,8.5499
1790732044.5092,19.4625,0.43930,8.5499
1790732044.5640,19.4625,0.43930,8.5499
1790732044.6152,19.4675,0.42955,8.3623
1790732044.6667,19.4675,0.42955,8.3623
1790732044.7204,19.4675,0.42955,8.3623
1790732044.7734,19.4713,0.42297,8.2359
1790732044.8245,19.4713,0.42297,8.2359
1790732044.8764,19.4737,0.41613,8.1035
1790732044.9297,19.4737,0.41613,8.1035
1790732044.9847,19.4737,0.41613,8.1035
1790732045.0366,19.4675,0.42933,8.3579
1790732045.0896,19.4675,0.42933,8.3579
1790732045.1446,19.4675,0.42933,8.3579
1790732045.1996,19.4700,0.42762,8.3259
1790732045.2515,19.4700,0.42762,8.3259
1790732045.3058,19.4725,0.42150,8.2077
1790732045.3608,19.4725,0.42150,8.2077
1790732045.4158,19.4725,0.42150,8.2077
1790732045.4709,19.4688,0.42328,8.2406
1790732045.5259,19.4688,0.42328,8.2406
1790732045.5809,19.4688,0.42328,8.2406
1790732045.6328,19.4675,0.42923,8.3559
1790732045.6863,19.4675,0.42923,8.3559
1790732045.7380,19.4713,0.42283,8.2329
1790732045.7928,19.4713,0.42283,8.2329
1790732045.8460,19.4713,0.42283,8.2329
1790732045.9000,19.4675,0.42878,8.3472
1790732045.9510,19.4675,0.42878,8.3472
1790732046.0024,19.4675,0.42878,8.3472
1790732046.0538,19.4763,0.40505,7.8889
1790732046.1044,19.4763,0.40505,7.8889
1790732046.1588,19.4737,0.40505,7.8878
1790732046.2132,19.4737,0.41332,8.0490
1790732046.2645,19.4737,0.41332,8.0490
1790732046.3172,19.4775,0.40003,7.7915
1790732046.3722,19.4775,0.40003,7.7915
1790732046.4272,19.4775,0.40003,7.7915
1790732046.4797,19.4763,0.40505,7.8889
1790732046.5339,19.4763,0.40505,7.8889
1790732046.5884,19.4775,0.40505,7.8894
1790732046.6434,19.4775,0.40400,7.8689
1790732046.6984,19.4775,0.40400,7.8689
1790732046.7528,19.4588,0.45280,8.8109
1790732046.8062,19.4588,0.45280,8.8109
1790732046.8592,19.4588,0.45280,8.8109
1790732046.9143,19.4675,0.42850,8.3418
1790732046.9689,19.4675,0.42850,8.3418
1790732047.0234,19.4725,0.41968,8.1721
1790732047.0767,19.4725,0.41968,8.1721
1790732047.1281,19.4725,0.41968,8.1721
1790732047.1831,19.4750,0.40895,7.9643
1790732047.2344,19.4750,0.40895,7.9643
1790732047.2895,19.4750,0.40895,7.9643
1790732047.3445,19.4688,0.42448,8.2640
1790732047.3985,19.4688,0.42448,8.2640
1790732047.4522,19.4700,0.42420,8.2592
1790732047.5069,19.4700,0.42420,8.2592
1790732047.5606,19.4700,0.42420,8.2592
1790732047.6115,19.4688,0.42948,8.3613
1790732047.6662,19.4688,0.42948,8.3613
1790732047.7165,19.4688,0.42948,8.3613
1790732047.7678,19.4700,0.42148,8.2061
1790732047.8218,19.4700,0.42148,8.2061
1790732047.8726,19.4688,0.42148,8.2056
1790732047.9266,19.4688,0.42765,8.3258
1790732047.9770,19.4688,0.42765,8.3258
1790732048.0285,19.4700,0.42533,8.2811
1790732048.0800,19.4700,0.42533,8.2811
1790732048.1330,19.4700,0.42533,8.2811
1790732048.1874,19.4688,0.42575,8.2888
1790732048.2378,19.4688,0.42575,8.2888
1790732048.2929,19.4688,0.42575,8.2888
1790732048.3479,19.4675,0.42833,8.3384
1790732048.4020,19.4675,0.42833,8.3384
1790732048.4541,19.4650,0.43738,8.5135
1790732048.5074,19.4650,0.43738,8.5135
1790732048.5608,19.4650,0.43738,8.5135
1790732048.6141,19.4675,0.42650,8.3029
1790732048.6674,19.4675,0.42650,8.3029
1790732048.7217,19.4675,0.42650,8.3029
1790732048.7746,19.4713,0.41963,8.1706
1790732048.8272,19.4713,0.41963,8.1706
1790732048.8792,19.4725,0.41748,8.1293
1790732048.9342,19.4725,0.41748,8.1293
1790732048.9892,19.4725,0.41748,8.1293
1790732049.0431,19.4725,0.41655,8.1113
1790732049.0970,19.4725,0.41655,8.1113
1790732049.1520,19.4725,0.41655,8.1113
1790732049.2064,19.4700,0.42218,8.2197
1790732049.2598,19.4700,0.42218,8.2197
1790732049.3114,19.4675,0.43003,8.3715
1790732049.3664,19.4675,0.43003,8.3715
1790732049.4180,19.4675,0.43003,8.3715
1790732049.4730,19.4662,0.43255,8.4201
1790732049.5267,19.4662,0.43255,8.4201
1790732049.5782,19.4662,0.43255,8.4201
1790732049.6332,19.4675,0.43045,8.3798
1790732049.6848,19.4675,0.43045,8.3798
1790732049.7398,19.4650,0.43705,8.5072
1790732049.7944,19.4650,0.43705,8.5072
1790732049.8483,19.4650,0.43705,8.5072
1790732049.9033,19.4662,0.43347,8.4381
1790732049.9547,19.4662,0.43347,8.4381
1790732050.0065,19.4662,0.43347,8.4381
1790732050.0615,19.4662,0.43093,8.3885
1790732050.1149,19.4662,0.43093,8.3885
1790732050.1699,19.4700,0.42415,8.2582
1790732050.2201,19.4700,0.42415,8.2582
1790732050.2750,19.4700,0.42415,8.2582
1790732050.3300,19.4662,0.43440,8.4561
1790732050.3850,19.4662,0.43440,8.4561
1790732050.4401,19.4662,0.43440,8.4561
1790732050.4948,19.4700,0.42175,8.2115
1790732050.5477,19.4700,0.42175,8.2115
1790732050.6010,19.4713,0.41863,8.1512
1790732050.6543,19.4713,0.41863,8.1512
1790732050.7066,19.4713,0.41863,8.1512
1790732050.7610,19.4750,0.40820,7.9497
1790732050.8129,19.4750,0.40820,7.9497
1790732050.8677,19.4750,0.40820,7.9497
1790732050.9180,19.4763,0.40585,7.9044
1790732050.9713,19.4763,0.40585,7.9044
1790732051.0236,19.4650,0.43643,8.4950
1790732051.0777,19.4650,0.43643,8.4950
1790732051.1287,19.4650,0.43643,8.4950
1790732051.1805,19.4588,0.45145,8.7847
1790732051.2355,19.4588,0.45145,8.7847
1790732051.2871,19.4588,0.45145,8.7847
1790732051.3406,19.4688,0.42823,8.3370
1790732051.3955,19.4688,0.42823,8.3370
1790732051.4505,19.4650,0.43485,8.4644
1790732051.5031,19.4650,0.43485,8.4644
1790732051.5581,19.4650,0.43485,8.4644
1790732051.6106,19.4737,0.41308,8.0441
1790732051.6646,19.4737,0.41308,8.0441
1790732051.7152,19.4737,0.41308,8.0441
1790732051.7703,19.4725,0.42258,8.2286
1790732051.8238,19.4725,0.42258,8.2286
1790732051.8788,19.4688,0.42640,8.3015
1790732051.9338,19.4688,0.42640,8.3015
1790732051.9888,19.4688,0.42640,8.3015
1790732052.0411,19.4650,0.43978,8.5602
1790732052.0959,19.4650,0.43978,8.5602
1790732052.1476,19.4650,0.43978,8.5602
1790732052.2009,19.4700,0.42350,8.2455
1790732052.2545,19.4700,0.42350,8.2455
1790732052.3078,19.4675,0.42820,8.3360
1790732052.3622,19.4675,0.42820,8.3360
1790732052.4155,19.4675,0.42820,8.3360
1790732052.4693,19.4675,0.43240,8.4177
1790732052.5215,19.4675,0.43240,8.4177
1790732052.5745,19.4675,0.43240,8.4177
1790732052.6249,19.4737,0.41352,8.0529
1790732052.6800,19.4737,0.41352,8.0529
1790732052.7350,19.4737,0.41442,8.0704
1790732052.7900,19.4737,0.41442,8.0704
1790732052.8413,19.4737,0.41442,8.0704
1790732052.8963,19.4688,0.42510,8.2762
1790732052.9502,19.4688,0.42510,8.2762
1790732053.0031,19.4688,0.42510,8.2762
1790732053.0543,19.4737,0.41460,8.0738
1790732053.1082,19.4737,0.41460,8.0738
1790732053.1615,19.4788,0.39908,7.7735
1790732053.2147,19.4788,0.39908,7.7735
1790732053.2686,19.4788,0.39908,7.7735
1790732053.3229,19.4788,0.40130,7.8168
1790732053.3763,19.4788,0.40130,7.8168
1790732053.4297,19.4788,0.40130,7.8168
1790732053.4838,19.4812,0.39408,7.6771
1790732053.5378,19.4812,0.39408,7.6771
1790732053.5913,19.4812,0.39423,7.6800
1790732053.6463,19.4812,0.39423,7.6800
1790732053.7007,19.4812,0.39423,7.6800
1790732053.7532,19.4763,0.40480,7.8840
1790732053.8077,19.4763,0.40480,7.8840
1790732053.8627,19.4763,0.40480,7.8840
1790732053.9130,19.4775,0.40380,7.8650
1790732053.9680,19.4775,0.40380,7.8650
1790732054.0230,19.4788,0.39880,7.7681
1790732054.0743,19.4788,0.39880,7.7681
1790732054.1280,19.4788,0.39880,7.7681
1790732054.1793,19.4763,0.40475,7.8830
1790732054.2328,19.4763,0.40475,7.8830
1790732054.2878,19.4763,0.40475,7.8830
1790732054.3428,19.4775,0.40368,7.8626
1790732054.3958,19.4775,0.40368,7.8626
1790732054.4505,19.4662,0.43390,8.4464
1790732054.5009,19.4662,0.43390,8.4464
1790732054.5559,19.4662,0.43390,8.4464
1790732054.6109,19.4662,0.43413,8.4508
1790732054.6626,19.4662,0.43413,8.4508
1790732054.7140,19.4662,0.43413,8.4508
1790732054.7660,19.4700,0.42285,8.2329
1790732054.8211,19.4700,0.42285,8.2329
1790732054.8738,19.4700,0.41997,8.1769
1790732054.9276,19.4700,0.41997,8.1769
1790732054.9796,19.4700,0.41997,8.1769
1790732055.0346,19.4713,0.42073,8.1920
1790732055.0896,19.4713,0.42073,8.1920
1790732055.1446,19.4713,0.42073,8.1920
1790732055.1979,19.4713,0.41963,8.1706
1790732055.2530,19.4713,0.41963,8.1706
1790732055.3063,19.4700,0.42178,8.2120
1790732055.3576,19.4700,0.42178,8.2120
1790732055.4126,19.4700,0.42178,8.2120
1790732055.4663,19.4700,0.42320,8.2397
1790732055.5178,19.4700,0.42320,8.2397
1790732055.5705,19.4700,0.42320,8.2397
1790732055.6255,19.4675,0.42615,8.2961
1790732055.6792,19.4675,0.42615,8.2961
1790732055.7342,19.4675,0.42933,8.3579
1790732055.7892,19.4675,0.42933,8.3579
1790732055.8416,19.4675,0.42933,8.3579
1790732055.8930,19.4662,0.42970,8.3646
1790732055.9480,19.4662,0.42970,8.3646
1790732056.0016,19.4662,0.42970,8.3646
1790732056.0549,19.4688,0.42850,8.3424
1790732056.1083,19.4688,0.42850,8.3424
1790732056.1633,19.4688,0.42620,8.2976
1790732056.2151,19.4688,0.42620,8.2976
1790732056.2663,19.4688,0.42620,8.2976
1790732056.3206,19.4700,0.42590,8.2923
1790732056.3716,19.4700,0.42590,8.2923
1790732056.4221,19.4700,0.42590,8.2923
1790732056.4771,19.4675,0.42792,8.3306
1790732056.5321,19.4675,0.42792,8.3306
1790732056.5859,19.4675,0.43110,8.3924
1790732056.6372,19.4675,0.43110,8.3924
1790732056.6922,19.4675,0.43110,8.3924
1790732056.7468,19.4688,0.42510,8.2762
1790732056.7974,19.4688,0.42510,8.2762
1790732056.8489,19.4688,0.42510,8.2762
1790732056.9004,19.4688,0.42565,8.2869
1790732056.9554,19.4688,0.42565,8.2869
1790732057.0076,19.4688,0.42565,8.2869
1790732057.0627,19.4713,0.42085,8.1945
1790732057.1150,19.4713,0.42085,8.1945
1790732057.1658,19.4662,0.43355,8.4396
1790732057.2175,19.4662,0.43355,8.4396
1790732057.2724,19.4662,0.43355,8.4396
1790732057.3253,19.4688,0.42665,8.3063
1790732057.3791,19.4688,0.42665,8.3063
1790732057.4309,19.4688,0.42665,8.3063
1790732057.4859,19.4638,0.43778,8.5207
1790732057.5398,19.4638,0.43778,8.5207
1790732057.5926,19.4713,0.42137,8.2047
1790732057.6476,19.4713,0.42137,8.2047
1790732057.7018,19.4713,0.42137,8.2047
1790732057.7541,19.4713,0.41640,8.1078
1790732057.8074,19.4713,0.41640,8.1078
1790732057.8625,19.4713,0.41640,8.1078
1790732057.9149,19.4688,0.42290,8.2333
1790732057.9694,19.4688,0.42290,8.2333
1790732058.0207,19.4675,0.42985,8.3681
1790732058.0732,19.4675,0.42985,8.3681
1790732058.1240,19.4675,0.42985,8.3681
1790732058.1790,19.4713,0.42200,8.2169
1790732058.2334,19.4713,0.42200,8.2169
1790732058.2884,19.4713,0.42200,8.2169
1790732058.3421,19.4713,0.41895,8.1575
1790732058.3970,19.4713,0.41895,8.1575
1790732058.4472,19.4662,0.42940,8.3588
1790732058.5000,19.4662,0.42940,8.3588
1790732058.5550,19.4662,0.42940,8.3588
1790732058.6101,19.4700,0.41995,8.1764
1790732058.6626,19.4700,0.41995,8.1764
1790732058.7155,19.4700,0.41995,8.1764
1790732058.7692,19.4662,0.43462,8.4605
1790732058.8217,19.4662,0.43462,8.4605
1790732058.8767,19.4625,0.44180,8.5985
1790732058.9317,19.4625,0.44180,8.5985
1790732058.9832,19.4625,0.44180,8.5985
1790732059.0382,19.4638,0.44078,8.5791
1790732059.0931,19.4638,0.44078,8.5791
1790732059.1466,19.4638,0.44078,8.5791
1790732059.1995,19.4662,0.43260,8.4211
1790732059.2545,19.4662,0.43260,8.4211
1790732059.3083,19.4675,0.42835,8.3389
1790732059.3610,19.4675,0.42835,8.3389
1790732059.4142,19.4675,0.42835,8.3389
1790732059.4681,19.4700,0.42075,8.1920
1790732059.5194,19.4700,0.42075,8.1920
1790732059.5744,19.4700,0.42075,8.1920
1790732059.6294,19.4675,0.42762,8.3248
1790732059.6806,19.4675,0.42762,8.3248
1790732059.7321,19.4700,0.42268,8.2295
1790732059.7839,19.4700,0.42268,8.2295
1790732059.8346,19.4700,0.42268,8.2295
1790732059.8897,19.4713,0.42095,8.1964
1790732059.9442,19.4713,0.42095,8.1964
1790732059.9953,19.4713,0.42095,8.1964
1790732060.0500,19.4700,0.42308,8.2373
1790732060.1042,19.4700,0.42308,8.2373
1790732060.1578,19.4688,0.42470,8.2684
1790732060.2115,19.4688,0.42470,8.2684
1790732060.2666,19.4688,0.42470,8.2684
1790732060.3199,19.4700,0.42273,8.2305
1790732060.3749,19.4700,0.42273,8.2305
1790732060.4299,19.4700,0.42273,8.2305
1790732060.4836,19.4675,0.42753,8.3228
1790732060.5349,19.4675,0.42753,8.3228
1790732060.5879,19.4700,0.42083,8.1935
1790732060.6429,19.4700,0.42083,8.1935
1790732060.6946,19.4700,0.42083,8.1935
1790732060.7484,19.4750,0.41185,8.0208
1790732060.8015,19.4750,0.41185,8.0208
1790732060.8515,19.4750,0.41185,8.0208
1790732060.9058,19.4775,0.40755,7.9381
1790732060.9608,19.4775,0.40755,7.9381
1790732061.0120,19.4763,0.40618,7.9108
1790732061.0665,19.4763,0.40618,7.9108
1790732061.1213,19.4763,0.40618,7.9108
1790732061.1738,19.4750,0.40710,7.9283
1790732061.2288,19.4750,0.40710,7.9283
1790732061.2838,19.4750,0.40710,7.9283
1790732061.3389,19.4675,0.42938,8.3589
1790732061.3939,19.4675,0.42938,8.3589
1790732061.4474,19.4650,0.43765,8.5189
1790732061.5020,19.4650,0.43765,8.5189
1790732061.5570,19.4650,0.43765,8.5189
1790732061.6120,19.4688,0.42665,8.3063
1790732061.6638,19.4688,0.42665,8.3063
1790732061.7184,19.4688,0.42665,8.3063
1790732061.7728,19.4650,0.43728,8.5116
1790732061.8229,19.4650,0.43728,8.5116
1790732061.8779,19.4700,0.42448,8.2645
1790732061.9329,19.4700,0.42448,8.2645
1790732061.9863,19.4700,0.42448,8.2645
1790732062.0402,19.4675,0.42930,8.3574
1790732062.0913,19.4675,0.42930,8.3574
1790732062.1443,19.4675,0.42930,8.3574
1790732062.1965,19.4662,0.43052,8.3807
1790732062.2480,19.4662,0.43052,8.3807
1790732062.3004,19.4675,0.43168,8.4036
1790732062.3529,19.4675,0.43168,8.4036
1790732062.4079,19.4675,0.43168,8.4036
1790732062.4629,19.4675,0.42905,8.3525
1790732062.5165,19.4675,0.42905,8.3525
1790732062.5715,19.4675,0.42905,8.3525
1790732062.6230,19.4662,0.43478,8.4634
1790732062.6781,19.4662,0.43478,8.4634
1790732062.7309,19.4737,0.41608,8.1025
1790732062.7848,19.4737,0.41608,8.1025
1790732062.8381,19.4737,0.41608,8.1025
1790732062.8901,19.4713,0.41863,8.1512
1790732062.9451,19.4713,0.41863,8.1512
1790732062.9969,19.4713,0.41863,8.1512
1790732063.0520,19.4700,0.42003,8.1779
1790732063.1070,19.4700,0.42003,8.1779
1790732063.1597,19.4675,0.43045,8.3798
1790732063.2123,19.4675,0.43045,8.3798
1790732063.2629,19.4675,0.43045,8.3798
1790732063.3175,19.4662,0.43383,8.4449
1790732063.3698,19.4662,0.43383,8.4449
1790732063.4220,19.4662,0.43383,8.4449
1790732063.4770,19.4662,0.43157,8.4011
1790732063.5284,19.4662,0.43157,8.4011
1790732063.5830,19.4675,0.43135,8.3973
1790732063.6331,19.4675,0.43135,8.3973
1790732063.6864,19.4675,0.43135,8.3973
1790732063.7414,19.4688,0.42250,8.2255
1790732063.7964,19.4688,0.42250,8.2255
1790732063.8502,19.4688,0.42250,8.2255
1790732063.9035,19.4713,0.42192,8.2154
1790732063.9566,19.4713,0.42192,8.2154
1790732064.0111,19.4675,0.43102,8.3910
1790732064.0626,19.4675,0.43102,8.3910
1790732064.1177,19.4675,0.43102,8.3910
1790732064.1703,19.4625,0.44135,8.5898
1790732064.2252,19.4625,0.44135,8.5898
1790732064.2803,19.4625,0.44135,8.5898
1790732064.3335,19.4638,0.44140,8.5913
1790732064.3885,19.4638,0.44140,8.5913
1790732064.4436,19.4625,0.44173,8.5971
1790732064.4946,19.4625,0.44173,8.5971
1790732064.5470,19.4625,0.44173,8.5971
1790732064.6020,19.4625,0.44405,8.6423
1790732064.6526,19.4625,0.44405,8.6423
1790732064.7077,19.4625,0.44405,8.6423
1790732064.7627,19.4662,0.43273,8.4235
1790732064.8177,19.4662,0.43273,8.4235
1790732064.8719,19.4662,0.43450,8.4581
1790732064.9270,19.4662,0.43450,8.4581
1790732064.9820,19.4662,0.43450,8.4581
1790732065.0347,19.4513,0.47195,9.1800
1790732065.0889,19.4513,0.47195,9.1800
1790732065.1428,19.4513,0.47195,9.1800
1790732065.1951,19.4425,0.49798,9.6819
1790732065.2485,19.4425,0.49798,9.6819
1790732065.2996,19.4513,0.47230,9.1868
1790732065.3517,19.4513,0.47230,9.1868
1790732065.4052,19.4513,0.47230,9.1868
1790732065.4583,19.4550,0.46450,9.0368
1790732065.5090,19.4550,0.46450,9.0368
1790732065.5626,19.4550,0.46450,9.0368
1790732065.6176,19.4525,0.47173,9.1762
1790732065.6713,19.4525,0.47173,9.1762
1790732065.7227,19.4537,0.47173,9.1768
1790732065.7777,19.4537,0.46895,9.1228
1790732065.8327,19.4537,0.46895,9.1228
1790732065.8877,19.4475,0.48345,9.4019
1790732065.9427,19.4475,0.48345,9.4019
1790732065.9946,19.4475,0.48345,9.4019
1790732066.0490,19.4525,0.46775,9.0989
1790732066.1040,19.4525,0.46775,9.0989
1790732066.1564,19.4500,0.47765,9.2903
1790732066.2096,19.4500,0.47765,9.2903
1790732066.2620,19.4500,0.47765,9.2903
1790732066.3170,19.4500,0.47600,9.2582
1790732066.3712,19.4500,0.47600,9.2582
1790732066.4250,19.4500,0.47600,9.2582
1790732066.4801,19.4500,0.47448,9.2285
1790732066.5351,19.4500,0.47448,9.2285
1790732066.5866,19.4588,0.45190,8.7934
1790732066.6386,19.4588,0.45190,8.7934
1790732066.6936,19.4588,0.45190,8.7934
1790732066.7472,19.4588,0.45660,8.8849
1790732066.8022,19.4588,0.45660,8.8849
1790732066.8527,19.4588,0.45660,8.8849
1790732066.9072,19.4575,0.45363,8.8264
1790732066.9618,19.4575,0.45363,8.8264
1790732067.0169,19.4612,0.44840,8.7264
1790732067.0706,19.4612,0.44840,8.7264
1790732067.1254,19.4612,0.44840,8.7264
1790732067.1774,19.4588,0.45445,8.8430
1790732067.2316,19.4588,0.45445,8.8430
1790732067.2827,19.4588,0.45445,8.8430
1790732067.3339,19.4612,0.44555,8.6710
1790732067.3889,19.4612,0.44555,8.6710
1790732067.4391,19.4612,0.44580,8.6758
1790732067.4928,19.4612,0.44580,8.6758
1790732067.5478,19.4612,0.44580,8.6758
1790732067.5990,19.4612,0.44415,8.6437
1790732067.6540,19.4612,0.44415,8.6437
1790732067.7059,19.4612,0.44415,8.6437
1790732067.7610,19.4612,0.44938,8.7454
1790732067.8160,19.4612,0.44938,8.7454
1790732067.8701,19.4600,0.44838,8.7254
1790732067.9228,19.4600,0.44838,8.7254
1790732067.9755,19.4600,0.44838,8.7254
1790732068.0268,19.4625,0.44258,8.6136
1790732068.0769,19.4625,0.44258,8.6136
1790732068.1319,19.4625,0.44258,8.6136
1790732068.1870,19.4650,0.43670,8.5004
1790732068.2417,19.4650,0.43670,8.5004
1790732068.2967,19.4612,0.44620,8.6836
1790732068.3502,19.4612,0.44620,8.6836
1790732068.4052,19.4612,0.44620,8.6836
1790732068.4572,19.4588,0.45115,8.7788
1790732068.5122,19.4588,0.45115,8.7788
1790732068.5646,19.4588,0.45115,8.7788
1790732068.6187,19.4600,0.44903,8.7380
1790732068.6733,19.4600,0.44903,8.7380
1790732068.7283,19.4688,0.42795,8.3317
1790732068.7792,19.4688,0.42795,8.3317
1790732068.8342,19.4688,0.42795,8.3317
1790732068.8892,19.4675,0.42718,8.3160
1790732068.9401,19.4675,0.42718,8.3160
1790732068.9938,19.4675,0.42718,8.3160
1790732069.0455,19.4675,0.43100,8.3905
1790732069.1004,19.4675,0.43100,8.3905
1790732069.1554,19.4688,0.42400,8.2547
1790732069.2104,19.4688,0.42400,8.2547
1790732069.2612,19.4688,0.42400,8.2547
1790732069.3125,19.4638,0.43900,8.5446
1790732069.3648,19.4638,0.43900,8.5446
1790732069.4169,19.4638,0.43900,8.5446
1790732069.4715,19.4650,0.43595,8.4858
1790732069.5240,19.4650,0.43595,8.4858
1790732069.5781,19.4688,0.43595,8.4874
1790732069.6331,19.4688,0.42563,8.2864
1790732069.6881,19.4688,0.42563,8.2864
1790732069.7406,19.4675,0.42910,8.3535
1790732069.7912,19.4675,0.42910,8.3535
1790732069.8462,19.4675,0.42910,8.3535
1790732069.8965,19.4688,0.42883,8.3487
1790732069.9515,19.4688,0.42883,8.3487
1790732070.0066,19.4650,0.42883,8.3471
1790732070.0583,19.4650,0.43448,8.4571
1790732070.1134,19.4650,0.43448,8.4571
1790732070.1684,19.4662,0.43215,8.4123
1790732070.2233,19.4662,0.43215,8.4123
1790732070.2754,19.4662,0.43215,8.4123
1790732070.3262,19.4612,0.44633,8.6860
1790732070.3764,19.4612,0.44633,8.6860
1790732070.4303,19.4612,0.44633,8.6860
1790732070.4829,19.4600,0.45200,8.7959
1790732070.5330,19.4600,0.45200,8.7959
1790732070.5861,19.4537,0.46645,9.0742
1790732070.6399,19.4537,0.46645,9.0742
1790732070.6904,19.4537,0.46645,9.0742
1790732070.7427,19.4662,0.43448,8.4576
1790732070.7978,19.4662,0.43448,8.4576
1790732070.8483,19.4662,0.43448,8.4576
1790732070.9013,19.4662,0.43030,8.3763
1790732070.9563,19.4662,0.43030,8.3763
1790732071.0111,19.4675,0.43058,8.3822
1790732071.0640,19.4675,0.43058,8.3822
1790732071.1189,19.4675,0.43058,8.3822
1790732071.1694,19.4688,0.42550,8.2840
1790732071.2240,19.4688,0.42550,8.2840
1790732071.2780,19.4688,0.42550,8.2840
1790732071.3316,19.4700,0.42370,8.2494
1790732071.3866,19.4700,0.42370,8.2494
1790732071.4412,19.4662,0.43010,8.3724
1790732071.4914,19.4662,0.43010,8.3724
1790732071.5416,19.4662,0.43010,8.3724
1790732071.5954,19.4662,0.43175,8.4046
1790732071.6504,19.4662,0.43175,8.4046
1790732071.7039,19.4662,0.43175,8.4046
1790732071.7576,19.4675,0.43040,8.3788
1790732071.8127,19.4675,0.43040,8.3788
1790732071.8677,19.4675,0.43165,8.4031
1790732071.9227,19.4675,0.43165,8.4031
1790732071.9754,19.4675,0.43165,8.4031
1790732072.0257,19.4675,0.43383,8.4455
1790732072.0759,19.4675,0.43383,8.4455
1790732072.1309,19.4675,0.43383,8.4455
1790732072.1860,19.4675,0.42863,8.3443
1790732072.2410,19.4675,0.42863,8.3443
1790732072.2960,19.4700,0.42190,8.2144
1790732072.3499,19.4700,0.42190,8.2144
1790732072.4049,19.4700,0.42190,8.2144
1790732072.4560,19.4688,0.42878,8.3477
1790732072.5082,19.4688,0.42878,8.3477
1790732072.5622,19.4688,0.42878,8.3477
1790732072.6128,19.4650,0.43728,8.5116
1790732072.6678,19.4650,0.43728,8.5116
1790732072.7209,19.4688,0.42495,8.2732
1790732072.7719,19.4688,0.42495,8.2732
1790732072.8257,19.4688,0.42495,8.2732
1790732072.8769,19.4650,0.43902,8.5456
1790732072.9312,19.4650,0.43902,8.5456
1790732072.9830,19.4650,0.43902,8.5456
1790732073.0358,19.4675,0.43183,8.4066
1790732073.0891,19.4675,0.43183,8.4066
1790732073.1437,19.4675,0.43183,8.4066
1790732073.1957,19.4700,0.42157,8.2081
1790732073.2507,19.4700,0.42157,8.2081
1790732073.3047,19.4675,0.42980,8.3671
1790732073.3587,19.4675,0.42980,8.3671
1790732073.4112,19.4675,0.42980,8.3671
1790732073.4645,19.4662,0.43015,8.3734
1790732073.5158,19.4662,0.43015,8.3734
1790732073.5706,19.4662,0.43015,8.3734
1790732073.6255,19.4675,0.43028,8.3764
1790732073.6760,19.4675,0.43028,8.3764
1790732073.7310,19.4675,0.43108,8.3920
1790732073.7844,19.4675,0.43108,8.3920
1790732073.8390,19.4675,0.43108,8.3920
1790732073.8924,19.4675,0.42962,8.3637
1790732073.9463,19.4675,0.42962,8.3637
1790732074.0013,19.4675,0.42962,8.3637
1790732074.0550,19.4675,0.43012,8.3735
1790732074.1080,19.4675,0.43012,8.3735
1790732074.1596,19.4675,0.43118,8.3939
1790732074.2146,19.4675,0.43118,8.3939
1790732074.2693,19.4675,0.43118,8.3939
1790732074.3243,19.4675,0.42993,8.3696
1790732074.3793,19.4675,0.42993,8.3696
1790732074.4303,19.4650,0.42993,8.3685
1790732074.4816,19.4650,0.43453,8.4580
1790732074.5326,19.4650,0.43453,8.4580
1790732074.5876,19.4612,0.44835,8.7255
1790732074.6376,19.4612,0.44835,8.7255
1790732074.6891,19.4612,0.44835,8.7255
1790732074.7441,19.4612,0.44932,8.7444
1790732074.7978,19.4612,0.44932,8.7444
1790732074.8511,19.4612,0.44932,8.7444
1790732074.9041,19.4650,0.43543,8.4755
1790732074.9553,19.4650,0.43543,8.4755
1790732075.0103,19.4662,0.43320,8.4328
1790732075.0639,19.4662,0.43320,8.4328
1790732075.1158,19.4662,0.43320,8.4328
1790732075.1693,19.4662,0.43340,8.4367
1790732075.2194,19.4662,0.43340,8.4367
1790732075.2738,19.4662,0.43340,8.4367
1790732075.3246,19.4675,0.42898,8.3511
1790732075.3761,19.4675,0.42898,8.3511
1790732075.4304,19.4675,0.42898,8.3511
1790732075.4808,19.4675,0.43097,8.3900
1790732075.5323,19.4675,0.43097,8.3900
1790732075.5873,19.4662,0.43493,8.4664
1790732075.6404,19.4662,0.43493,8.4664
1790732075.6954,19.4662,0.43493,8.4664
1790732075.7472,19.4675,0.43093,8.3890
1790732075.8022,19.4675,0.43093,8.3890
1790732075.8573,19.4675,0.43093,8.3890
1790732075.9115,19.4675,0.43005,8.3720
1790732075.9638,19.4675,0.43005,8.3720
1790732076.0180,19.4675,0.43130,8.3963
1790732076.0730,19.4675,0.43130,8.3963
1790732076.1263,19.4675,0.43130,8.3963
1790732076.1781,19.4662,0.43283,8.4255
1790732076.2324,19.4662,0.43283,8.4255
1790732076.2828,19.4662,0.43283,8.4255
1790732076.3378,19.4662,0.43395,8.4474
1790732076.3884,19.4662,0.43395,8.4474
1790732076.4390,19.4650,0.43435,8.4546
1790732076.4927,19.4650,0.43435,8.4546
1790732076.5455,19.4650,0.43435,8.4546
1790732076.5970,19.4675,0.43120,8.3944
1790732076.6520,19.4675,0.43120,8.3944
1790732076.7028,19.4675,0.43120,8.3944
1790732076.7569,19.4700,0.41887,8.1555
1790732076.8118,19.4700,0.41887,8.1555
1790732076.8629,19.4700,0.42310,8.2378
1790732076.9162,19.4700,0.42310,8.2378
1790732076.9673,19.4700,0.42310,8.2378
1790732077.0184,19.4713,0.41773,8.1336
1790732077.0716,19.4713,0.41773,8.1336
1790732077.1239,19.4713,0.41773,8.1336
1790732077.1783,19.4688,0.42740,8.3209
1790732077.2333,19.4688,0.42740,8.3209
1790732077.2850,19.4688,0.42740,8.3209
1790732077.3373,19.4713,0.42268,8.2300
1790732077.3906,19.4713,0.42268,8.2300
1790732077.4456,19.4737,0.41265,8.0358
1790732077.4973,19.4737,0.41265,8.0358
1790732077.5516,19.4737,0.41265,8.0358
1790732077.6030,19.4700,0.42275,8.2309
1790732077.6573,19.4700,0.42275,8.2309
1790732077.7097,19.4700,0.42275,8.2309
1790732077.7630,19.4700,0.42175,8.2115
1790732077.8173,19.4700,0.42175,8.2115
1790732077.8696,19.4688,0.42475,8.2694
1790732077.9233,19.4688,0.42475,8.2694
1790732077.9763,19.4688,0.42475,8.2694
1790732078.0270,19.4688,0.42575,8.2888
1790732078.0789,19.4688,0.42575,8.2888
1790732078.1302,19.4688,0.42575,8.2888
1790732078.1844,19.4725,0.41750,8.1298
1790732078.2363,19.4725,0.41750,8.1298
1790732078.2897,19.4725,0.41898,8.1585
1790732078.3447,19.4725,0.41898,8.1585
1790732078.3997,19.4725,0.41898,8.1585
1790732078.4526,19.4700,0.42315,8.2387
1790732078.5048,19.4700,0.42315,8.2387
1790732078.5564,19.4700,0.42315,8.2387
1790732078.6069,19.4700,0.42555,8.2855
1790732078.6605,19.4700,0.42555,8.2855
1790732078.7127,19.4700,0.42555,8.2855
1790732078.7632,19.4675,0.42975,8.3662
1790732078.8174,19.4675,0.42975,8.3662
1790732078.8725,19.4775,0.40418,7.8723
1790732078.9270,19.4775,0.40418,7.8723
1790732078.9820,19.4775,0.40418,7.8723
1790732079.0364,19.4775,0.40097,7.8100
1790732079.0912,19.4775,0.40097,7.8100
1790732079.1462,19.4800,0.39838,7.7603
1790732079.2005,19.4800,0.39838,7.7603
1790732079.2556,19.4800,0.39838,7.7603
1790732079.3106,19.4763,0.40265,7.8421
1790732079.3642,19.4763,0.40265,7.8421
1790732079.4175,19.4763,0.40265,7.8421
1790732079.4706,19.4775,0.40123,7.8149
1790732079.5224,19.4775,0.40123,7.8149
1790732079.5727,19.4775,0.40123,7.8149
1790732079.6241,19.4775,0.40215,7.8329
1790732079.6783,19.4775,0.40215,7.8329
1790732079.7295,19.4763,0.40503,7.8884
1790732079.7845,19.4763,0.40503,7.8884
1790732079.8390,19.4763,0.40503,7.8884
1790732079.8899,19.4763,0.40730,7.9327
1790732079.9450,19.4763,0.40730,7.9327
1790732079.9952,19.4763,0.40730,7.9327
1790732080.0486,19.4737,0.41123,8.0081
1790732080.0990,19.4737,0.41123,8.0081
1790732080.1515,19.4700,0.42515,8.2777
1790732080.2041,19.4700,0.42515,8.2777
1790732080.2576,19.4700,0.42515,8.2777
1790732080.3110,19.4700,0.42295,8.2348
1790732080.3642,19.4700,0.42295,8.2348
1790732080.4186,19.4700,0.42295,8.2348
1790732080.4710,19.4700,0.42190,8.2144
1790732080.5241,19.4700,0.42190,8.2144
1790732080.5776,19.4700,0.42602,8.2947
1790732080.6302,19.4700,0.42602,8.2947
1790732080.6820,19.4700,0.42602,8.2947
1790732080.7371,19.4688,0.42817,8.3360
1790732080.7910,19.4688,0.42817,8.3360
1790732080.8445,19.4688,0.42817,8.3360
1790732080.8975,19.4700,0.42253,8.2266
1790732080.9510,19.4700,0.42253,8.2266
1790732081.0043,19.4713,0.42255,8.2276
1790732081.0553,19.4713,0.42255,8.2276
1790732081.1066,19.4713,0.42255,8.2276
1790732081.1616,19.4713,0.41923,8.1628
1790732081.2153,19.4713,0.41923,8.1628
1790732081.2675,19.4713,0.41923,8.1628
1790732081.3217,19.4688,0.42173,8.2105
1790732081.3732,19.4688,0.42173,8.2105
1790732081.4282,19.4725,0.42173,8.2120
1790732081.4825,19.4725,0.41668,8.1137
1790732081.5333,19.4725,0.41668,8.1137
1790732081.5881,19.4713,0.41652,8.1103
1790732081.6431,19.4713,0.41652,8.1103
1790732081.6953,19.4713,0.41652,8.1103
1790732081.7484,19.4737,0.40790,7.9433
1790732081.8015,19.4737,0.40790,7.9433
1790732081.8565,19.4775,0.40790,7.9449
1790732081.9111,19.4775,0.40627,7.9132
1790732081.9645,19.4775,0.40627,7.9132
1790732082.0183,19.4725,0.41250,8.0324
1790732082.0733,19.4725,0.41250,8.0324
1790732082.1245,19.4725,0.41250,8.0324
1790732082.1764,19.4763,0.40930,7.9716
1790732082.2311,19.4763,0.40930,7.9716
1790732082.2845,19.4763,0.40930,7.9716
1790732082.3378,19.4725,0.41437,8.0689
1790732082.3892,19.4725,0.41437,8.0689
1790732082.4438,19.4713,0.41668,8.1132
1790732082.4951,19.4713,0.41668,8.1132
1790732082.5458,19.4713,0.41668,8.1132
1790732082.5989,19.4713,0.42102,8.1979
1790732082.6519,19.4713,0.42102,8.1979
1790732082.7033,19.4713,0.42102,8.1979
1790732082.7584,19.4700,0.42433,8.2616
1790732082.8100,19.4700,0.42433,8.2616
1790732082.8649,19.4700,0.42212,8.2188
1790732082.9149,19.4700,0.42212,8.2188
1790732082.9681,19.4700,0.42212,8.2188
1790732083.0231,19.4737,0.41325,8.0475
1790732083.0781,19.4737,0.41325,8.0475
1790732083.1322,19.4737,0.41325,8.0475
1790732083.1873,19.4713,0.41937,8.1658
1790732083.2406,19.4713,0.41937,8.1658
1790732083.2939,19.4488,0.48150,9.3646
1790732083.3471,19.4488,0.48150,9.3646
1790732083.4021,19.4488,0.48150,9.3646
1790732083.4539,19.4563,0.46770,9.0997
1790732083.5071,19.4563,0.46770,9.0997
1790732083.5597,19.4563,0.46770,9.0997
1790732083.6124,19.4612,0.45595,8.8734
1790732083.6673,19.4612,0.45595,8.8734
1790732083.7207,19.4625,0.44523,8.6652
1790732083.7708,19.4625,0.44523,8.6652
1790732083.8258,19.4625,0.44523,8.6652
1790732083.8780,19.4600,0.45278,8.8110
1790732083.9325,19.4600,0.45278,8.8110
1790732083.9831,19.4600,0.45278,8.8110
1790732084.0351,19.4612,0.44048,8.5722
1790732084.0899,19.4612,0.44048,8.5722
1790732084.1401,19.4612,0.44048,8.5722
1790732084.1951,19.4600,0.45017,8.7604
1790732084.2499,19.4600,0.45017,8.7604
1790732084.3034,19.4688,0.42792,8.3312
1790732084.3584,19.4688,0.42792,8.3312
1790732084.4114,19.4688,0.42792,8.3312
1790732084.4664,19.4688,0.42633,8.3000
1790732084.5168,19.4688,0.42633,8.3000
1790732084.5706,19.4625,0.42633,8.2974
1790732084.6216,19.4625,0.44558,8.6720
1790732084.6759,19.4625,0.44558,8.6720
1790732084.7309,19.4662,0.43317,8.4323
1790732084.7836,19.4662,0.43317,8.4323
1790732084.8376,19.4662,0.43317,8.4323
1790732084.8894,19.4662,0.43602,8.4878
1790732084.9444,19.4662,0.43602,8.4878
1790732084.9963,19.4662,0.43602,8.4878
1790732085.0498,19.4650,0.43275,8.4235
1790732085.1048,19.4650,0.43275,8.4235
1790732085.1580,19.4688,0.42957,8.3633
1790732085.2116,19.4688,0.42957,8.3633
1790732085.2664,19.4688,0.42957,8.3633
1790732085.3173,19.4688,0.42795,8.3317
1790732085.3723,19.4688,0.42795,8.3317
1790732085.4274,19.4713,0.42795,8.3327
1790732085.4793,19.4713,0.41928,8.1638
1790732085.5343,19.4713,0.41928,8.1638
1790732085.5850,19.4700,0.42137,8.2042
1790732085.6373,19.4700,0.42137,8.2042
1790732085.6923,19.4700,0.42137,8.2042
1790732085.7467,19.4725,0.41920,8.1629
1790732085.8005,19.4725,0.41920,8.1629
1790732085.8538,19.4713,0.41920,8.1623
1790732085.9074,19.4713,0.41780,8.1351
1790732085.9574,19.4713,0.41780,8.1351
1790732086.0075,19.4725,0.41942,8.1673
1790732086.0583,19.4725,0.41942,8.1673
1790732086.1085,19.4725,0.41942,8.1673
1790732086.1635,19.4725,0.41713,8.1225
1790732086.2171,19.4725,0.41713,8.1225
1790732086.2721,19.4725,0.41713,8.1225
1790732086.3260,19.4725,0.41768,8.1332
1790732086.3785,19.4725,0.41768,8.1332
1790732086.4335,19.4725,0.41902,8.1595
1790732086.4882,19.4725,0.41902,8.1595
1790732086.5418,19.4725,0.41902,8.1595
1790732086.5968,19.4713,0.41788,8.1365
1790732086.6481,19.4713,0.41788,8.1365
1790732086.7032,19.4713,0.41788,8.1365
1790732086.7546,19.4675,0.43028,8.3764
1790732086.8060,19.4675,0.43028,8.3764
1790732086.8610,19.4725,0.41730,8.1259
1790732086.9144,19.4725,0.41730,8.1259
1790732086.9658,19.4725,0.41730,8.1259
1790732087.0208,19.4713,0.41808,8.1404
1790732087.0726,19.4713,0.41808,8.1404
1790732087.1276,19.4713,0.41808,8.1404
1790732087.1827,19.4713,0.41925,8.1633
1790732087.2344,19.4713,0.41925,8.1633
1790732087.2850,19.4713,0.42042,8.1862
1790732087.3364,19.4713,0.42042,8.1862
1790732087.3914,19.4713,0.42042,8.1862
1790732087.4453,19.4725,0.41942,8.1673
1790732087.4982,19.4725,0.41942,8.1673
1790732087.5532,19.4725,0.41942,8.1673
1790732087.6082,19.4713,0.42025,8.1828
1790732087.6586,19.4713,0.42025,8.1828
1790732087.7136,19.4713,0.42290,8.2344
1790732087.7676,19.4713,0.42290,8.2344
1790732087.8203,19.4713,0.42290,8.2344
1790732087.8727,19.4713,0.42008,8.1794
1790732087.9262,19.4713,0.42008,8.1794
1790732087.9812,19.4713,0.42008,8.1794
1790732088.0345,19.4725,0.41765,8.1327
1790732088.0895,19.4725,0.41765,8.1327
1790732088.1446,19.4713,0.42330,8.2422
1790732088.1951,19.4713,0.42330,8.2422
1790732088.2456,19.4713,0.42330,8.2422
1790732088.2984,19.4688,0.42698,8.3127
1790732088.3521,19.4688,0.42698,8.3127
1790732088.4058,19.4688,0.42698,8.3127
1790732088.4608,19.4350,0.51295,9.9692
1790732088.5151,19.4350,0.51295,9.9692
1790732088.5701,19.4400,0.51067,9.9275
1790732088.6251,19.4400,0.51067,9.9275
1790732088.6801,19.4400,0.51067,9.9275
1790732088.7351,19.4337,0.51813,10.0691
1790732088.7861,19.4337,0.51813,10.0691
1790732088.8374,19.4337,0.51813,10.0691
1790732088.8877,19.4325,0.52977,10.2949
1790732088.9422,19.4325,0.52977,10.2949
1790732088.9958,19.4325,0.52977,10.2949
1790732089.0488,19.4387,0.49920,9.7038
1790732089.1038,19.4387,0.49920,9.7038
1790732089.1562,19.4275,0.53842,10.4603
1790732089.2065,19.4275,0.53842,10.4603
1790732089.2615,19.4275,0.53842,10.4603
1790732089.3139,19.4262,0.54568,10.6004
1790732089.3690,19.4262,0.54568,10.6004
1790732089.4209,19.4262,0.54568,10.6004
1790732089.4762,19.4250,0.54968,10.6774
1790732089.5268,19.4250,0.54968,10.6774
1790732089.5776,19.4138,0.57353,11.1343
1790732089.6314,19.4138,0.57353,11.1343
1790732089.6850,19.4138,0.57353,11.1343
1790732089.7376,19.4163,0.57103,11.0872
1790732089.7884,19.4163,0.57103,11.0872
1790732089.8385,19.4163,0.57103,11.0872
1790732089.8935,19.4100,0.58355,11.3267
1790732089.9442,19.4100,0.58355,11.3267
1790732089.9988,19.4037,0.60147,11.6709
1790732090.0537,19.4037,0.60147,11.6709
1790732090.1087,19.4037,0.60147,11.6709
1790732090.1637,19.4050,0.59832,11.6105
1790732090.2187,19.4050,0.59832,11.6105
1790732090.2730,19.4050,0.59832,11.6105
1790732090.3264,19.4037,0.60420,11.7237
1790732090.3781,19.4037,0.60420,11.7237
1790732090.4291,19.4050,0.59705,11.5858
1790732090.4831,19.4050,0.59705,11.5858
1790732090.5382,19.4050,0.59705,11.5858
1790732090.5932,19.4050,0.60147,11.6716
1790732090.6482,19.4050,0.60147,11.6716
1790732090.7023,19.4050,0.60147,11.6716
1790732090.7539,19.4025,0.60762,11.7894
1790732090.8044,19.4025,0.60762,11.7894
1790732090.8567,19.4050,0.59820,11.6081
1790732090.9068,19.4050,0.59820,11.6081
1790732090.9575,19.4050,0.59820,11.6081
1790732091.0126,19.4050,0.59990,11.6411
1790732091.0676,19.4050,0.59990,11.6411
1790732091.1210,19.4050,0.59990,11.6411
1790732091.1760,19.4062,0.59573,11.5608
1790732091.2284,19.4062,0.59573,11.5608
1790732091.2834,19.4050,0.59993,11.6415
1790732091.3342,19.4050,0.59993,11.6415
1790732091.3892,19.4050,0.59993,11.6415
1790732091.4442,19.4037,0.59798,11.6030
1790732091.4957,19.4037,0.59798,11.6030
1790732091.5470,19.4037,0.59798,11.6030
1790732091.5984,19.4050,0.59908,11.6251
1790732091.6521,19.4050,0.59908,11.6251
1790732091.7060,19.4050,0.59908,11.6251
1790732091.7602,19.4050,0.60130,11.6682
1790732091.8142,19.4050,0.60130,11.6682
1790732091.8692,19.4050,0.59723,11.5892
1790732091.9208,19.4050,0.59723,11.5892
1790732091.9726,19.4050,0.59723,11.5892
1790732092.0247,19.4062,0.59583,11.5627
1790732092.0797,19.4062,0.59583,11.5627
1790732092.1347,19.4062,0.59583,11.5627
1790732092.1884,19.4062,0.60175,11.6777
1790732092.2434,19.4062,0.60175,11.6777
1790732092.2949,19.4062,0.59695,11.5846
1790732092.3499,19.4062,0.59695,11.5846
1790732092.4049,19.4062,0.59695,11.5846
1790732092.4582,19.4050,0.59858,11.6153
1790732092.5100,19.4050,0.59858,11.6153
1790732092.5615,19.4050,0.59858,11.6153
1790732092.6165,19.4050,0.59968,11.6367
1790732092.6672,19.4050,0.59968,11.6367
1790732092.7221,19.4025,0.60473,11.7332
1790732092.7752,19.4025,0.60473,11.7332
1790732092.8296,19.4025,0.60473,11.7332
1790732092.8811,19.4050,0.60223,11.6862
1790732092.9358,19.4050,0.60223,11.6862
1790732092.9889,19.4050,0.60223,11.6862
1790732093.0439,19.4062,0.59647,11.5753
1790732093.0985,19.4062,0.59647,11.5753
1790732093.1535,19.4062,0.59845,11.6137
1790732093.2049,19.4062,0.59845,11.6137
1790732093.2599,19.4062,0.59845,11.6137
1790732093.3140,19.4025,0.60320,11.7036
1790732093.3649,19.4025,0.60320,11.7036
1790732093.4198,19.4025,0.60320,11.7036
1790732093.4716,19.4075,0.59703,11.5868
1790732093.5266,19.4075,0.59703,11.5868
1790732093.5816,19.4050,0.59878,11.6192
1790732093.6366,19.4050,0.59878,11.6192
1790732093.6893,19.4050,0.59878,11.6192
1790732093.7404,19.4062,0.59578,11.5618
1790732093.7938,19.4062,0.59578,11.5618
1790732093.8462,19.4062,0.59578,11.5618
1790732093.8999,19.4062,0.59778,11.6006
1790732093.9524,19.4062,0.59778,11.6006
1790732094.0040,19.4062,0.59613,11.5686
1790732094.0590,19.4062,0.59613,11.5686
1790732094.1141,19.4062,0.59613,11.5686
1790732094.1691,19.4062,0.59810,11.6069
1790732094.2194,19.4062,0.59810,11.6069
1790732094.2745,19.4062,0.59810,11.6069
1790732094.3245,19.4062,0.59803,11.6054
1790732094.3763,19.4062,0.59803,11.6054
1790732094.4298,19.4075,0.59818,11.6091
1790732094.4813,19.4075,0.59818,11.6091
1790732094.5363,19.4075,0.59818,11.6091
1790732094.5890,19.4050,0.60120,11.6663
1790732094.6441,19.4050,0.60120,11.6663
1790732094.6972,19.4050,0.60120,11.6663
1790732094.7481,19.4475,0.48643,9.4598
1790732094.7984,19.4475,0.48643,9.4598
1790732094.8509,19.4600,0.48643,9.4658
1790732094.9016,19.4600,0.45098,8.7760
1790732094.9552,19.4600,0.45098,8.7760
1790732095.0100,19.4662,0.43785,8.5233
1790732095.0626,19.4662,0.43785,8.5233
1790732095.1136,19.4662,0.43785,8.5233
1790732095.1656,19.4675,0.42783,8.3287
1790732095.2189,19.4675,0.42783,8.3287
1790732095.2724,19.4675,0.42783,8.3287
1790732095.3237,19.4675,0.43258,8.4212
1790732095.3787,19.4675,0.43258,8.4212
